id,texte,categorie_finale,date,duree_jours,montant,localisation,tracking_id,langue,montant_detecte_texte,texte_transformer,texte_classic,strate
1002,"Coucou, Surcharges non expliquées de 1194.42 eur sur ma facture. Ref COL-2026-18653. Merci !",FACTURATION_PAIEMENT,,,1194.42 eur,,COL-2026-18653,fr,True,"Coucou, Surcharges non expliquées de 1194.42 eur sur ma facture. Ref COL-2026-18653. Merci !",coucou surcharges non expliquées de 1194 42 eur sur ma facture ref col 2026 18653 merci,FACTURATION_PAIEMENT__fr
111,"Bonsoir, Aucun professionnalisme à Sfax. Personne ne rappelle. Sincères salutations.",QUALITE_SERVICE,,,,Sfax,,fr,False,"Bonsoir, Aucun professionnalisme à Sfax. Personne ne rappelle. Sincères salutations.",bonsoir aucun professionnalisme à sfax personne ne rappelle sincères salutations,QUALITE_SERVICE__fr
671,"Salut, Colis expédié vers Tunis par erreur. Ma vraie adresse est à Ben Arous (colis LP-2024-33281). À corriger. Merci beaucoup.",ERREUR_DESTINATION,,,,Tunis,LP-2024-33281,fr,False,"Salut, Colis expédié vers Tunis par erreur. Ma vraie adresse est à Ben Arous (colis LP-2024-33281). À corriger. Merci beaucoup.",salut colis expédié vers tunis par erreur ma vraie adresse est à ben arous colis lp 2024 33281 à corriger merci beaucoup,ERREUR_DESTINATION__fr
1622,"Bonsoir, Adresse de livraison ignorée. Envoi effectué vers Sousse au lieu de Ariana. Sincères salutations.",ERREUR_DESTINATION,,,,Sousse,,fr,False,"Bonsoir, Adresse de livraison ignorée. Envoi effectué vers Sousse au lieu de Ariana. Sincères salutations.",bonsoir adresse de livraison ignorée envoi effectué vers sousse au lieu de ariana sincères salutations,ERREUR_DESTINATION__fr
632,"Hello, Reception d'un colis défectueux. CMR-2025-33373. L'article est brisé, inutilisable en l'état. Merci d'avance.",PRODUIT_ENDOMMAGE,,,,,CMR-2025-33373,fr,False,"Hello, Reception d'un colis défectueux. CMR-2025-33373. L'article est brisé, inutilisable en l'état. Merci d'avance.",hello reception d un colis défectueux cmr 2025 33373 l article est brisé inutilisable en l état merci d avance,PRODUIT_ENDOMMAGE__fr
77,Le colis référence inconnue est en retard. Merci beaucoup.,RETARD_LIVRAISON,,,,,,fr,False,Le colis référence inconnue est en retard. Merci beaucoup.,le colis référence inconnue est en retard merci beaucoup,RETARD_LIVRAISON__fr
196,"Salut, Bonjour, comment vous joindre par téléphone ?. Merci d'avance.",AUTRE,,,,,,fr,False,"Salut, Bonjour, comment vous joindre par téléphone ?. Merci d'avance.",salut bonjour comment vous joindre par téléphone merci d avance,AUTRE__fr
2469,"Le prix affiché était différent : 514,77 dt au lieu du montant annoncé. Commande TRK-2023-15766. À bientôt.",FACTURATION_PAIEMENT,,,"514,77 dt",,TRK-2023-15766,fr,False,"Le prix affiché était différent : 514,77 dt au lieu du montant annoncé. Commande __TRACKING__-15766. À bientôt.",le prix affiché était différent 514 77 dt au lieu du montant annoncé commande __tracking__ 15766 à bientôt,FACTURATION_PAIEMENT__fr
385,"Cher Service Client, Question : est-ce que vous livrez le dimanche ? Merci de votre retour.",AUTRE,,,,,,fr,False,"Cher Service Client, Question : est-ce que vous livrez le dimanche ? Merci de votre retour.",cher service client question est ce que vous livrez le dimanche merci de votre retour,AUTRE__fr
362,"Salut, Simple question : puis-je changer l'adresse de livraison pour Alger ? À bientôt.",AUTRE,,,,Alger,,fr,False,"Salut, Simple question : puis-je changer l'adresse de livraison pour Alger ? À bientôt.",salut simple question puis je changer l adresse de livraison pour alger à bientôt,AUTRE__fr
2099,"Bonjour, Retour + remboursement svp. Ref PKG-2025-93774. Le produit ne me convient pas. À bientôt.",RETOUR_REMBOURSEMENT,,,,,PKG-2025-93774,fr,False,"Bonjour, Retour + remboursement svp. Ref PKG-2025-93774. Le produit ne me convient pas. À bientôt.",bonjour retour remboursement svp ref pkg 2025 93774 le produit ne me convient pas à bientôt,RETOUR_REMBOURSEMENT__fr
571,"Bonsoir, Facture incorrecte : on m'a facturé 1095DT pour la livraison BL-2026-61211 à Médenine, ce n'est pas le tarif convenu. Merci de votre retour.",FACTURATION_PAIEMENT,,,1095DT,Médenine,BL-2026-61211,fr,False,"Bonsoir, Facture incorrecte : on m'a facturé 1095DT pour la livraison BL-2026-61211 à Médenine, ce n'est pas le tarif convenu. Merci de votre retour.",bonsoir facture incorrecte on m a facturé 1095dt pour la livraison bl 2026 61211 à médenine ce n est pas le tarif convenu merci de votre retour,FACTURATION_PAIEMENT__fr
1007,"Bonjour, Aucun professionnalisme. Personne ne rappelle depuis 4 jours. Colis CMR-2025-72858. Sincères salutations.",QUALITE_SERVICE,,4.0,,,CMR-2025-72858,fr,False,"Bonjour, Aucun professionnalisme. Personne ne rappelle depuis 4 jours. Colis CMR-2025-72858. Sincères salutations.",bonjour aucun professionnalisme personne ne rappelle depuis 4 jours colis cmr 2025 72858 sincères salutations,QUALITE_SERVICE__fr
1368,"Cher Service Client, La boîte du colis COL-2024-19508 est arrivée écrasée et l'écran est fissuré. Bien à vous.",PRODUIT_ENDOMMAGE,,,,,COL-2024-19508,fr,False,"Cher Service Client, La boîte du colis COL-2024-19508 est arrivée écrasée et l'écran est fissuré. Bien à vous.",cher service client la boîte du colis col 2024 19508 est arrivée écrasée et l écran est fissuré bien à vous,PRODUIT_ENDOMMAGE__fr
2307,"Bonsoir, Retard important sur ma commande. Numéro de suivi : EXP-2025-84400. Destination : Hammamet. Prévu le 2024-10-22. 6 mois de retard. Merci d'avance.",RETARD_LIVRAISON,22/10/2024,180.0,,Hammamet,EXP-2025-84400,fr,False,"Bonsoir, Retard important sur ma commande. Numéro de suivi : EXP-2025-84400. Destination : Hammamet. Prévu le 2024-10-22. 6 mois de retard. Merci d'avance.",bonsoir retard important sur ma commande numéro de suivi exp 2025 84400 destination hammamet prévu le 2024 10 22 6 mois de retard merci d avance,RETARD_LIVRAISON__fr
1190,"Bonjour, La boîte est arrivée écrasée et le produit est cassé. Bien à vous.",PRODUIT_ENDOMMAGE,,,,,,fr,False,"Bonjour, La boîte est arrivée écrasée et le produit est cassé. Bien à vous.",bonjour la boîte est arrivée écrasée et le produit est cassé bien à vous,PRODUIT_ENDOMMAGE__fr
44,"Hello, Marchandise arrivée déchirée. Colis TR-2024-51049. Livrée à Gabès. Plusieurs articles sont rayés et inutilisables. Merci beaucoup.",PRODUIT_ENDOMMAGE,,,,Gabès,TR-2024-51049,fr,False,"Hello, Marchandise arrivée déchirée. Colis TR-2024-51049. Livrée à Gabès. Plusieurs articles sont rayés et inutilisables. Merci beaucoup.",hello marchandise arrivée déchirée colis tr 2024 51049 livrée à gabès plusieurs articles sont rayés et inutilisables merci beaucoup,PRODUIT_ENDOMMAGE__fr
994,"Coucou, Toujours pas livré, colis BL-2025-82641, 52 jours de retard. C'est long.",RETARD_LIVRAISON,,52.0,,,BL-2025-82641,fr,False,"Coucou, Toujours pas livré, colis BL-2025-82641, 52 jours de retard. C'est long.",coucou toujours pas livré colis bl 2025 82641 52 jours de retard c est long,RETARD_LIVRAISON__fr
1682,"Hello, Ma commande a totalement disparu. Numéro : CMR-2024-29106. Livraison Alger. Enquête urgente demandée.",PERTE_VOL,,,,Alger,CMR-2024-29106,fr,False,"Hello, Ma commande a totalement disparu. Numéro : CMR-2024-29106. Livraison Alger. Enquête urgente demandée.",hello ma commande a totalement disparu numéro cmr 2024 29106 livraison alger enquête urgente demandée,PERTE_VOL__fr
928,"Cher Service Client, Le colis BL-2023-86820 est bloqué à Manouba. Il devait aller à Ezzahra. 6 semaines de perdu. Dans l'attente de votre réponse.",ERREUR_DESTINATION,,42.0,,Manouba,BL-2023-86820,fr,False,"Cher Service Client, Le colis BL-2023-86820 est bloqué à Manouba. Il devait aller à Ezzahra. 6 semaines de perdu. Dans l'attente de votre réponse.",cher service client le colis bl 2023 86820 est bloqué à manouba il devait aller à ezzahra 6 semaines de perdu dans l attente de votre réponse,ERREUR_DESTINATION__fr
713,"Hello, Ma commande BL-2024-33877 devait arriver le 2024-01-15, toujours rien reçu. Merci d'avance.",RETARD_LIVRAISON,15/01/2024,,,,BL-2024-33877,fr,False,"Hello, Ma commande BL-2024-33877 devait arriver le 2024-01-15, toujours rien reçu. Merci d'avance.",hello ma commande bl 2024 33877 devait arriver le 2024 01 15 toujours rien reçu merci d avance,RETARD_LIVRAISON__fr
1982,"Bonsoir, On m'a livré à la mauvaise ville. Numéro PKG-2026-93610. Destination erronée : Sfax. Correcte : Béja. Reçu le 31/10. Sincères salutations.",ERREUR_DESTINATION,31-oct.,,,Sfax,PKG-2026-93610,fr,False,"Bonsoir, On m'a livré à la mauvaise ville. Numéro PKG-2026-93610. Destination erronée : Sfax. Correcte : Béja. Reçu le 31/10. Sincères salutations.",bonsoir on m a livré à la mauvaise ville numéro pkg 2026 93610 destination erronée sfax correcte béja reçu le 31 10 sincères salutations,ERREUR_DESTINATION__fr
415,"Bonjour, Adresse de livraison ignorée. Envoi effectué vers Ariana au lieu de El Menzah. Ref : PKG-2026-19012. Je veux parler à un responsable, IMMÉDIATEMENT!!",ERREUR_DESTINATION,,,,Ariana,PKG-2026-19012,fr,False,"Bonjour, Adresse de livraison ignorée. Envoi effectué vers Ariana au lieu de El Menzah. Ref : PKG-2026-19012. Je veux parler à un responsable, IMMÉDIATEMENT!!",bonjour adresse de livraison ignorée envoi effectué vers ariana au lieu de el menzah ref pkg 2026 19012 je veux parler à un responsable immédiatement,ERREUR_DESTINATION__fr
452,"Franchement, Question facturation. On me demande 1409 DT, alors que rien n'a été livré. Explication ? Réagissez !",FACTURATION_PAIEMENT,,,1409 DT,,,fr,False,"Franchement, Question facturation. On me demande 1409 DT, alors que rien n'a été livré. Explication ? Réagissez !",franchement question facturation on me demande 1409 dt alors que rien n a été livré explication réagissez,FACTURATION_PAIEMENT__fr
1880,"Toujours pas livré à Hammamet, colis PKG-2023-36380, 2 ans de retard. C'est long. Je saisirai un avocat si rien ne bouge.",RETARD_LIVRAISON,,730.0,,Hammamet,PKG-2023-36380,fr,False,"Toujours pas livré à Hammamet, colis PKG-2023-36380, 2 ans de retard. C'est long. Je saisirai un avocat si rien ne bouge.",toujours pas livré à hammamet colis pkg 2023 36380 2 ans de retard c est long je saisirai un avocat si rien ne bouge,RETARD_LIVRAISON__fr
2178,"Bonjour, Comment obtenir une attestation de livraison ? C'est inacceptable !",AUTRE,,,,,,fr,False,"Bonjour, Comment obtenir une attestation de livraison ? C'est inacceptable !",bonjour comment obtenir une attestation de livraison c est inacceptable,AUTRE__fr
636,"Franchement, Le colis référence inconnue est en retard de 24h. Livraison prévue à Madrid. Je ne veux plus jamais utiliser vos services!!!",RETARD_LIVRAISON,,1.0,,Madrid,,fr,False,"Franchement, Le colis référence inconnue est en retard de 24h. Livraison prévue à Madrid. Je ne veux plus jamais utiliser vos services!!!",franchement le colis référence inconnue est en retard de 24h livraison prévue à madrid je ne veux plus jamais utiliser vos services,RETARD_LIVRAISON__fr
616,"Bonsoir, Mon colis TRK-2026-74117 a été livré à Le Bardo alors que j'habite à Nabeul. Dans l'attente de votre réponse.",ERREUR_DESTINATION,,,,Le Bardo,TRK-2026-74117,fr,False,"Bonsoir, Mon colis __TRACKING__-74117 a été livré à Le Bardo alors que j'habite à Nabeul. Dans l'attente de votre réponse.",bonsoir mon colis __tracking__ 74117 a été livré à le bardo alors que j habite à nabeul dans l attente de votre réponse,ERREUR_DESTINATION__fr
1649,"Bonjour Madame, Monsieur, Produit reçu abîmé. Emballage détruit. J attends un geste. Dans l'attente de votre réponse.",PRODUIT_ENDOMMAGE,,,,,,fr,False,"Bonjour Madame, Monsieur, Produit reçu abîmé. Emballage détruit. J attends un geste. Dans l'attente de votre réponse.",bonjour madame monsieur produit reçu abîmé emballage détruit j attends un geste dans l attente de votre réponse,PRODUIT_ENDOMMAGE__fr
2120,C'est inadmissible ! La boîte est arrivée écrasée à Kasserine et le produit est cassé. Je vais résilier si ça continue.,PRODUIT_ENDOMMAGE,,,,Kasserine,,fr,False,C'est inadmissible ! La boîte est arrivée écrasée à Kasserine et le produit est cassé. Je vais résilier si ça continue.,c est inadmissible la boîte est arrivée écrasée à kasserine et le produit est cassé je vais résilier si ça continue,PRODUIT_ENDOMMAGE__fr
2272,"Écoutez, Bonjour, demande de devis pour un envoi de 17 tonnes vers Gabès. Je ne veux plus jamais utiliser vos services.",AUTRE,,,,Gabès,,fr,False,"Écoutez, Bonjour, demande de devis pour un envoi de 17 tonnes vers Gabès. Je ne veux plus jamais utiliser vos services.",écoutez bonjour demande de devis pour un envoi de 17 tonnes vers gabès je ne veux plus jamais utiliser vos services,AUTRE__fr
1681,"Ça suffit maintenant, Colis PKG-2024-13994 égaré dans le circuit. Départ Zaghouan. Valeur : 12.75TND. Je ne veux plus jamais utiliser vos services.",PERTE_VOL,,,12.75TND,Zaghouan,PKG-2024-13994,fr,False,"Ça suffit maintenant, Colis PKG-2024-13994 égaré dans le circuit. Départ Zaghouan. Valeur : 12.75TND. Je ne veux plus jamais utiliser vos services.",ça suffit maintenant colis pkg 2024 13994 égaré dans le circuit départ zaghouan valeur 12 75tnd je ne veux plus jamais utiliser vos services,PERTE_VOL__fr
1342,"Erreur d'adresse : le colis LP-2025-20653 est parti sur Manouba, moi je suis à La Marsa. Que faire ? À bientôt.",ERREUR_DESTINATION,,,,Manouba,LP-2025-20653,fr,False,"Erreur d'adresse : le colis LP-2025-20653 est parti sur Manouba, moi je suis à La Marsa. Que faire ? À bientôt.",erreur d adresse le colis lp 2025 20653 est parti sur manouba moi je suis à la marsa que faire à bientôt,ERREUR_DESTINATION__fr
388,Double prélèvement : 1762.60 TND le jour même. À corriger d'urgence.,FACTURATION_PAIEMENT,,,1762.60 TND,,,fr,False,Double prélèvement : 1762.60 TND le jour même. À corriger d'urgence.,double prélèvement 1762 60 tnd le jour même à corriger d urgence,FACTURATION_PAIEMENT__fr
1594,"Bonjour Madame, Monsieur, Le colis TRK-2024-46752 est marqué livré, mais je n'ai rien reçu. Je pense qu'il a été volé. Sincères salutations.",PERTE_VOL,,,,,TRK-2024-46752,fr,False,"Bonjour Madame, Monsieur, Le colis __TRACKING__-46752 est marqué livré, mais je n'ai rien reçu. Je pense qu'il a été volé. Sincères salutations.",bonjour madame monsieur le colis __tracking__ 46752 est marqué livré mais je n ai rien reçu je pense qu il a été volé sincères salutations,PERTE_VOL__fr
1854,Le livreur a été très impoli le 29 avril. Comportement inadmissible. Dernière chance avant plainte officielle.,QUALITE_SERVICE,29-avr.,,,,,fr,False,Le livreur a été très impoli le 29 avril. Comportement inadmissible. Dernière chance avant plainte officielle.,le livreur a été très impoli le 29 avril comportement inadmissible dernière chance avant plainte officielle,QUALITE_SERVICE__fr
1035,"Bonjour, Le prix affiché était différent : 658.02 dinars au lieu du montant annoncé. Commande PKG-2026-50844. Réagissez !!!",FACTURATION_PAIEMENT,,,658.02 dinars,,PKG-2026-50844,fr,False,"Bonjour, Le prix affiché était différent : 658.02 dinars au lieu du montant annoncé. Commande PKG-2026-50844. Réagissez !!!",bonjour le prix affiché était différent 658 02 dinars au lieu du montant annoncé commande pkg 2026 50844 réagissez,FACTURATION_PAIEMENT__fr
398,"Ça suffit maintenant, Colis TRK-2023-41114 endommagé à Marseille. Le carton était perforé, le contenu est HS. Je ne veux plus jamais utiliser vos services.",PRODUIT_ENDOMMAGE,,,,Marseille,TRK-2023-41114,fr,False,"Ça suffit maintenant, Colis __TRACKING__-41114 endommagé à Marseille. Le carton était perforé, le contenu est HS. Je ne veux plus jamais utiliser vos services.",ça suffit maintenant colis __tracking__ 41114 endommagé à marseille le carton était perforé le contenu est hs je ne veux plus jamais utiliser vos services,PRODUIT_ENDOMMAGE__fr
214,"Coucou, J'ai contacté votre support, personne ne répond. C'est très décevant. Merci d'avance.",QUALITE_SERVICE,,,,,,fr,False,"Coucou, J'ai contacté votre support, personne ne répond. C'est très décevant. Merci d'avance.",coucou j ai contacté votre support personne ne répond c est très décevant merci d avance,QUALITE_SERVICE__fr
1894,"Bonjour, Colis introuvable. Ref EXP-2023-15227. Dernier suivi le 04/03/2025. Disparu depuis 72h. Dans l'attente de votre réponse.",PERTE_VOL,04/03/2025,3.0,,,EXP-2023-15227,fr,False,"Bonjour, Colis introuvable. Ref EXP-2023-15227. Dernier suivi le 04/03/2025. Disparu depuis 72h. Dans l'attente de votre réponse.",bonjour colis introuvable ref exp 2023 15227 dernier suivi le 04 03 2025 disparu depuis 72h dans l attente de votre réponse,PERTE_VOL__fr
1913,"Madame, Monsieur, Toujours pas livré à Le Bardo, colis TRK-2026-38917, 2 mois de retard. C'est long. Dans l'attente de votre réponse.",RETARD_LIVRAISON,,60.0,,Le Bardo,TRK-2026-38917,fr,False,"Madame, Monsieur, Toujours pas livré à Le Bardo, colis __TRACKING__-38917, 2 mois de retard. C'est long. Dans l'attente de votre réponse.",madame monsieur toujours pas livré à le bardo colis __tracking__ 38917 2 mois de retard c est long dans l attente de votre réponse,RETARD_LIVRAISON__fr
2418,"Bonjour, Aucune nouvelle de ma livraison CMR-2025-13957. Attendue à Monastir le le 26 sep.. Cela fait plusieurs jours d'attente. Merci beaucoup.",RETARD_LIVRAISON,le 26 sep.,,,Monastir,CMR-2025-13957,fr,False,"Bonjour, Aucune nouvelle de ma livraison CMR-2025-13957. Attendue à Monastir le le 26 sep.. Cela fait plusieurs jours d'attente. Merci beaucoup.",bonjour aucune nouvelle de ma livraison cmr 2025 13957 attendue à monastir le le 26 sep cela fait plusieurs jours d attente merci beaucoup,RETARD_LIVRAISON__fr
1352,"Salut, Mon clavier d'une valeur de 1740,89 dinars est cassé à la réception. Colis ADR-2023-69540. Adresse : Gabès. Merci beaucoup.",PRODUIT_ENDOMMAGE,,,"1740,89 dinars",Gabès,ADR-2023-69540,fr,False,"Salut, Mon clavier d'une valeur de 1740,89 dinars est cassé à la réception. Colis ADR-2023-69540. Adresse : Gabès. Merci beaucoup.",salut mon clavier d une valeur de 1740 89 dinars est cassé à la réception colis adr 2023 69540 adresse gabès merci beaucoup,PRODUIT_ENDOMMAGE__fr
1236,"Bonjour, Toujours pas livré à Sousse, 29 jours de retard. C'est long.",RETARD_LIVRAISON,,29.0,,Sousse,,fr,False,"Bonjour, Toujours pas livré à Sousse, 29 jours de retard. C'est long.",bonjour toujours pas livré à sousse 29 jours de retard c est long,RETARD_LIVRAISON__fr
1804,"Bonjour Madame, Monsieur, Colis introuvable. Ref TR-2023-24531. Merci d'avance.",PERTE_VOL,,,,,TR-2023-24531,fr,False,"Bonjour Madame, Monsieur, Colis introuvable. Ref TR-2023-24531. Merci d'avance.",bonjour madame monsieur colis introuvable ref tr 2023 24531 merci d avance,PERTE_VOL__fr
383,"Bonjour Madame, Monsieur, Mon tablette d'une valeur de 1365dinars est cassé à la réception. Colis TR-2024-82938. Dans l'attente de votre réponse.",PRODUIT_ENDOMMAGE,,,1365dinars,,TR-2024-82938,fr,False,"Bonjour Madame, Monsieur, Mon tablette d'une valeur de 1365dinars est cassé à la réception. Colis TR-2024-82938. Dans l'attente de votre réponse.",bonjour madame monsieur mon tablette d une valeur de 1365dinars est cassé à la réception colis tr 2024 82938 dans l attente de votre réponse,PRODUIT_ENDOMMAGE__fr
1505,"Bonsoir, Service client injoignable. Ref COL-2024-51770. Aucune réponse. Sincères salutations.",QUALITE_SERVICE,,,,,COL-2024-51770,fr,False,"Bonsoir, Service client injoignable. Ref COL-2024-51770. Aucune réponse. Sincères salutations.",bonsoir service client injoignable ref col 2024 51770 aucune réponse sincères salutations,QUALITE_SERVICE__fr
2076,C'est inadmissible ! On m'a livré à la mauvaise ville. Numéro PKG-2025-55438. Destination erronée : Mahdia. Correcte : Manouba. J'exige une réponse immédiate.,ERREUR_DESTINATION,,,,Mahdia,PKG-2025-55438,fr,False,C'est inadmissible ! On m'a livré à la mauvaise ville. Numéro PKG-2025-55438. Destination erronée : Mahdia. Correcte : Manouba. J'exige une réponse immédiate.,c est inadmissible on m a livré à la mauvaise ville numéro pkg 2025 55438 destination erronée mahdia correcte manouba j exige une réponse immédiate,ERREUR_DESTINATION__fr
2423,"Bonsoir, Bonjour, comment procéder au retour de ma commande ? Je souhaite un remboursement intégral de 1696 TND. Cordialement.",RETOUR_REMBOURSEMENT,,,1696 TND,,,fr,False,"Bonsoir, Bonjour, comment procéder au retour de ma commande ? Je souhaite un remboursement intégral de 1696 TND. Cordialement.",bonsoir bonjour comment procéder au retour de ma commande je souhaite un remboursement intégral de 1696 tnd cordialement,RETOUR_REMBOURSEMENT__fr
149,"Bonsoir, Colis ADR-2025-60868 endommagé à Sfax. Le carton était perforé, le contenu est HS. Sincères salutations.",PRODUIT_ENDOMMAGE,,,,Sfax,ADR-2025-60868,fr,False,"Bonsoir, Colis ADR-2025-60868 endommagé à Sfax. Le carton était perforé, le contenu est HS. Sincères salutations.",bonsoir colis adr 2025 60868 endommagé à sfax le carton était perforé le contenu est hs sincères salutations,PRODUIT_ENDOMMAGE__fr
1498,"Bonjour, Colis expédié vers Sfax par erreur. Ma vraie adresse est à Bizerte. À corriger. Merci beaucoup.",ERREUR_DESTINATION,,,,Sfax,,fr,False,"Bonjour, Colis expédié vers Sfax par erreur. Ma vraie adresse est à Bizerte. À corriger. Merci beaucoup.",bonjour colis expédié vers sfax par erreur ma vraie adresse est à bizerte à corriger merci beaucoup,ERREUR_DESTINATION__fr
1250,C'est inadmissible ! Colis ADR-2026-77331 égaré dans le circuit. Valeur : 915EUR. Bloqué depuis 34 jours. J'exige une réponse immédiate!!,PERTE_VOL,,34.0,915EUR,,ADR-2026-77331,fr,True,C'est inadmissible ! Colis ADR-2026-77331 égaré dans le circuit. Valeur : 915EUR. Bloqué depuis 34 jours. J'exige une réponse immédiate!!,c est inadmissible colis adr 2026 77331 égaré dans le circuit valeur 915eur bloqué depuis 34 jours j exige une réponse immédiate,PERTE_VOL__fr
836,"Ça suffit maintenant, On m'a livré à la mauvaise ville. NUMÉRO ADR-2025-38819. Destination erronée : Médenine. Correcte : Mahdia. Reçu le 2024-06-13. Je veux parler à un responsable, IMMÉDIATEMENT.",ERREUR_DESTINATION,13/06/2024,,,Médenine,ADR-2025-38819,fr,False,"Ça suffit maintenant, On m'a livré à la mauvaise ville. NUMÉRO ADR-2025-38819. Destination erronée : Médenine. Correcte : Mahdia. Reçu le 2024-06-13. Je veux parler à un responsable, IMMÉDIATEMENT.",ça suffit maintenant on m a livré à la mauvaise ville numéro adr 2025 38819 destination erronée médenine correcte mahdia reçu le 2024 06 13 je veux parler à un responsable immédiatement,ERREUR_DESTINATION__fr
476,"Madame, Monsieur, Double prélèvement : 284 DT le 25 mars. À corriger d'urgence. Cordialement.",FACTURATION_PAIEMENT,25-mars,,284 DT,,,fr,False,"Madame, Monsieur, Double prélèvement : 284 DT le 25 mars. À corriger d'urgence. Cordialement.",madame monsieur double prélèvement 284 dt le 25 mars à corriger d urgence cordialement,FACTURATION_PAIEMENT__fr
1830,"C'est inadmissible ! Ma commande a totalement disparu. Livraison Gafsa prévue le 12/03/2025. Enquête urgente demandée. Je veux parler à un responsable, IMMÉDIATEMENT.",PERTE_VOL,12/03/2025,,,Gafsa,,fr,False,"C'est inadmissible ! Ma commande a totalement disparu. Livraison Gafsa prévue le 12/03/2025. Enquête urgente demandée. Je veux parler à un responsable, IMMÉDIATEMENT.",c est inadmissible ma commande a totalement disparu livraison gafsa prévue le 12 03 2025 enquête urgente demandée je veux parler à un responsable immédiatement,PERTE_VOL__fr
1049,"Je suis furieux, Colis expédié vers Bruxelles par erreur. Ma vraie adresse est à Gafsa (colis TR-2026-67460). À corriger. Je saisirai un avocat si rien ne bouge...",ERREUR_DESTINATION,,,,Bruxelles,TR-2026-67460,fr,False,"Je suis furieux, Colis expédié vers Bruxelles par erreur. Ma vraie adresse est à Gafsa (colis TR-2026-67460). À corriger. Je saisirai un avocat si rien ne bouge...",je suis furieux colis expédié vers bruxelles par erreur ma vraie adresse est à gafsa colis tr 2026 67460 à corriger je saisirai un avocat si rien ne bouge,ERREUR_DESTINATION__fr
611,"Bonjour, Adresse de livraison ignorée. Envoi effectué vers Barcelone au lieu de Ben Arous. Ref : EXP-2023-56362. Merci d'avance.",ERREUR_DESTINATION,,,,Barcelone,EXP-2023-56362,fr,False,"Bonjour, Adresse de livraison ignorée. Envoi effectué vers Barcelone au lieu de Ben Arous. Ref : EXP-2023-56362. Merci d'avance.",bonjour adresse de livraison ignorée envoi effectué vers barcelone au lieu de ben arous ref exp 2023 56362 merci d avance,ERREUR_DESTINATION__fr
2009,"Salut, Colis perdu égaré dans le circuit.",PERTE_VOL,,,,,,fr,False,"Salut, Colis perdu égaré dans le circuit.",salut colis perdu égaré dans le circuit,PERTE_VOL__fr
310,"Bonjour Madame, Monsieur, Demande de remboursement de 1785 € pour le colis TR-2023-28791. Produit non conforme. Merci de votre retour.",RETOUR_REMBOURSEMENT,,,1 785 €,,TR-2023-28791,fr,True,"Bonjour Madame, Monsieur, Demande de remboursement de 1785 € pour le colis TR-2023-28791. Produit non conforme. Merci de votre retour.",bonjour madame monsieur demande de remboursement de 1785 pour le colis tr 2023 28791 produit non conforme merci de votre retour,RETOUR_REMBOURSEMENT__fr
679,"Hello, Ma commande a totalement disparu. Numéro : EXP-2023-28352. Livraison Gafsa. Enquête urgente demandée.",PERTE_VOL,,,,Gafsa,EXP-2023-28352,fr,False,"Hello, Ma commande a totalement disparu. Numéro : EXP-2023-28352. Livraison Gafsa. Enquête urgente demandée.",hello ma commande a totalement disparu numéro exp 2023 28352 livraison gafsa enquête urgente demandée,PERTE_VOL__fr
1735,"Bonjour Madame, Monsieur, Le tracking indique 'livré' à Ezzahra, mais rien à la maison. Colis PKG-2023-53248 volé je pense. Merci de votre retour.",PERTE_VOL,,,,Ezzahra,PKG-2023-53248,fr,False,"Bonjour Madame, Monsieur, Le tracking indique 'livré' à Ezzahra, mais rien à la maison. Colis PKG-2023-53248 volé je pense. Merci de votre retour.",bonjour madame monsieur le tracking indique livré à ezzahra mais rien à la maison colis pkg 2023 53248 volé je pense merci de votre retour,PERTE_VOL__fr
221,"Salut, Aucun professionnalisme. Personne ne rappelle. Colis TRK-2024-10463.",QUALITE_SERVICE,,,,,TRK-2024-10463,fr,False,"Salut, Aucun professionnalisme. Personne ne rappelle. Colis __TRACKING__-10463.",salut aucun professionnalisme personne ne rappelle colis __tracking__ 10463,QUALITE_SERVICE__fr
504,"Madame, Monsieur, Aucun professionnalisme à Kasserine. Personne ne rappelle. Dans l'attente de votre réponse.",QUALITE_SERVICE,,,,Kasserine,,fr,False,"Madame, Monsieur, Aucun professionnalisme à Kasserine. Personne ne rappelle. Dans l'attente de votre réponse.",madame monsieur aucun professionnalisme à kasserine personne ne rappelle dans l attente de votre réponse,QUALITE_SERVICE__fr
2413,"Cher Service Client, Produit reçu abîmé. Emballage détruit. Numéro PKG-2025-79462. Livraison Zaghouan. J attends un geste. Cordialement.",PRODUIT_ENDOMMAGE,,,,Zaghouan,PKG-2025-79462,fr,False,"Cher Service Client, Produit reçu abîmé. Emballage détruit. Numéro PKG-2025-79462. Livraison Zaghouan. J attends un geste. Cordialement.",cher service client produit reçu abîmé emballage détruit numéro pkg 2025 79462 livraison zaghouan j attends un geste cordialement,PRODUIT_ENDOMMAGE__fr
921,"Bonjour Madame, Monsieur, Bonjour, demande de devis pour un envoi de 13 tonnes. Merci d'avance.",AUTRE,,,,,,fr,False,"Bonjour Madame, Monsieur, Bonjour, demande de devis pour un envoi de 13 tonnes. Merci d'avance.",bonjour madame monsieur bonjour demande de devis pour un envoi de 13 tonnes merci d avance,AUTRE__fr
708,"Coucou, La boîte du colis CMR-2025-58719 est arrivée écrasée et l'écran est fissuré. Merci d'avance.",PRODUIT_ENDOMMAGE,,,,,CMR-2025-58719,fr,False,"Coucou, La boîte du colis CMR-2025-58719 est arrivée écrasée et l'écran est fissuré. Merci d'avance.",coucou la boîte du colis cmr 2025 58719 est arrivée écrasée et l écran est fissuré merci d avance,PRODUIT_ENDOMMAGE__fr
136,"Bonjour, Reception d'un colis défectueux. TR-2024-64516. L'article est brisé, inutilisable en l'état. Cordialement.",PRODUIT_ENDOMMAGE,,,,,TR-2024-64516,fr,False,"Bonjour, Reception d'un colis défectueux. TR-2024-64516. L'article est brisé, inutilisable en l'état. Cordialement.",bonjour reception d un colis défectueux tr 2024 64516 l article est brisé inutilisable en l état cordialement,PRODUIT_ENDOMMAGE__fr
731,"Bonjour Madame, Monsieur, Retour + remboursement svp. Le produit ne me convient pas. Sincères salutations.",RETOUR_REMBOURSEMENT,,,,,,fr,False,"Bonjour Madame, Monsieur, Retour + remboursement svp. Le produit ne me convient pas. Sincères salutations.",bonjour madame monsieur retour remboursement svp le produit ne me convient pas sincères salutations,RETOUR_REMBOURSEMENT__fr
2492,"Bonjour, Colis perdu égaré dans le circuit. Départ Nabeul.",PERTE_VOL,,,,Nabeul,,fr,False,"Bonjour, Colis perdu égaré dans le circuit. Départ Nabeul.",bonjour colis perdu égaré dans le circuit départ nabeul,PERTE_VOL__fr
108,"Madame, Monsieur, Toujours pas livré à Hammamet, colis COL-2024-12348. C'est long. Merci de votre retour.",RETARD_LIVRAISON,,,,Hammamet,COL-2024-12348,fr,False,"Madame, Monsieur, Toujours pas livré à Hammamet, colis COL-2024-12348. C'est long. Merci de votre retour.",madame monsieur toujours pas livré à hammamet colis col 2024 12348 c est long merci de votre retour,RETARD_LIVRAISON__fr
1598,"Madame, Monsieur, Le colis référence inconnue est en retard de 4 mois. Livraison prévue à Munich. Sincères salutations.",RETARD_LIVRAISON,,120.0,,Munich,,fr,False,"Madame, Monsieur, Le colis référence inconnue est en retard de 4 mois. Livraison prévue à Munich. Sincères salutations.",madame monsieur le colis référence inconnue est en retard de 4 mois livraison prévue à munich sincères salutations,RETARD_LIVRAISON__fr
1962,"Bonjour Madame, Monsieur, Erreur d'adresse : le colis LP-2025-83343 est parti sur Ettadhamen, moi je suis à Tunis. Que faire ? Cordialement.",ERREUR_DESTINATION,,,,Ettadhamen,LP-2025-83343,fr,False,"Bonjour Madame, Monsieur, Erreur d'adresse : le colis LP-2025-83343 est parti sur Ettadhamen, moi je suis à Tunis. Que faire ? Cordialement.",bonjour madame monsieur erreur d adresse le colis lp 2025 83343 est parti sur ettadhamen moi je suis à tunis que faire cordialement,ERREUR_DESTINATION__fr
855,"Madame, Monsieur, Comment obtenir une attestation de livraison ? Cordialement.",AUTRE,,,,,,fr,False,"Madame, Monsieur, Comment obtenir une attestation de livraison ? Cordialement.",madame monsieur comment obtenir une attestation de livraison cordialement,AUTRE__fr
2425,"Bonjour, Mon colis LP-2023-67043 a été livré à Monastir alors que j'habite à El Menzah. Merci d'avance.",ERREUR_DESTINATION,,,,Monastir,LP-2023-67043,fr,False,"Bonjour, Mon colis LP-2023-67043 a été livré à Monastir alors que j'habite à El Menzah. Merci d'avance.",bonjour mon colis lp 2023 67043 a été livré à monastir alors que j habite à el menzah merci d avance,ERREUR_DESTINATION__fr
1798,"Cher Service Client, Le colis EXP-2026-93215 est bloqué à Djerba. Il devait aller à Ariana. Sincères salutations.",ERREUR_DESTINATION,,,,Djerba,EXP-2026-93215,fr,False,"Cher Service Client, Le colis EXP-2026-93215 est bloqué à Djerba. Il devait aller à Ariana. Sincères salutations.",cher service client le colis exp 2026 93215 est bloqué à djerba il devait aller à ariana sincères salutations,ERREUR_DESTINATION__fr
647,"Bonjour, Bonjour, je devais recevoir mon colis BL-2025-23711 à Tunis, et rien n'est arrivé depuis 31 jours. Merci !",RETARD_LIVRAISON,,31.0,,Tunis,BL-2025-23711,fr,False,"Bonjour, Bonjour, je devais recevoir mon colis BL-2025-23711 à Tunis, et rien n'est arrivé depuis 31 jours. Merci !",bonjour bonjour je devais recevoir mon colis bl 2025 23711 à tunis et rien n est arrivé depuis 31 jours merci,RETARD_LIVRAISON__fr
1587,"Coucou, Demande de remboursement de 288 DT commandé le 21 mars. Produit non conforme. À bientôt.",RETOUR_REMBOURSEMENT,21-mars,,288 DT,,,fr,False,"Coucou, Demande de remboursement de 288 DT commandé le 21 mars. Produit non conforme. À bientôt.",coucou demande de remboursement de 288 dt commandé le 21 mars produit non conforme à bientôt,RETOUR_REMBOURSEMENT__fr
759,"Bonjour, Double prélèvement : 1874,74 dinars le jour même. À corriger d'urgence. Je veux parler à un responsable, IMMÉDIATEMENT.",FACTURATION_PAIEMENT,,,"1874,74 dinars",,,fr,False,"Bonjour, Double prélèvement : 1874,74 dinars le jour même. À corriger d'urgence. Je veux parler à un responsable, IMMÉDIATEMENT.",bonjour double prélèvement 1874 74 dinars le jour même à corriger d urgence je veux parler à un responsable immédiatement,FACTURATION_PAIEMENT__fr
620,"Bonjour Madame, Monsieur, Mon chaussures est arrivé à Ettadhamen le 2024-01-14 completement cassé. Ref EXP-2024-59005. Dans l'attente de votre réponse.",PRODUIT_ENDOMMAGE,14/01/2024,,,Ettadhamen,EXP-2024-59005,fr,False,"Bonjour Madame, Monsieur, Mon chaussures est arrivé à Ettadhamen le 2024-01-14 completement cassé. Ref EXP-2024-59005. Dans l'attente de votre réponse.",bonjour madame monsieur mon chaussures est arrivé à ettadhamen le 2024 01 14 completement cassé ref exp 2024 59005 dans l attente de votre réponse,PRODUIT_ENDOMMAGE__fr
1860,"Je suis furieux, Le tracking indique 'livré' à Ettadhamen le 15/12, mais rien à la maison. Colis inconnu volé je pense. Réagissez !",PERTE_VOL,15-d?.,,,Ettadhamen,,fr,False,"Je suis furieux, Le tracking indique 'livré' à Ettadhamen le 15/12, mais rien à la maison. Colis inconnu volé je pense. Réagissez !",je suis furieux le tracking indique livré à ettadhamen le 15 12 mais rien à la maison colis inconnu volé je pense réagissez,PERTE_VOL__fr
1985,"Bonjour, Mon écran est arrivé à Le Bardo completement cassé. Ref COL-2025-47486. Cordialement.",PRODUIT_ENDOMMAGE,,,,Le Bardo,COL-2025-47486,fr,False,"Bonjour, Mon écran est arrivé à Le Bardo completement cassé. Ref COL-2025-47486. Cordialement.",bonjour mon écran est arrivé à le bardo completement cassé ref col 2025 47486 cordialement,PRODUIT_ENDOMMAGE__fr
1178,"Bonjour Madame, Monsieur, Le prix affiché était différent : 357.68€ au lieu du montant annoncé. Sincères salutations.",FACTURATION_PAIEMENT,,,357.68€,,,fr,True,"Bonjour Madame, Monsieur, Le prix affiché était différent : 357.68€ au lieu du montant annoncé. Sincères salutations.",bonjour madame monsieur le prix affiché était différent 357 68 au lieu du montant annoncé sincères salutations,FACTURATION_PAIEMENT__fr
507,"Hello, Double prélèvement : 1896,74 dinars le 26/06. À corriger d'urgence. Merci beaucoup.",FACTURATION_PAIEMENT,26-juin,,"1896,74 dinars",,,fr,False,"Hello, Double prélèvement : 1896,74 dinars le 26/06. À corriger d'urgence. Merci beaucoup.",hello double prélèvement 1896 74 dinars le 26 06 à corriger d urgence merci beaucoup,FACTURATION_PAIEMENT__fr
1680,"Hello, Prélèvement erroné de 308 eur constaté le 06/05/2024. Je patiente depuis 2 mois. Merci de rectifier. Merci beaucoup.",FACTURATION_PAIEMENT,06/05/2024,60.0,308 eur,,,fr,True,"Hello, Prélèvement erroné de 308 eur constaté le 06/05/2024. Je patiente depuis 2 mois. Merci de rectifier. Merci beaucoup.",hello prélèvement erroné de 308 eur constaté le 06 05 2024 je patiente depuis 2 mois merci de rectifier merci beaucoup,FACTURATION_PAIEMENT__fr
200,Colis introuvable. Ref PKG-2023-17329. Dernier suivi le 20/03/2025. Merci !,PERTE_VOL,20/03/2025,,,,PKG-2023-17329,fr,False,Colis introuvable. Ref PKG-2023-17329. Dernier suivi le 20/03/2025. Merci !,colis introuvable ref pkg 2023 17329 dernier suivi le 20 03 2025 merci,PERTE_VOL__fr
211,"Madame, Monsieur, Aucune nouvelle de ma livraison ADR-2024-28102 le 12 novembre. Cela fait 2 mois d'attente. Merci d'avance.",RETARD_LIVRAISON,12-nov.,60.0,,,ADR-2024-28102,fr,False,"Madame, Monsieur, Aucune nouvelle de ma livraison ADR-2024-28102 le 12 novembre. Cela fait 2 mois d'attente. Merci d'avance.",madame monsieur aucune nouvelle de ma livraison adr 2024 28102 le 12 novembre cela fait 2 mois d attente merci d avance,RETARD_LIVRAISON__fr
289,"Madame, Monsieur, J'ai contacté votre support 60 jours, personne ne répond. C'est très décevant. Bien à vous.",QUALITE_SERVICE,,60.0,,,,fr,False,"Madame, Monsieur, J'ai contacté votre support 60 jours, personne ne répond. C'est très décevant. Bien à vous.",madame monsieur j ai contacté votre support 60 jours personne ne répond c est très décevant bien à vous,QUALITE_SERVICE__fr
1813,"Bonjour Madame, Monsieur, Bonjour, je devais recevoir mon colis BL-2024-22166, et rien n'est arrivé. Dans l'attente de votre réponse.",RETARD_LIVRAISON,,,,,BL-2024-22166,fr,False,"Bonjour Madame, Monsieur, Bonjour, je devais recevoir mon colis BL-2024-22166, et rien n'est arrivé. Dans l'attente de votre réponse.",bonjour madame monsieur bonjour je devais recevoir mon colis bl 2024 22166 et rien n est arrivé dans l attente de votre réponse,RETARD_LIVRAISON__fr
2313,"Cher Service Client, La boîte du colis PKG-2024-50440 est arrivée écrasée à Hammamet et tout est en miettes. Sincères salutations.",PRODUIT_ENDOMMAGE,,,,Hammamet,PKG-2024-50440,fr,False,"Cher Service Client, La boîte du colis PKG-2024-50440 est arrivée écrasée à Hammamet et tout est en miettes. Sincères salutations.",cher service client la boîte du colis pkg 2024 50440 est arrivée écrasée à hammamet et tout est en miettes sincères salutations,PRODUIT_ENDOMMAGE__fr
692,"Bonjour, Bonjour, comment vous joindre par téléphone ?. Bien à vous.",AUTRE,,,,,,fr,False,"Bonjour, Bonjour, comment vous joindre par téléphone ?. Bien à vous.",bonjour bonjour comment vous joindre par téléphone bien à vous,AUTRE__fr
489,"Madame, Monsieur, On m'a livré à la mauvaise ville. Destination erronée : Monastir. Correcte : Gabès. Reçu le 2025-06-30. Dans l'attente de votre réponse.",ERREUR_DESTINATION,30/06/2025,,,Monastir,,fr,False,"Madame, Monsieur, On m'a livré à la mauvaise ville. Destination erronée : Monastir. Correcte : Gabès. Reçu le 2025-06-30. Dans l'attente de votre réponse.",madame monsieur on m a livré à la mauvaise ville destination erronée monastir correcte gabès reçu le 2025 06 30 dans l attente de votre réponse,ERREUR_DESTINATION__fr
2001,"Coucou, Bonjour, comment procéder au retour de ma commande COL-2025-25835 ? Je souhaite un remboursement intégral de 1667.46 dt. Merci beaucoup.",RETOUR_REMBOURSEMENT,,,1667.46 dt,,COL-2025-25835,fr,False,"Coucou, Bonjour, comment procéder au retour de ma commande COL-2025-25835 ? Je souhaite un remboursement intégral de 1667.46 dt. Merci beaucoup.",coucou bonjour comment procéder au retour de ma commande col 2025 25835 je souhaite un remboursement intégral de 1667 46 dt merci beaucoup,RETOUR_REMBOURSEMENT__fr
1023,"Bonsoir, Mon montre est arrivé completement cassé. Bien à vous.",PRODUIT_ENDOMMAGE,,,,,,fr,False,"Bonsoir, Mon montre est arrivé completement cassé. Bien à vous.",bonsoir mon montre est arrivé completement cassé bien à vous,PRODUIT_ENDOMMAGE__fr
582,"Bonjour Madame, Monsieur, Le colis TR-2026-44478 est en retard de 17 jours. Cordialement.",RETARD_LIVRAISON,,17.0,,,TR-2026-44478,fr,False,"Bonjour Madame, Monsieur, Le colis TR-2026-44478 est en retard de 17 jours. Cordialement.",bonjour madame monsieur le colis tr 2026 44478 est en retard de 17 jours cordialement,RETARD_LIVRAISON__fr
672,"Colis PKG-2026-34756 endommagé. Le carton était perforé, le contenu est HS. Merci d'avance.",PRODUIT_ENDOMMAGE,,,,,PKG-2026-34756,fr,False,"Colis PKG-2026-34756 endommagé. Le carton était perforé, le contenu est HS. Merci d'avance.",colis pkg 2026 34756 endommagé le carton était perforé le contenu est hs merci d avance,PRODUIT_ENDOMMAGE__fr
1518,"Bonjour, On m'a livré à la mauvaise ville. Numéro TRK-2026-60128. Destination erronée : Zaghouan. Correcte : Paris. Merci de votre retour.",ERREUR_DESTINATION,,,,Zaghouan,TRK-2026-60128,fr,False,"Bonjour, On m'a livré à la mauvaise ville. Numéro __TRACKING__-60128. Destination erronée : Zaghouan. Correcte : Paris. Merci de votre retour.",bonjour on m a livré à la mauvaise ville numéro __tracking__ 60128 destination erronée zaghouan correcte paris merci de votre retour,ERREUR_DESTINATION__fr
626,"Ça suffit maintenant, Je souhaite un renseignement sur vos tarifs internationaux vers Tozeur à partir de 646 DT ? Je veux parler à un responsable, IMMÉDIATEMENT.",AUTRE,,,646 DT,Tozeur,,fr,False,"Ça suffit maintenant, Je souhaite un renseignement sur vos tarifs internationaux vers Tozeur à partir de 646 DT ? Je veux parler à un responsable, IMMÉDIATEMENT.",ça suffit maintenant je souhaite un renseignement sur vos tarifs internationaux vers tozeur à partir de 646 dt je veux parler à un responsable immédiatement,AUTRE__fr
1500,"Bonjour, Bonjour, demande de devis pour un envoi de 16 tonnes. Merci d'avance.",AUTRE,,,,,,fr,False,"Bonjour, Bonjour, demande de devis pour un envoi de 16 tonnes. Merci d'avance.",bonjour bonjour demande de devis pour un envoi de 16 tonnes merci d avance,AUTRE__fr
465,"Bonjour Madame, Monsieur, Le prix affiché était différent : 224 DT au lieu du montant annoncé. Dans l'attente de votre réponse.",FACTURATION_PAIEMENT,,,224 DT,,,fr,False,"Bonjour Madame, Monsieur, Le prix affiché était différent : 224 DT au lieu du montant annoncé. Dans l'attente de votre réponse.",bonjour madame monsieur le prix affiché était différent 224 dt au lieu du montant annoncé dans l attente de votre réponse,FACTURATION_PAIEMENT__fr
74,"Cher Service Client, Je veux annuler et être remboursé 1000.29 DT. Commande COL-2024-34530. Merci de votre retour.",RETOUR_REMBOURSEMENT,,,1000.29 DT,,COL-2024-34530,fr,False,"Cher Service Client, Je veux annuler et être remboursé 1000.29 DT. Commande COL-2024-34530. Merci de votre retour.",cher service client je veux annuler et être remboursé 1000 29 dt commande col 2024 34530 merci de votre retour,RETOUR_REMBOURSEMENT__fr
1941,"Je suis furieux, Bonjour, comment procéder au RETOUR de ma commande ? Je souhaite un remboursement intégral. Je veux parler à un responsable, IMMÉDIATEMENT!!",RETOUR_REMBOURSEMENT,,,,,,fr,False,"Je suis furieux, Bonjour, comment procéder au RETOUR de ma commande ? Je souhaite un remboursement intégral. Je veux parler à un responsable, IMMÉDIATEMENT!!",je suis furieux bonjour comment procéder au retour de ma commande je souhaite un remboursement intégral je veux parler à un responsable immédiatement,RETOUR_REMBOURSEMENT__fr
1244,"Cher Service Client, Retour + remboursement svp. Ref BL-2023-70475. Livraison Ariana. Bien à vous.",RETOUR_REMBOURSEMENT,,,,Ariana,BL-2023-70475,fr,False,"Cher Service Client, Retour + remboursement svp. Ref BL-2023-70475. Livraison Ariana. Bien à vous.",cher service client retour remboursement svp ref bl 2023 70475 livraison ariana bien à vous,RETOUR_REMBOURSEMENT__fr
569,"C'est inadmissible ! COLIS introuvable à Casablanca. Ref EXP-2023-53710. Je veux parler à un responsable, IMMÉDIATEMENT.",PERTE_VOL,,,,Casablanca,EXP-2023-53710,fr,False,"C'est inadmissible ! COLIS introuvable à Casablanca. Ref EXP-2023-53710. Je veux parler à un responsable, IMMÉDIATEMENT.",c est inadmissible colis introuvable à casablanca ref exp 2023 53710 je veux parler à un responsable immédiatement,PERTE_VOL__fr
2211,"Bonjour, Question facturation. On me demande 553,94 euros pour CMR-2023-27062, alors que rien n'a été livré. Explication ? Je veux parler à un responsable, IMMÉDIATEMENT.",FACTURATION_PAIEMENT,,,"553,94 euros",,CMR-2023-27062,fr,True,"Bonjour, Question facturation. On me demande 553,94 euros pour CMR-2023-27062, alors que rien n'a été livré. Explication ? Je veux parler à un responsable, IMMÉDIATEMENT.",bonjour question facturation on me demande 553 94 euros pour cmr 2023 27062 alors que rien n a été livré explication je veux parler à un responsable immédiatement,FACTURATION_PAIEMENT__fr
1606,"Cher Service Client, Mon chaussures d'une valeur de quelques centaines est cassé à la réception. Adresse : Tunis. Sincères salutations.",PRODUIT_ENDOMMAGE,,,,Tunis,,fr,False,"Cher Service Client, Mon chaussures d'une valeur de quelques centaines est cassé à la réception. Adresse : Tunis. Sincères salutations.",cher service client mon chaussures d une valeur de quelques centaines est cassé à la réception adresse tunis sincères salutations,PRODUIT_ENDOMMAGE__fr
344,"Bonjour, La boîte du colis TR-2025-13402 est arrivée écrasée à Toulouse et l'écran est fissuré. Bien à vous.",PRODUIT_ENDOMMAGE,,,,Toulouse,TR-2025-13402,fr,False,"Bonjour, La boîte du colis TR-2025-13402 est arrivée écrasée à Toulouse et l'écran est fissuré. Bien à vous.",bonjour la boîte du colis tr 2025 13402 est arrivée écrasée à toulouse et l écran est fissuré bien à vous,PRODUIT_ENDOMMAGE__fr
1365,"Écoutez, Bonjour, comment procéder au retour de ma commande TRK-2023-77972 ? Je SOUHAITE un remboursement intégral. Réagissez !",RETOUR_REMBOURSEMENT,,,,,TRK-2023-77972,fr,False,"Écoutez, Bonjour, comment procéder au retour de ma commande __TRACKING__-77972 ? Je SOUHAITE un remboursement intégral. Réagissez !",écoutez bonjour comment procéder au retour de ma commande __tracking__ 77972 je souhaite un remboursement intégral réagissez,RETOUR_REMBOURSEMENT__fr
850,"Franchement, Service client injoignable. Attente depuis 2 jours. Aucune réponse. Je vais résilier si ça continue.",QUALITE_SERVICE,,2.0,,,,fr,False,"Franchement, Service client injoignable. Attente depuis 2 jours. Aucune réponse. Je vais résilier si ça continue.",franchement service client injoignable attente depuis 2 jours aucune réponse je vais résilier si ça continue,QUALITE_SERVICE__fr
393,"Coucou, Le tracking indique 'livré', mais rien à la maison. Colis LP-2023-21211 volé je pense. Merci !",PERTE_VOL,,,,,LP-2023-21211,fr,False,"Coucou, Le tracking indique 'livré', mais rien à la maison. Colis LP-2023-21211 volé je pense. Merci !",coucou le tracking indique livré mais rien à la maison colis lp 2023 21211 volé je pense merci,PERTE_VOL__fr
1152,"Bonsoir, On m'a livré à la mauvaise ville. Numéro BL-2026-26919. Destination erronée : Gabès. Correcte : Zaghouan. Dans l'attente de votre réponse.",ERREUR_DESTINATION,,,,Gabès,BL-2026-26919,fr,False,"Bonsoir, On m'a livré à la mauvaise ville. Numéro BL-2026-26919. Destination erronée : Gabès. Correcte : Zaghouan. Dans l'attente de votre réponse.",bonsoir on m a livré à la mauvaise ville numéro bl 2026 26919 destination erronée gabès correcte zaghouan dans l attente de votre réponse,ERREUR_DESTINATION__fr
2430,"Bonjour, Reception d'un colis défectueux. BL-2025-18030. L'article est brisé, inutilisable en l'état. Bien à vous.",PRODUIT_ENDOMMAGE,,,,,BL-2025-18030,fr,False,"Bonjour, Reception d'un colis défectueux. BL-2025-18030. L'article est brisé, inutilisable en l'état. Bien à vous.",bonjour reception d un colis défectueux bl 2025 18030 l article est brisé inutilisable en l état bien à vous,PRODUIT_ENDOMMAGE__fr
1036,"Cher Service Client, Service client injoignable. Ref BL-2024-88119. Aucune réponse. Dans l'attente de votre réponse.",QUALITE_SERVICE,,,,,BL-2024-88119,fr,False,"Cher Service Client, Service client injoignable. Ref BL-2024-88119. Aucune réponse. Dans l'attente de votre réponse.",cher service client service client injoignable ref bl 2024 88119 aucune réponse dans l attente de votre réponse,QUALITE_SERVICE__fr
1162,"Bonjour Madame, Monsieur, Facture incorrecte : on m'a facturé 520.34TND, ce n'est pas le tarif convenu. Bien à vous.",FACTURATION_PAIEMENT,,,520.34TND,,,fr,False,"Bonjour Madame, Monsieur, Facture incorrecte : on m'a facturé 520.34TND, ce n'est pas le tarif convenu. Bien à vous.",bonjour madame monsieur facture incorrecte on m a facturé 520 34tnd ce n est pas le tarif convenu bien à vous,FACTURATION_PAIEMENT__fr
981,"Je suis furieux, Demande de remboursement de 463.00€ pour le colis COL-2023-27842 commandé le 2024-02-10. Produit non conforme. J'exige une réponse immédiate.",RETOUR_REMBOURSEMENT,10/02/2024,,463.00€,,COL-2023-27842,fr,True,"Je suis furieux, Demande de remboursement de 463.00€ pour le colis COL-2023-27842 commandé le 2024-02-10. Produit non conforme. J'exige une réponse immédiate.",je suis furieux demande de remboursement de 463 00 pour le colis col 2023 27842 commandé le 2024 02 10 produit non conforme j exige une réponse immédiate,RETOUR_REMBOURSEMENT__fr
387,"Bonjour Madame, Monsieur, Question générale : quels sont vos horaires d'ouverture ? Sincères salutations.",AUTRE,,,,,,fr,False,"Bonjour Madame, Monsieur, Question générale : quels sont vos horaires d'ouverture ? Sincères salutations.",bonjour madame monsieur question générale quels sont vos horaires d ouverture sincères salutations,AUTRE__fr
381,"Bonjour, Aucune nouvelle de ma livraison EXP-2024-10071. Cela fait 59 jours d'attente.",RETARD_LIVRAISON,,59.0,,,EXP-2024-10071,fr,False,"Bonjour, Aucune nouvelle de ma livraison EXP-2024-10071. Cela fait 59 jours d'attente.",bonjour aucune nouvelle de ma livraison exp 2024 10071 cela fait 59 jours d attente,RETARD_LIVRAISON__fr
2075,"Bonjour, Le prix affiché était différent : 1475 euros au lieu du montant annoncé. Merci de votre retour.",FACTURATION_PAIEMENT,,,1475 euros,,,fr,True,"Bonjour, Le prix affiché était différent : 1475 euros au lieu du montant annoncé. Merci de votre retour.",bonjour le prix affiché était différent 1475 euros au lieu du montant annoncé merci de votre retour,FACTURATION_PAIEMENT__fr
2367,"Je suis furieux, Le colis PKG-2024-68048 est en retard de 2 jours. Je veux parler à un responsable, IMMÉDIATEMENT.",RETARD_LIVRAISON,,2.0,,,PKG-2024-68048,fr,False,"Je suis furieux, Le colis PKG-2024-68048 est en retard de 2 jours. Je veux parler à un responsable, IMMÉDIATEMENT.",je suis furieux le colis pkg 2024 68048 est en retard de 2 jours je veux parler à un responsable immédiatement,RETARD_LIVRAISON__fr
1603,"Bonsoir, Facture incorrecte : on m'a facturé 699.23EUR, ce n'est pas le tarif convenu. Cordialement.",FACTURATION_PAIEMENT,,,699.23EUR,,,fr,True,"Bonsoir, Facture incorrecte : on m'a facturé 699.23EUR, ce n'est pas le tarif convenu. Cordialement.",bonsoir facture incorrecte on m a facturé 699 23eur ce n est pas le tarif convenu cordialement,FACTURATION_PAIEMENT__fr
1012,"Bonjour Madame, Monsieur, Le colis ADR-2024-28117 est marqué livré, mais je n'ai rien reçu. Je pense qu'il a été volé. Dans l'attente de votre réponse.",PERTE_VOL,,,,,ADR-2024-28117,fr,False,"Bonjour Madame, Monsieur, Le colis ADR-2024-28117 est marqué livré, mais je n'ai rien reçu. Je pense qu'il a été volé. Dans l'attente de votre réponse.",bonjour madame monsieur le colis adr 2024 28117 est marqué livré mais je n ai rien reçu je pense qu il a été volé dans l attente de votre réponse,PERTE_VOL__fr
1615,"Hello, Bonjour, comment vous joindre par téléphone ?. Merci !",AUTRE,,,,,,fr,False,"Hello, Bonjour, comment vous joindre par téléphone ?. Merci !",hello bonjour comment vous joindre par téléphone merci,AUTRE__fr
1312,"Madame, Monsieur, Demande de remboursement de 1803,87 DT pour le colis BL-2026-33888. Produit non conforme. Bien à vous.",RETOUR_REMBOURSEMENT,,,"1803,87 DT",,BL-2026-33888,fr,False,"Madame, Monsieur, Demande de remboursement de 1803,87 DT pour le colis BL-2026-33888. Produit non conforme. Bien à vous.",madame monsieur demande de remboursement de 1803 87 dt pour le colis bl 2026 33888 produit non conforme bien à vous,RETOUR_REMBOURSEMENT__fr
1541,"Bonjour, J'attends toujours mon remboursement promis le 20 juin. C'est long ! Dans l'attente de votre réponse.",RETOUR_REMBOURSEMENT,20-juin,,,,,fr,False,"Bonjour, J'attends toujours mon remboursement promis le 20 juin. C'est long ! Dans l'attente de votre réponse.",bonjour j attends toujours mon remboursement promis le 20 juin c est long dans l attente de votre réponse,RETOUR_REMBOURSEMENT__fr
1087,"Bonjour Madame, Monsieur, Ma commande CMR-2025-99918 devait arriver, toujours rien reçu, ça fait 3 semaines. Bien à vous.",RETARD_LIVRAISON,,21.0,,,CMR-2025-99918,fr,False,"Bonjour Madame, Monsieur, Ma commande CMR-2025-99918 devait arriver, toujours rien reçu, ça fait 3 semaines. Bien à vous.",bonjour madame monsieur ma commande cmr 2025 99918 devait arriver toujours rien reçu ça fait 3 semaines bien à vous,RETARD_LIVRAISON__fr
171,"Coucou, Retard important sur ma commande. Merci beaucoup.",RETARD_LIVRAISON,,,,,,fr,False,"Coucou, Retard important sur ma commande. Merci beaucoup.",coucou retard important sur ma commande merci beaucoup,RETARD_LIVRAISON__fr
271,Je souhaite retourner ma commande COL-2024-67496 et être remboursé de 976.50€. Merci. À bientôt.,RETOUR_REMBOURSEMENT,,,976.50€,,COL-2024-67496,fr,True,Je souhaite retourner ma commande COL-2024-67496 et être remboursé de 976.50€. Merci. À bientôt.,je souhaite retourner ma commande col 2024 67496 et être remboursé de 976 50 merci à bientôt,RETOUR_REMBOURSEMENT__fr
342,"Madame, Monsieur, Le colis TRK-2023-71636 est marqué livré à Tozeur le 2025-05-21, mais je n'ai rien reçu. Je pense qu'il a été volé. Cordialement.",PERTE_VOL,21/05/2025,,,Tozeur,TRK-2023-71636,fr,False,"Madame, Monsieur, Le colis __TRACKING__-71636 est marqué livré à Tozeur le 2025-05-21, mais je n'ai rien reçu. Je pense qu'il a été volé. Cordialement.",madame monsieur le colis __tracking__ 71636 est marqué livré à tozeur le 2025 05 21 mais je n ai rien reçu je pense qu il a été volé cordialement,PERTE_VOL__fr
1193,"Franchement, Colis ADR-2025-55867 égaré dans le circuit. Réagissez !",PERTE_VOL,,,,,ADR-2025-55867,fr,False,"Franchement, Colis ADR-2025-55867 égaré dans le circuit. Réagissez !",franchement colis adr 2025 55867 égaré dans le circuit réagissez,PERTE_VOL__fr
2194,"Bonsoir, Le colis BL-2024-97774 est bloqué à Hammamet. Il devait aller à La Marsa. Cordialement.",ERREUR_DESTINATION,,,,Hammamet,BL-2024-97774,fr,False,"Bonsoir, Le colis BL-2024-97774 est bloqué à Hammamet. Il devait aller à La Marsa. Cordialement.",bonsoir le colis bl 2024 97774 est bloqué à hammamet il devait aller à la marsa cordialement,ERREUR_DESTINATION__fr
568,"Bonsoir, Je n'ai jamais reçu mon colis PKG-2023-28426 le 05/09. Plus de nouvelles depuis 5 semaines. Perdu ? Bien à vous.",PERTE_VOL,05-sept.,35.0,,,PKG-2023-28426,fr,False,"Bonsoir, Je n'ai jamais reçu mon colis PKG-2023-28426 le 05/09. Plus de nouvelles depuis 5 semaines. Perdu ? Bien à vous.",bonsoir je n ai jamais reçu mon colis pkg 2023 28426 le 05 09 plus de nouvelles depuis 5 semaines perdu bien à vous,PERTE_VOL__fr
2422,"Écoutez, Produit reçu abîmé. Emballage détruit. Numéro PKG-2023-60751. Livraison Gafsa. J attends depuis 3 jours un geste. Je veux parler à un responsable, IMMÉDIATEMENT.",PRODUIT_ENDOMMAGE,,3.0,,Gafsa,PKG-2023-60751,fr,False,"Écoutez, Produit reçu abîmé. Emballage détruit. Numéro PKG-2023-60751. Livraison Gafsa. J attends depuis 3 jours un geste. Je veux parler à un responsable, IMMÉDIATEMENT.",écoutez produit reçu abîmé emballage détruit numéro pkg 2023 60751 livraison gafsa j attends depuis 3 jours un geste je veux parler à un responsable immédiatement,PRODUIT_ENDOMMAGE__fr
2286,"Salut, Mon colis TRK-2025-34497 a été livré à Médenine alors que j'habite à Kairouan. Merci beaucoup.",ERREUR_DESTINATION,,,,Médenine,TRK-2025-34497,fr,False,"Salut, Mon colis __TRACKING__-34497 a été livré à Médenine alors que j'habite à Kairouan. Merci beaucoup.",salut mon colis __tracking__ 34497 a été livré à médenine alors que j habite à kairouan merci beaucoup,ERREUR_DESTINATION__fr
1671,"Bonjour Madame, Monsieur, Surcharges non expliquées de 1350 EUR sur ma facture. Bien à vous.",FACTURATION_PAIEMENT,,,1350 EUR,,,fr,True,"Bonjour Madame, Monsieur, Surcharges non expliquées de 1350 EUR sur ma facture. Bien à vous.",bonjour madame monsieur surcharges non expliquées de 1350 eur sur ma facture bien à vous,FACTURATION_PAIEMENT__fr
770,"Salut, Colis introuvable à Lyon. Ref BL-2026-98049. Disparu depuis 20 jours. Merci d'avance.",PERTE_VOL,,20.0,,Lyon,BL-2026-98049,fr,False,"Salut, Colis introuvable à Lyon. Ref BL-2026-98049. Disparu depuis 20 jours. Merci d'avance.",salut colis introuvable à lyon ref bl 2026 98049 disparu depuis 20 jours merci d avance,PERTE_VOL__fr
1218,Expérience terrible avec votre service à Munich. J'exige des explications. À bientôt.,QUALITE_SERVICE,,,,Munich,,fr,False,Expérience terrible avec votre service à Munich. J'exige des explications. À bientôt.,expérience terrible avec votre service à munich j exige des explications à bientôt,QUALITE_SERVICE__fr
54,"Bonjour, Ma commande PKG-2024-27290 devait arriver à Milan, toujours rien reçu, ça fait 60 jours. Merci d'avance.",RETARD_LIVRAISON,,60.0,,Milan,PKG-2024-27290,fr,False,"Bonjour, Ma commande PKG-2024-27290 devait arriver à Milan, toujours rien reçu, ça fait 60 jours. Merci d'avance.",bonjour ma commande pkg 2024 27290 devait arriver à milan toujours rien reçu ça fait 60 jours merci d avance,RETARD_LIVRAISON__fr
2150,"Franchement, Ma commande de 632.72 EUR a totalement disparu. Numéro : EXP-2023-51072. Livraison Bizerte. Enquête urgente demandée. Je saisirai un avocat si rien ne bouge!!",PERTE_VOL,,,632.72 EUR,Bizerte,EXP-2023-51072,fr,True,"Franchement, Ma commande de 632.72 EUR a totalement disparu. Numéro : EXP-2023-51072. Livraison Bizerte. Enquête urgente demandée. Je saisirai un avocat si rien ne bouge!!",franchement ma commande de 632 72 eur a totalement disparu numéro exp 2023 51072 livraison bizerte enquête urgente demandée je saisirai un avocat si rien ne bouge,PERTE_VOL__fr
2246,"Bonsoir, Le livreur a été très impoli lors de la livraison à Casablanca. Comportement inadmissible. Dans l'attente de votre réponse.",QUALITE_SERVICE,,,,Casablanca,,fr,False,"Bonsoir, Le livreur a été très impoli lors de la livraison à Casablanca. Comportement inadmissible. Dans l'attente de votre réponse.",bonsoir le livreur a été très impoli lors de la livraison à casablanca comportement inadmissible dans l attente de votre réponse,QUALITE_SERVICE__fr
1969,"Je suis furieux, Produit reçu abîmé. Emballage détruit. Livraison Kairouan. J attends depuis 12 jours un geste. Je vais résilier si ça continue.",PRODUIT_ENDOMMAGE,,12.0,,Kairouan,,fr,False,"Je suis furieux, Produit reçu abîmé. Emballage détruit. Livraison Kairouan. J attends depuis 12 jours un geste. Je vais résilier si ça continue.",je suis furieux produit reçu abîmé emballage détruit livraison kairouan j attends depuis 12 jours un geste je vais résilier si ça continue,PRODUIT_ENDOMMAGE__fr
447,"Bonjour Madame, Monsieur, Ma commande devait arriver à Le Bardo le 6 mai, toujours rien reçu, ça fait 72h. Merci de votre retour.",RETARD_LIVRAISON,06-mai,3.0,,Le Bardo,,fr,False,"Bonjour Madame, Monsieur, Ma commande devait arriver à Le Bardo le 6 mai, toujours rien reçu, ça fait 72h. Merci de votre retour.",bonjour madame monsieur ma commande devait arriver à le bardo le 6 mai toujours rien reçu ça fait 72h merci de votre retour,RETARD_LIVRAISON__fr
1824,"Bonsoir, Ma commande LP-2024-92330 devait arriver à Berlin le 20 novembre, toujours rien reçu. Merci de votre retour.",RETARD_LIVRAISON,20-nov.,,,Berlin,LP-2024-92330,fr,False,"Bonsoir, Ma commande LP-2024-92330 devait arriver à Berlin le 20 novembre, toujours rien reçu. Merci de votre retour.",bonsoir ma commande lp 2024 92330 devait arriver à berlin le 20 novembre toujours rien reçu merci de votre retour,RETARD_LIVRAISON__fr
269,"Bonjour, Prélèvement erroné de 199.10 €. Merci de rectifier. Merci beaucoup.",FACTURATION_PAIEMENT,,,199.10 €,,,fr,True,"Bonjour, Prélèvement erroné de 199.10 €. Merci de rectifier. Merci beaucoup.",bonjour prélèvement erroné de 199 10 merci de rectifier merci beaucoup,FACTURATION_PAIEMENT__fr
43,"Madame, Monsieur, Retard important sur ma commande. Destination : Kasserine. 30 jours de retard. Merci d'avance.",RETARD_LIVRAISON,,30.0,,Kasserine,,fr,False,"Madame, Monsieur, Retard important sur ma commande. Destination : Kasserine. 30 jours de retard. Merci d'avance.",madame monsieur retard important sur ma commande destination kasserine 30 jours de retard merci d avance,RETARD_LIVRAISON__fr
1876,"Bonjour Madame, Monsieur, Livreur arrivé à Monastir, n'a même pas sonné. Colis déposé n'importe où. Merci de votre retour.",QUALITE_SERVICE,,,,Monastir,,fr,False,"Bonjour Madame, Monsieur, Livreur arrivé à Monastir, n'a même pas sonné. Colis déposé n'importe où. Merci de votre retour.",bonjour madame monsieur livreur arrivé à monastir n a même pas sonné colis déposé n importe où merci de votre retour,QUALITE_SERVICE__fr
1022,"Cher Service Client, Je veux annuler et être remboursé 56eur. Commande CMR-2026-76433. Merci d'avance.",RETOUR_REMBOURSEMENT,,,56eur,,CMR-2026-76433,fr,True,"Cher Service Client, Je veux annuler et être remboursé 56eur. Commande CMR-2026-76433. Merci d'avance.",cher service client je veux annuler et être remboursé 56eur commande cmr 2026 76433 merci d avance,RETOUR_REMBOURSEMENT__fr
1026,"Cher Service Client, Prélèvement erroné de 1559.17dt. Je patiente depuis 7 jours. Merci de rectifier. Sincères salutations.",FACTURATION_PAIEMENT,,7.0,1559.17dt,,,fr,False,"Cher Service Client, Prélèvement erroné de 1559.17dt. Je patiente depuis 7 jours. Merci de rectifier. Sincères salutations.",cher service client prélèvement erroné de 1559 17dt je patiente depuis 7 jours merci de rectifier sincères salutations,FACTURATION_PAIEMENT__fr
697,"Coucou, Prélèvement erroné de 514.44 EUR constaté le 22 juillet. Merci de rectifier. Merci beaucoup.",FACTURATION_PAIEMENT,22-juil.,,514.44 EUR,,,fr,True,"Coucou, Prélèvement erroné de 514.44 EUR constaté le 22 juillet. Merci de rectifier. Merci beaucoup.",coucou prélèvement erroné de 514 44 eur constaté le 22 juillet merci de rectifier merci beaucoup,FACTURATION_PAIEMENT__fr
1592,"Bonjour, Prélèvement erroné de 484.80 euros constaté le 2024-08-27. Merci de rectifier. Dans l'attente de votre réponse.",FACTURATION_PAIEMENT,27/08/2024,,484.80 euros,,,fr,True,"Bonjour, Prélèvement erroné de 484.80 euros constaté le 2024-08-27. Merci de rectifier. Dans l'attente de votre réponse.",bonjour prélèvement erroné de 484 80 euros constaté le 2024 08 27 merci de rectifier dans l attente de votre réponse,FACTURATION_PAIEMENT__fr
231,"Madame, Monsieur, Marchandise arrivée déchirée. Livrée à Bizerte. Plusieurs articles sont rayés et inutilisables. Merci de votre retour.",PRODUIT_ENDOMMAGE,,,,Bizerte,,fr,False,"Madame, Monsieur, Marchandise arrivée déchirée. Livrée à Bizerte. Plusieurs articles sont rayés et inutilisables. Merci de votre retour.",madame monsieur marchandise arrivée déchirée livrée à bizerte plusieurs articles sont rayés et inutilisables merci de votre retour,PRODUIT_ENDOMMAGE__fr
1103,"Madame, Monsieur, Mon colis TRK-2024-27196 a été livré à Béja alors que j'habite à Kairouan. Sincères salutations.",ERREUR_DESTINATION,,,,Béja,TRK-2024-27196,fr,False,"Madame, Monsieur, Mon colis __TRACKING__-27196 a été livré à Béja alors que j'habite à Kairouan. Sincères salutations.",madame monsieur mon colis __tracking__ 27196 a été livré à béja alors que j habite à kairouan sincères salutations,ERREUR_DESTINATION__fr
865,"Coucou, Colis expédié vers Béja par erreur le 6 décembre. Ma vraie adresse est à Ettadhamen (colis BL-2023-29356). À corriger. Merci beaucoup.",ERREUR_DESTINATION,06-d?.,,,Béja,BL-2023-29356,fr,False,"Coucou, Colis expédié vers Béja par erreur le 6 décembre. Ma vraie adresse est à Ettadhamen (colis BL-2023-29356). À corriger. Merci beaucoup.",coucou colis expédié vers béja par erreur le 6 décembre ma vraie adresse est à ettadhamen colis bl 2023 29356 à corriger merci beaucoup,ERREUR_DESTINATION__fr
2471,"Bonsoir, Livreur arrivé à Zaghouan, n'a même pas sonné. Colis déposé n'importe où. Bien à vous.",QUALITE_SERVICE,,,,Zaghouan,,fr,False,"Bonsoir, Livreur arrivé à Zaghouan, n'a même pas sonné. Colis déposé n'importe où. Bien à vous.",bonsoir livreur arrivé à zaghouan n a même pas sonné colis déposé n importe où bien à vous,QUALITE_SERVICE__fr
2245,"Bonsoir, Double prélèvement : 238TND le 17/03. À corriger d'urgence. Cordialement.",FACTURATION_PAIEMENT,17-mars,,238TND,,,fr,False,"Bonsoir, Double prélèvement : 238TND le 17/03. À corriger d'urgence. Cordialement.",bonsoir double prélèvement 238tnd le 17 03 à corriger d urgence cordialement,FACTURATION_PAIEMENT__fr
999,"Franchement, Je n'ai jamais REÇU mon colis. Perdu ? J'exige une réponse immédiate...",PERTE_VOL,,,,,,fr,False,"Franchement, Je n'ai jamais REÇU mon colis. Perdu ? J'exige une réponse immédiate...",franchement je n ai jamais reçu mon colis perdu j exige une réponse immédiate,PERTE_VOL__fr
1094,"Ça suffit maintenant, Service client injoignable. Ref PKG-2025-31952. Aucune réponse. C'est inacceptable !!!!",QUALITE_SERVICE,,,,,PKG-2025-31952,fr,False,"Ça suffit maintenant, Service client injoignable. Ref PKG-2025-31952. Aucune réponse. C'est inacceptable !!!!",ça suffit maintenant service client injoignable ref pkg 2025 31952 aucune réponse c est inacceptable,QUALITE_SERVICE__fr
681,"Bonjour, Le tracking indique 'livré' le 18 décembre, mais rien à la maison. Colis ADR-2026-72517 volé je pense. Merci beaucoup.",PERTE_VOL,18-d?.,,,,ADR-2026-72517,fr,False,"Bonjour, Le tracking indique 'livré' le 18 décembre, mais rien à la maison. Colis ADR-2026-72517 volé je pense. Merci beaucoup.",bonjour le tracking indique livré le 18 décembre mais rien à la maison colis adr 2026 72517 volé je pense merci beaucoup,PERTE_VOL__fr
1357,"Bonjour, J'attends toujours mon remboursement promis le 2024-10-27. C'est long ! Merci !",RETOUR_REMBOURSEMENT,27/10/2024,,,,,fr,False,"Bonjour, J'attends toujours mon remboursement promis le 2024-10-27. C'est long ! Merci !",bonjour j attends toujours mon remboursement promis le 2024 10 27 c est long merci,RETOUR_REMBOURSEMENT__fr
594,"Bonjour, On m'a livré à la mauvaise ville. Numéro BL-2025-72941. Destination erronée : Ezzahra. Correcte : Sfax. Bien à vous.",ERREUR_DESTINATION,,,,Ezzahra,BL-2025-72941,fr,False,"Bonjour, On m'a livré à la mauvaise ville. Numéro BL-2025-72941. Destination erronée : Ezzahra. Correcte : Sfax. Bien à vous.",bonjour on m a livré à la mauvaise ville numéro bl 2025 72941 destination erronée ezzahra correcte sfax bien à vous,ERREUR_DESTINATION__fr
338,"Je suis furieux, Adresse de livraison ignorée. Envoi effectué vers Monastir au lieu de Ezzahra. Ref : CMR-2026-65481. C'est INACCEPTABLE !",ERREUR_DESTINATION,,,,Monastir,CMR-2026-65481,fr,False,"Je suis furieux, Adresse de livraison ignorée. Envoi effectué vers Monastir au lieu de Ezzahra. Ref : CMR-2026-65481. C'est INACCEPTABLE !",je suis furieux adresse de livraison ignorée envoi effectué vers monastir au lieu de ezzahra ref cmr 2026 65481 c est inacceptable,ERREUR_DESTINATION__fr
143,"Bonsoir, Souhaite ouvrir un compte pro pour mes envois. Basé à Djerba. Cordialement.",AUTRE,,,,Djerba,,fr,False,"Bonsoir, Souhaite ouvrir un compte pro pour mes envois. Basé à Djerba. Cordialement.",bonsoir souhaite ouvrir un compte pro pour mes envois basé à djerba cordialement,AUTRE__fr
308,"Cher Service Client, Retard important sur ma commande. Numéro de suivi : COL-2026-25167. 30 jours de retard. Dans l'attente de votre réponse.",RETARD_LIVRAISON,,30.0,,,COL-2026-25167,fr,False,"Cher Service Client, Retard important sur ma commande. Numéro de suivi : COL-2026-25167. 30 jours de retard. Dans l'attente de votre réponse.",cher service client retard important sur ma commande numéro de suivi col 2026 25167 30 jours de retard dans l attente de votre réponse,RETARD_LIVRAISON__fr
481,"Cher Service Client, Le colis référence inconnue est en retard de 13 jours. Cordialement.",RETARD_LIVRAISON,,13.0,,,,fr,False,"Cher Service Client, Le colis référence inconnue est en retard de 13 jours. Cordialement.",cher service client le colis référence inconnue est en retard de 13 jours cordialement,RETARD_LIVRAISON__fr
30,"Bonjour, Le colis PKG-2026-83005 est bloqué à Tozeur. Il devait aller à Sousse. 6 semaines de perdu. Dans l'attente de votre réponse.",ERREUR_DESTINATION,,42.0,,Tozeur,PKG-2026-83005,fr,False,"Bonjour, Le colis PKG-2026-83005 est bloqué à Tozeur. Il devait aller à Sousse. 6 semaines de perdu. Dans l'attente de votre réponse.",bonjour le colis pkg 2026 83005 est bloqué à tozeur il devait aller à sousse 6 semaines de perdu dans l attente de votre réponse,ERREUR_DESTINATION__fr
2410,"Madame, Monsieur, Produit reçu abîmé. Emballage détruit. J attends un geste. Merci de votre retour.",PRODUIT_ENDOMMAGE,,,,,,fr,False,"Madame, Monsieur, Produit reçu abîmé. Emballage détruit. J attends un geste. Merci de votre retour.",madame monsieur produit reçu abîmé emballage détruit j attends un geste merci de votre retour,PRODUIT_ENDOMMAGE__fr
1341,"Madame, Monsieur, Bonjour, comment procéder au retour de ma commande ? Je souhaite un remboursement intégral de 49.40 dt. Merci de votre retour.",RETOUR_REMBOURSEMENT,,,49.40 dt,,,fr,False,"Madame, Monsieur, Bonjour, comment procéder au retour de ma commande ? Je souhaite un remboursement intégral de 49.40 dt. Merci de votre retour.",madame monsieur bonjour comment procéder au retour de ma commande je souhaite un remboursement intégral de 49 40 dt merci de votre retour,RETOUR_REMBOURSEMENT__fr
1266,"Franchement, Ma commande a totalement disparu. Numéro : TR-2025-41011. Livraison Ettadhamen. Enquête urgente demandée. Je saisirai un avocat si rien ne bouge.",PERTE_VOL,,,,Ettadhamen,TR-2025-41011,fr,False,"Franchement, Ma commande a totalement disparu. Numéro : TR-2025-41011. Livraison Ettadhamen. Enquête urgente demandée. Je saisirai un avocat si rien ne bouge.",franchement ma commande a totalement disparu numéro tr 2025 41011 livraison ettadhamen enquête urgente demandée je saisirai un avocat si rien ne bouge,PERTE_VOL__fr
1203,"Bonjour Madame, Monsieur, Mon téléphone est arrivé à Tozeur completement cassé. Ref LP-2023-95672. Il coûtait 1263 eur. Dans l'attente de votre réponse.",PRODUIT_ENDOMMAGE,,,1263 eur,Tozeur,LP-2023-95672,fr,True,"Bonjour Madame, Monsieur, Mon téléphone est arrivé à Tozeur completement cassé. Ref LP-2023-95672. Il coûtait 1263 eur. Dans l'attente de votre réponse.",bonjour madame monsieur mon téléphone est arrivé à tozeur completement cassé ref lp 2023 95672 il coûtait 1263 eur dans l attente de votre réponse,PRODUIT_ENDOMMAGE__fr
2087,"Hello, Service client injoignable. Ref COL-2024-32703. Aucune réponse.",QUALITE_SERVICE,,,,,COL-2024-32703,fr,False,"Hello, Service client injoignable. Ref COL-2024-32703. Aucune réponse.",hello service client injoignable ref col 2024 32703 aucune réponse,QUALITE_SERVICE__fr
876,"Bonjour, Livraison en retard à Kairouan. Cordialement.",RETARD_LIVRAISON,,,,Kairouan,,fr,False,"Bonjour, Livraison en retard à Kairouan. Cordialement.",bonjour livraison en retard à kairouan cordialement,RETARD_LIVRAISON__fr
1761,"Bonsoir, Comment obtenir une attestation de livraison ? Bien à vous.",AUTRE,,,,,,fr,False,"Bonsoir, Comment obtenir une attestation de livraison ? Bien à vous.",bonsoir comment obtenir une attestation de livraison bien à vous,AUTRE__fr
326,"Cher Service Client, Comment obtenir une attestation de livraison ? Cordialement.",AUTRE,,,,,,fr,False,"Cher Service Client, Comment obtenir une attestation de livraison ? Cordialement.",cher service client comment obtenir une attestation de livraison cordialement,AUTRE__fr
253,"Cher Service Client, Livraison en retard. Attendu le le 6 jui.. Merci de votre retour.",RETARD_LIVRAISON,le 6 jui.,,,,,fr,False,"Cher Service Client, Livraison en retard. Attendu le le 6 jui.. Merci de votre retour.",cher service client livraison en retard attendu le le 6 jui merci de votre retour,RETARD_LIVRAISON__fr
665,"Bonjour, Facture incorrecte : on m'a facturé 923,99 dinars pour la livraison COL-2024-18352, ce n'est pas le tarif convenu. Dans l'attente de votre réponse.",FACTURATION_PAIEMENT,,,"923,99 dinars",,COL-2024-18352,fr,False,"Bonjour, Facture incorrecte : on m'a facturé 923,99 dinars pour la livraison COL-2024-18352, ce n'est pas le tarif convenu. Dans l'attente de votre réponse.",bonjour facture incorrecte on m a facturé 923 99 dinars pour la livraison col 2024 18352 ce n est pas le tarif convenu dans l attente de votre réponse,FACTURATION_PAIEMENT__fr
1664,"Cher Service Client, Ma commande a totalement disparu. Numéro : ADR-2026-51203. prévue le 14 avril. Enquête urgente demandée. Bien à vous.",PERTE_VOL,14-avr.,,,,ADR-2026-51203,fr,False,"Cher Service Client, Ma commande a totalement disparu. Numéro : ADR-2026-51203. prévue le 14 avril. Enquête urgente demandée. Bien à vous.",cher service client ma commande a totalement disparu numéro adr 2026 51203 prévue le 14 avril enquête urgente demandée bien à vous,PERTE_VOL__fr
1910,"Bonjour, Colis expédié vers La Marsa par erreur. Ma vraie adresse est à Casablanca (colis PKG-2023-41876). À corriger. Bien à vous.",ERREUR_DESTINATION,,,,La Marsa,PKG-2023-41876,fr,False,"Bonjour, Colis expédié vers La Marsa par erreur. Ma vraie adresse est à Casablanca (colis PKG-2023-41876). À corriger. Bien à vous.",bonjour colis expédié vers la marsa par erreur ma vraie adresse est à casablanca colis pkg 2023 41876 à corriger bien à vous,ERREUR_DESTINATION__fr
1015,"Salut, Mon chaussures est arrivé à Casablanca completement cassé. Ref ADR-2023-87286. Merci d'avance.",PRODUIT_ENDOMMAGE,,,,Casablanca,ADR-2023-87286,fr,False,"Salut, Mon chaussures est arrivé à Casablanca completement cassé. Ref ADR-2023-87286. Merci d'avance.",salut mon chaussures est arrivé à casablanca completement cassé ref adr 2023 87286 merci d avance,PRODUIT_ENDOMMAGE__fr
2103,"Bonjour, Retard important sur ma commande. Numéro de suivi : LP-2023-15001. 9 jours de retard. Sincères salutations.",RETARD_LIVRAISON,,9.0,,,LP-2023-15001,fr,False,"Bonjour, Retard important sur ma commande. Numéro de suivi : LP-2023-15001. 9 jours de retard. Sincères salutations.",bonjour retard important sur ma commande numéro de suivi lp 2023 15001 9 jours de retard sincères salutations,RETARD_LIVRAISON__fr
1,"Ça suffit maintenant, Service client injoignable. Aucune réponse. Je veux parler à un responsable, IMMÉDIATEMENT.",QUALITE_SERVICE,,,,,,fr,False,"Ça suffit maintenant, Service client injoignable. Aucune réponse. Je veux parler à un responsable, IMMÉDIATEMENT.",ça suffit maintenant service client injoignable aucune réponse je veux parler à un responsable immédiatement,QUALITE_SERVICE__fr
790,"Bonjour, J'attends toujours mon remboursement de 1847.80 euros promis le 2025-07-03. C'est long ! Je vais résilier si ça continue.",RETOUR_REMBOURSEMENT,03/07/2025,,1847.80 euros,,,fr,True,"Bonjour, J'attends toujours mon remboursement de 1847.80 euros promis le 2025-07-03. C'est long ! Je vais résilier si ça continue.",bonjour j attends toujours mon remboursement de 1847 80 euros promis le 2025 07 03 c est long je vais résilier si ça continue,RETOUR_REMBOURSEMENT__fr
1155,"Bonjour, Facture incorrecte : on m'a facturé 1613 €, ce n'est pas le tarif convenu. Merci d'avance.",FACTURATION_PAIEMENT,,,1 613 €,,,fr,True,"Bonjour, Facture incorrecte : on m'a facturé 1613 €, ce n'est pas le tarif convenu. Merci d'avance.",bonjour facture incorrecte on m a facturé 1613 ce n est pas le tarif convenu merci d avance,FACTURATION_PAIEMENT__fr
798,"Bonsoir, Service client injoignable. Aucune réponse. Cordialement.",QUALITE_SERVICE,,,,,,fr,False,"Bonsoir, Service client injoignable. Aucune réponse. Cordialement.",bonsoir service client injoignable aucune réponse cordialement,QUALITE_SERVICE__fr
712,"Cher Service Client, Je veux annuler et être remboursé 1422.37dinars. Commande TRK-2024-96403. Dans l'attente de votre réponse.",RETOUR_REMBOURSEMENT,,,1422.37dinars,,TRK-2024-96403,fr,False,"Cher Service Client, Je veux annuler et être remboursé 1422.37dinars. Commande __TRACKING__-96403. Dans l'attente de votre réponse.",cher service client je veux annuler et être remboursé 1422 37dinars commande __tracking__ 96403 dans l attente de votre réponse,RETOUR_REMBOURSEMENT__fr
1733,"Bonjour, Comportement du livreur inacceptable. Il a jeté le colis COL-2025-77269 par-dessus le portail. Merci de votre retour.",QUALITE_SERVICE,,,,,COL-2025-77269,fr,False,"Bonjour, Comportement du livreur inacceptable. Il a jeté le colis COL-2025-77269 par-dessus le portail. Merci de votre retour.",bonjour comportement du livreur inacceptable il a jeté le colis col 2025 77269 par dessus le portail merci de votre retour,QUALITE_SERVICE__fr
1972,"Bonsoir, Le colis LP-2023-18106 est bloqué à Kasserine. Il devait aller à Madrid. Merci de votre retour.",ERREUR_DESTINATION,,,,Kasserine,LP-2023-18106,fr,False,"Bonsoir, Le colis LP-2023-18106 est bloqué à Kasserine. Il devait aller à Madrid. Merci de votre retour.",bonsoir le colis lp 2023 18106 est bloqué à kasserine il devait aller à madrid merci de votre retour,ERREUR_DESTINATION__fr
2256,"Je suis furieux, Service client injoignable. Aucune réponse. J'exige une réponse immédiate.",QUALITE_SERVICE,,,,,,fr,False,"Je suis furieux, Service client injoignable. Aucune réponse. J'exige une réponse immédiate.",je suis furieux service client injoignable aucune réponse j exige une réponse immédiate,QUALITE_SERVICE__fr
2066,"Ça suffit maintenant, Adresse de livraison ignorée. Envoi effectué vers Nice au lieu de La Marsa. Ref : EXP-2023-48149. Dernière chance avant plainte officielle.",ERREUR_DESTINATION,,,,Nice,EXP-2023-48149,fr,False,"Ça suffit maintenant, Adresse de livraison ignorée. Envoi effectué vers Nice au lieu de La Marsa. Ref : EXP-2023-48149. Dernière chance avant plainte officielle.",ça suffit maintenant adresse de livraison ignorée envoi effectué vers nice au lieu de la marsa ref exp 2023 48149 dernière chance avant plainte officielle,ERREUR_DESTINATION__fr
1678,"Hello, J'attends toujours mon remboursement de 614,33 DT. C'est long !",RETOUR_REMBOURSEMENT,,,"614,33 DT",,,fr,False,"Hello, J'attends toujours mon remboursement de 614,33 DT. C'est long !",hello j attends toujours mon remboursement de 614 33 dt c est long,RETOUR_REMBOURSEMENT__fr
683,"Bonjour, Prélèvement erroné de 1567 EUR. Merci de rectifier. Dans l'attente de votre réponse.",FACTURATION_PAIEMENT,,,1567 EUR,,,fr,True,"Bonjour, Prélèvement erroné de 1567 EUR. Merci de rectifier. Dans l'attente de votre réponse.",bonjour prélèvement erroné de 1567 eur merci de rectifier dans l attente de votre réponse,FACTURATION_PAIEMENT__fr
373,"Cher Service Client, Question : est-ce que vous livrez le dimanche ? Bien à vous.",AUTRE,,,,,,fr,False,"Cher Service Client, Question : est-ce que vous livrez le dimanche ? Bien à vous.",cher service client question est ce que vous livrez le dimanche bien à vous,AUTRE__fr
76,Souhaite ouvrir un compte pro pour mes envois. Volume mensuel estimé : 1196.25 euros de frais. À bientôt.,AUTRE,,,1196.25 euros,,,fr,True,Souhaite ouvrir un compte pro pour mes envois. Volume mensuel estimé : 1196.25 euros de frais. À bientôt.,souhaite ouvrir un compte pro pour mes envois volume mensuel estimé 1196 25 euros de frais à bientôt,AUTRE__fr
1591,"Cher Service Client, Adresse de livraison ignorée. Envoi effectué vers Bordeaux au lieu de Tunis. Ref : TRK-2026-43728. Bien à vous.",ERREUR_DESTINATION,,,,Bordeaux,TRK-2026-43728,fr,False,"Cher Service Client, Adresse de livraison ignorée. Envoi effectué vers Bordeaux au lieu de Tunis. Ref : __TRACKING__-43728. Bien à vous.",cher service client adresse de livraison ignorée envoi effectué vers bordeaux au lieu de tunis ref __tracking__ 43728 bien à vous,ERREUR_DESTINATION__fr
2279,"Bonsoir, Le colis COL-2024-14073 est marqué livré à Djerba le 2024-06-04, mais je n'ai rien reçu. Je pense qu'il a été volé. Sincères salutations.",PERTE_VOL,04/06/2024,,,Djerba,COL-2024-14073,fr,False,"Bonsoir, Le colis COL-2024-14073 est marqué livré à Djerba le 2024-06-04, mais je n'ai rien reçu. Je pense qu'il a été volé. Sincères salutations.",bonsoir le colis col 2024 14073 est marqué livré à djerba le 2024 06 04 mais je n ai rien reçu je pense qu il a été volé sincères salutations,PERTE_VOL__fr
389,"Cher Service Client, Bonjour, demande de devis pour un envoi de 11 tonnes. Bien à vous.",AUTRE,,,,,,fr,False,"Cher Service Client, Bonjour, demande de devis pour un envoi de 11 tonnes. Bien à vous.",cher service client bonjour demande de devis pour un envoi de 11 tonnes bien à vous,AUTRE__fr
829,"Écoutez, Facture incorrecte : on m'a facturé 1410 € pour la livraison PKG-2024-41632, ce n'est pas le tarif convenu. Je vais résilier si ça continue.",FACTURATION_PAIEMENT,,,1 410 €,,PKG-2024-41632,fr,True,"Écoutez, Facture incorrecte : on m'a facturé 1410 € pour la livraison PKG-2024-41632, ce n'est pas le tarif convenu. Je vais résilier si ça continue.",écoutez facture incorrecte on m a facturé 1410 pour la livraison pkg 2024 41632 ce n est pas le tarif convenu je vais résilier si ça continue,FACTURATION_PAIEMENT__fr
1959,"Bonsoir, Reception d'un colis défectueux. LP-2023-20851. L'article est brisé, inutilisable en l'état. Dans l'attente de votre réponse.",PRODUIT_ENDOMMAGE,,,,,LP-2023-20851,fr,False,"Bonsoir, Reception d'un colis défectueux. LP-2023-20851. L'article est brisé, inutilisable en l'état. Dans l'attente de votre réponse.",bonsoir reception d un colis défectueux lp 2023 20851 l article est brisé inutilisable en l état dans l attente de votre réponse,PRODUIT_ENDOMMAGE__fr
258,"Hello, On m'a livré à la mauvaise ville. Numéro ADR-2023-98185. Destination erronée : Sousse. Correcte : Bizerte. À bientôt.",ERREUR_DESTINATION,,,,Sousse,ADR-2023-98185,fr,False,"Hello, On m'a livré à la mauvaise ville. Numéro ADR-2023-98185. Destination erronée : Sousse. Correcte : Bizerte. À bientôt.",hello on m a livré à la mauvaise ville numéro adr 2023 98185 destination erronée sousse correcte bizerte à bientôt,ERREUR_DESTINATION__fr
506,"Bonjour, Colis TRK-2023-29252 égaré dans le circuit. Départ Sousse. Bloqué depuis 5 semaines. Merci beaucoup.",PERTE_VOL,,35.0,,Sousse,TRK-2023-29252,fr,False,"Bonjour, Colis __TRACKING__-29252 égaré dans le circuit. Départ Sousse. Bloqué depuis 5 semaines. Merci beaucoup.",bonjour colis __tracking__ 29252 égaré dans le circuit départ sousse bloqué depuis 5 semaines merci beaucoup,PERTE_VOL__fr
2186,"Bonjour Madame, Monsieur, Je souhaite retourner ma commande et être remboursé de 1683euros. Merci. Sincères salutations.",RETOUR_REMBOURSEMENT,,,1683euros,,,fr,True,"Bonjour Madame, Monsieur, Je souhaite retourner ma commande et être remboursé de 1683euros. Merci. Sincères salutations.",bonjour madame monsieur je souhaite retourner ma commande et être remboursé de 1683euros merci sincères salutations,RETOUR_REMBOURSEMENT__fr
676,"Bonjour, Adresse de livraison ignorée. Envoi effectué vers Tozeur au lieu de Toulouse. Ref : ADR-2026-60504. Bien à vous.",ERREUR_DESTINATION,,,,Tozeur,ADR-2026-60504,fr,False,"Bonjour, Adresse de livraison ignorée. Envoi effectué vers Tozeur au lieu de Toulouse. Ref : ADR-2026-60504. Bien à vous.",bonjour adresse de livraison ignorée envoi effectué vers tozeur au lieu de toulouse ref adr 2026 60504 bien à vous,ERREUR_DESTINATION__fr
853,"Bonsoir, Bonjour, demande de devis pour un envoi de 17 tonnes vers Mahdia. Cordialement.",AUTRE,,,,Mahdia,,fr,False,"Bonsoir, Bonjour, demande de devis pour un envoi de 17 tonnes vers Mahdia. Cordialement.",bonsoir bonjour demande de devis pour un envoi de 17 tonnes vers mahdia cordialement,AUTRE__fr
2499,C'est inadmissible ! Livraison en retard à Lyon. Ref EXP-2025-88764. Je ne VEUX plus jamais utiliser vos services!!!,RETARD_LIVRAISON,,,,Lyon,EXP-2025-88764,fr,False,C'est inadmissible ! Livraison en retard à Lyon. Ref EXP-2025-88764. Je ne VEUX plus jamais utiliser vos services!!!,c est inadmissible livraison en retard à lyon ref exp 2025 88764 je ne veux plus jamais utiliser vos services,RETARD_LIVRAISON__fr
48,"Bonjour, Demande de remboursement de la somme payée pour le colis CMR-2025-14224 commandé le 30/03/2024. Produit non conforme. Je ne veux plus jamais utiliser vos services.",RETOUR_REMBOURSEMENT,30/03/2024,,,,CMR-2025-14224,fr,False,"Bonjour, Demande de remboursement de la somme payée pour le colis CMR-2025-14224 commandé le 30/03/2024. Produit non conforme. Je ne veux plus jamais utiliser vos services.",bonjour demande de remboursement de la somme payée pour le colis cmr 2025 14224 commandé le 30 03 2024 produit non conforme je ne veux plus jamais utiliser vos services,RETOUR_REMBOURSEMENT__fr
1090,"Bonjour Madame, Monsieur, Le colis PKG-2025-43436 est en retard de 26 jours. Cordialement.",RETARD_LIVRAISON,,26.0,,,PKG-2025-43436,fr,False,"Bonjour Madame, Monsieur, Le colis PKG-2025-43436 est en retard de 26 jours. Cordialement.",bonjour madame monsieur le colis pkg 2025 43436 est en retard de 26 jours cordialement,RETARD_LIVRAISON__fr
2391,"Hello, J'attends toujours mon remboursement de 1145.96DT promis le dimanche. C'est long ! Merci d'avance.",RETOUR_REMBOURSEMENT,dimanche,,1145.96DT,,,fr,False,"Hello, J'attends toujours mon remboursement de 1145.96DT promis le dimanche. C'est long ! Merci d'avance.",hello j attends toujours mon remboursement de 1145 96dt promis le dimanche c est long merci d avance,RETOUR_REMBOURSEMENT__fr
2474,"Salut, Prélèvement erroné de 1182.63 euros constaté le 2024-02-19. Je patiente depuis 42 jours. Merci de rectifier. Merci d'avance.",FACTURATION_PAIEMENT,19/02/2024,42.0,1182.63 euros,,,fr,True,"Salut, Prélèvement erroné de 1182.63 euros constaté le 2024-02-19. Je patiente depuis 42 jours. Merci de rectifier. Merci d'avance.",salut prélèvement erroné de 1182 63 euros constaté le 2024 02 19 je patiente depuis 42 jours merci de rectifier merci d avance,FACTURATION_PAIEMENT__fr
1242,"Ça suffit maintenant, Le colis CMR-2023-72244 est en RETARD de 1 semaine. Livraison prévue à Ezzahra. C'est inacceptable !",RETARD_LIVRAISON,,7.0,,Ezzahra,CMR-2023-72244,fr,False,"Ça suffit maintenant, Le colis CMR-2023-72244 est en RETARD de 1 semaine. Livraison prévue à Ezzahra. C'est inacceptable !",ça suffit maintenant le colis cmr 2023 72244 est en retard de 1 semaine livraison prévue à ezzahra c est inacceptable,RETARD_LIVRAISON__fr
1930,"Salut, Mon livre est arrivé à Gabès completement cassé. Il coûtait 56.71€. Merci !",PRODUIT_ENDOMMAGE,,,56.71€,Gabès,,fr,True,"Salut, Mon livre est arrivé à Gabès completement cassé. Il coûtait 56.71€. Merci !",salut mon livre est arrivé à gabès completement cassé il coûtait 56 71 merci,PRODUIT_ENDOMMAGE__fr
1344,"Je suis furieux, Ma commande COL-2023-97915 devait arriver à Djerba le 2024-05-21, toujours rien reçu. Je veux PARLER à un responsable, IMMÉDIATEMENT.",RETARD_LIVRAISON,21/05/2024,,,Djerba,COL-2023-97915,fr,False,"Je suis furieux, Ma commande COL-2023-97915 devait arriver à Djerba le 2024-05-21, toujours rien reçu. Je veux PARLER à un responsable, IMMÉDIATEMENT.",je suis furieux ma commande col 2023 97915 devait arriver à djerba le 2024 05 21 toujours rien reçu je veux parler à un responsable immédiatement,RETARD_LIVRAISON__fr
1795,"Madame, Monsieur, Le colis PKG-2025-45582 est bloqué à Médenine. Il devait aller à Mahdia. 39 jours de perdu. Merci de votre retour.",ERREUR_DESTINATION,,39.0,,Médenine,PKG-2025-45582,fr,False,"Madame, Monsieur, Le colis PKG-2025-45582 est bloqué à Médenine. Il devait aller à Mahdia. 39 jours de perdu. Merci de votre retour.",madame monsieur le colis pkg 2025 45582 est bloqué à médenine il devait aller à mahdia 39 jours de perdu merci de votre retour,ERREUR_DESTINATION__fr
1226,"Cher Service Client, Prélèvement erroné de 417,14 euros constaté le 2024-12-01. Je patiente depuis 30 jours. Merci de rectifier. Merci de votre retour.",FACTURATION_PAIEMENT,01/12/2024,30.0,"417,14 euros",,,fr,True,"Cher Service Client, Prélèvement erroné de 417,14 euros constaté le 2024-12-01. Je patiente depuis 30 jours. Merci de rectifier. Merci de votre retour.",cher service client prélèvement erroné de 417 14 euros constaté le 2024 12 01 je patiente depuis 30 jours merci de rectifier merci de votre retour,FACTURATION_PAIEMENT__fr
1131,"Bonjour Madame, Monsieur, Adresse de livraison ignorée. Envoi effectué vers Bordeaux au lieu de Kasserine. Ref : ADR-2024-97163. Merci de votre retour.",ERREUR_DESTINATION,,,,Bordeaux,ADR-2024-97163,fr,False,"Bonjour Madame, Monsieur, Adresse de livraison ignorée. Envoi effectué vers Bordeaux au lieu de Kasserine. Ref : ADR-2024-97163. Merci de votre retour.",bonjour madame monsieur adresse de livraison ignorée envoi effectué vers bordeaux au lieu de kasserine ref adr 2024 97163 merci de votre retour,ERREUR_DESTINATION__fr
1661,"Je suis furieux, On m'a livré à la mauvaise ville. Numéro PKG-2025-62222. Destination erronée : La Marsa. Correcte : Ettadhamen. Reçu le 26/09/2024. Réagissez !",ERREUR_DESTINATION,26/09/2024,,,La Marsa,PKG-2025-62222,fr,False,"Je suis furieux, On m'a livré à la mauvaise ville. Numéro PKG-2025-62222. Destination erronée : La Marsa. Correcte : Ettadhamen. Reçu le 26/09/2024. Réagissez !",je suis furieux on m a livré à la mauvaise ville numéro pkg 2025 62222 destination erronée la marsa correcte ettadhamen reçu le 26 09 2024 réagissez,ERREUR_DESTINATION__fr
47,Je n'ai jamais reçu mon colis ADR-2023-85066. Il devait arriver à Kasserine. Perdu ? Merci d'avance.,PERTE_VOL,,,,Kasserine,ADR-2023-85066,fr,False,Je n'ai jamais reçu mon colis ADR-2023-85066. Il devait arriver à Kasserine. Perdu ? Merci d'avance.,je n ai jamais reçu mon colis adr 2023 85066 il devait arriver à kasserine perdu merci d avance,PERTE_VOL__fr
634,"Madame, Monsieur, Livraison en retard. Attendu le le 21 mar.. Merci de votre retour.",RETARD_LIVRAISON,le 21 mar.,,,,,fr,False,"Madame, Monsieur, Livraison en retard. Attendu le le 21 mar.. Merci de votre retour.",madame monsieur livraison en retard attendu le le 21 mar merci de votre retour,RETARD_LIVRAISON__fr
895,"Bonjour, Service client injoignable. Attente depuis 29 jours. Aucune réponse. Merci de votre retour.",QUALITE_SERVICE,,29.0,,,,fr,False,"Bonjour, Service client injoignable. Attente depuis 29 jours. Aucune réponse. Merci de votre retour.",bonjour service client injoignable attente depuis 29 jours aucune réponse merci de votre retour,QUALITE_SERVICE__fr
1529,"Bonjour, Livraison en retard à Casablanca. Ref CMR-2025-18337. Attendu le mercredi. Je veux parler à un responsable, IMMÉDIATEMENT.",RETARD_LIVRAISON,mercredi,,,Casablanca,CMR-2025-18337,fr,False,"Bonjour, Livraison en retard à Casablanca. Ref CMR-2025-18337. Attendu le mercredi. Je veux parler à un responsable, IMMÉDIATEMENT.",bonjour livraison en retard à casablanca ref cmr 2025 18337 attendu le mercredi je veux parler à un responsable immédiatement,RETARD_LIVRAISON__fr
328,"Écoutez, Simple question : puis-je changer l'adresse de livraison pour Zaghouan ? Je veux parler à un responsable, IMMÉDIATEMENT.",AUTRE,,,,Zaghouan,,fr,False,"Écoutez, Simple question : puis-je changer l'adresse de livraison pour Zaghouan ? Je veux parler à un responsable, IMMÉDIATEMENT.",écoutez simple question puis je changer l adresse de livraison pour zaghouan je veux parler à un responsable immédiatement,AUTRE__fr
873,"Bonjour, Livraison en retard. Ref TR-2025-80157. Attendu le lundi.",RETARD_LIVRAISON,lundi,,,,TR-2025-80157,fr,False,"Bonjour, Livraison en retard. Ref TR-2025-80157. Attendu le lundi.",bonjour livraison en retard ref tr 2025 80157 attendu le lundi,RETARD_LIVRAISON__fr
300,"Hello, Livreur arrivé à Nabeul, n'a même pas sonné. Colis déposé n'importe où. Merci !",QUALITE_SERVICE,,,,Nabeul,,fr,False,"Hello, Livreur arrivé à Nabeul, n'a même pas sonné. Colis déposé n'importe où. Merci !",hello livreur arrivé à nabeul n a même pas sonné colis déposé n importe où merci,QUALITE_SERVICE__fr
2427,"Bonsoir, Colis TRK-2024-83638 égaré dans le circuit. Départ Milan. Bloqué depuis 8 semaines. Merci de votre retour.",PERTE_VOL,,56.0,,Milan,TRK-2024-83638,fr,False,"Bonsoir, Colis __TRACKING__-83638 égaré dans le circuit. Départ Milan. Bloqué depuis 8 semaines. Merci de votre retour.",bonsoir colis __tracking__ 83638 égaré dans le circuit départ milan bloqué depuis 8 semaines merci de votre retour,PERTE_VOL__fr
1457,"Bonjour, Le colis sans référence est marqué livré à Médenine, mais je n'ai rien reçu. Je pense qu'il a été volé. Sincères salutations.",PERTE_VOL,,,,Médenine,,fr,False,"Bonjour, Le colis sans référence est marqué livré à Médenine, mais je n'ai rien reçu. Je pense qu'il a été volé. Sincères salutations.",bonjour le colis sans référence est marqué livré à médenine mais je n ai rien reçu je pense qu il a été volé sincères salutations,PERTE_VOL__fr
1713,"Bonjour, Le colis COL-2025-15470 est marqué livré à Nabeul le 2025-02-16, mais je n'ai rien reçu. Je pense qu'il a été volé. Bien à vous.",PERTE_VOL,16/02/2025,,,Nabeul,COL-2025-15470,fr,False,"Bonjour, Le colis COL-2025-15470 est marqué livré à Nabeul le 2025-02-16, mais je n'ai rien reçu. Je pense qu'il a été volé. Bien à vous.",bonjour le colis col 2025 15470 est marqué livré à nabeul le 2025 02 16 mais je n ai rien reçu je pense qu il a été volé bien à vous,PERTE_VOL__fr
1785,"Bonjour, Erreur d'adresse : le colis ADR-2024-59832 est parti sur La Marsa, moi je suis à Zaghouan. Que faire ? Merci d'avance.",ERREUR_DESTINATION,,,,La Marsa,ADR-2024-59832,fr,False,"Bonjour, Erreur d'adresse : le colis ADR-2024-59832 est parti sur La Marsa, moi je suis à Zaghouan. Que faire ? Merci d'avance.",bonjour erreur d adresse le colis adr 2024 59832 est parti sur la marsa moi je suis à zaghouan que faire merci d avance,ERREUR_DESTINATION__fr
1070,"Le colis BL-2025-67031 est marqué livré le 2025-08-14, mais je n'ai rien reçu. Je pense qu'il a été volé. Merci !",PERTE_VOL,14/08/2025,,,,BL-2025-67031,fr,False,"Le colis BL-2025-67031 est marqué livré le 2025-08-14, mais je n'ai rien reçu. Je pense qu'il a été volé. Merci !",le colis bl 2025 67031 est marqué livré le 2025 08 14 mais je n ai rien reçu je pense qu il a été volé merci,PERTE_VOL__fr
2094,"Madame, Monsieur, Demande de remboursement de 783,99 €. Produit non conforme. Sincères salutations.",RETOUR_REMBOURSEMENT,,,"783,99 €",,,fr,True,"Madame, Monsieur, Demande de remboursement de 783,99 €. Produit non conforme. Sincères salutations.",madame monsieur demande de remboursement de 783 99 produit non conforme sincères salutations,RETOUR_REMBOURSEMENT__fr
1441,"Cher Service Client, On m'a livré à la mauvaise ville. Destination erronée : Nabeul. Correcte : La Marsa. Cordialement.",ERREUR_DESTINATION,,,,Nabeul,,fr,False,"Cher Service Client, On m'a livré à la mauvaise ville. Destination erronée : Nabeul. Correcte : La Marsa. Cordialement.",cher service client on m a livré à la mauvaise ville destination erronée nabeul correcte la marsa cordialement,ERREUR_DESTINATION__fr
2291,"Coucou, Colis introuvable à Tunis. Ref BL-2025-13600.",PERTE_VOL,,,,Tunis,BL-2025-13600,fr,False,"Coucou, Colis introuvable à Tunis. Ref BL-2025-13600.",coucou colis introuvable à tunis ref bl 2025 13600,PERTE_VOL__fr
1019,"Hello, Je souhaite retourner ma commande et être remboursé. Merci. À bientôt.",RETOUR_REMBOURSEMENT,,,,,,fr,False,"Hello, Je souhaite retourner ma commande et être remboursé. Merci. À bientôt.",hello je souhaite retourner ma commande et être remboursé merci à bientôt,RETOUR_REMBOURSEMENT__fr
1475,"Salut, Ma commande a totalement disparu. Numéro : LP-2026-30670. Livraison Hammamet. Enquête urgente demandée. À bientôt.",PERTE_VOL,,,,Hammamet,LP-2026-30670,fr,False,"Salut, Ma commande a totalement disparu. Numéro : LP-2026-30670. Livraison Hammamet. Enquête urgente demandée. À bientôt.",salut ma commande a totalement disparu numéro lp 2026 30670 livraison hammamet enquête urgente demandée à bientôt,PERTE_VOL__fr
494,C'est inadmissible ! Mon colis CMR-2023-28811 a été livré à Gafsa alors que j'habite à Hammamet. J'exige une réponse immédiate!!,ERREUR_DESTINATION,,,,Gafsa,CMR-2023-28811,fr,False,C'est inadmissible ! Mon colis CMR-2023-28811 a été livré à Gafsa alors que j'habite à Hammamet. J'exige une réponse immédiate!!,c est inadmissible mon colis cmr 2023 28811 a été livré à gafsa alors que j habite à hammamet j exige une réponse immédiate,ERREUR_DESTINATION__fr
5,"Bonjour Madame, Monsieur, Double prélèvement : 1652,08 € le jour même. À corriger d'urgence. Cordialement.",FACTURATION_PAIEMENT,,,"1 652,08 €",,,fr,True,"Bonjour Madame, Monsieur, Double prélèvement : 1652,08 € le jour même. À corriger d'urgence. Cordialement.",bonjour madame monsieur double prélèvement 1652 08 le jour même à corriger d urgence cordialement,FACTURATION_PAIEMENT__fr
1187,"Je suis furieux, Aucune nouvelle de ma livraison. Attendue à Ariana. Cela fait 31 jours d'attente. J'exige une réponse immédiate.",RETARD_LIVRAISON,,31.0,,Ariana,,fr,False,"Je suis furieux, Aucune nouvelle de ma livraison. Attendue à Ariana. Cela fait 31 jours d'attente. J'exige une réponse immédiate.",je suis furieux aucune nouvelle de ma livraison attendue à ariana cela fait 31 jours d attente j exige une réponse immédiate,RETARD_LIVRAISON__fr
205,"Bonjour, Livraison en retard à Nabeul. Dans l'attente de votre réponse.",RETARD_LIVRAISON,,,,Nabeul,,fr,False,"Bonjour, Livraison en retard à Nabeul. Dans l'attente de votre réponse.",bonjour livraison en retard à nabeul dans l attente de votre réponse,RETARD_LIVRAISON__fr
1136,"Bonjour, Ma commande a totalement disparu. Numéro : TRK-2023-58272. Livraison Rome prévue le 2 août. Enquête urgente demandée. Sincères salutations.",PERTE_VOL,02-août,,,Rome,TRK-2023-58272,fr,False,"Bonjour, Ma commande a totalement disparu. Numéro : __TRACKING__-58272. Livraison Rome prévue le 2 août. Enquête urgente demandée. Sincères salutations.",bonjour ma commande a totalement disparu numéro __tracking__ 58272 livraison rome prévue le 2 août enquête urgente demandée sincères salutations,PERTE_VOL__fr
1088,"Bonjour Madame, Monsieur, Question facturation. On me demande 529,22 eur pour LP-2023-94426, alors que rien n'a été livré. Explication ? Dans l'attente de votre réponse.",FACTURATION_PAIEMENT,,,"529,22 eur",,LP-2023-94426,fr,True,"Bonjour Madame, Monsieur, Question facturation. On me demande 529,22 eur pour LP-2023-94426, alors que rien n'a été livré. Explication ? Dans l'attente de votre réponse.",bonjour madame monsieur question facturation on me demande 529 22 eur pour lp 2023 94426 alors que rien n a été livré explication dans l attente de votre réponse,FACTURATION_PAIEMENT__fr
201,"Hello, La boîte du colis BL-2025-78731 est arrivée écrasée à Kairouan et tout est en miettes. Merci beaucoup.",PRODUIT_ENDOMMAGE,,,,Kairouan,BL-2025-78731,fr,False,"Hello, La boîte du colis BL-2025-78731 est arrivée écrasée à Kairouan et tout est en miettes. Merci beaucoup.",hello la boîte du colis bl 2025 78731 est arrivée écrasée à kairouan et tout est en miettes merci beaucoup,PRODUIT_ENDOMMAGE__fr
1625,"Bonsoir, Erreur d'adresse : le colis EXP-2025-77618 est parti sur La Marsa, moi je suis à El Menzah. Que faire ? Sincères salutations.",ERREUR_DESTINATION,,,,La Marsa,EXP-2025-77618,fr,False,"Bonsoir, Erreur d'adresse : le colis EXP-2025-77618 est parti sur La Marsa, moi je suis à El Menzah. Que faire ? Sincères salutations.",bonsoir erreur d adresse le colis exp 2025 77618 est parti sur la marsa moi je suis à el menzah que faire sincères salutations,ERREUR_DESTINATION__fr
2440,"Bonjour, Question : est-ce que vous livrez le dimanche ? Sincères salutations.",AUTRE,,,,,,fr,False,"Bonjour, Question : est-ce que vous livrez le dimanche ? Sincères salutations.",bonjour question est ce que vous livrez le dimanche sincères salutations,AUTRE__fr
2055,"Bonjour, Comportement du livreur inacceptable à Ettadhamen. Il a jeté le colis LP-2023-59099 par-dessus le portail. Je saisirai un avocat si rien ne bouge!!!",QUALITE_SERVICE,,,,Ettadhamen,LP-2023-59099,fr,False,"Bonjour, Comportement du livreur inacceptable à Ettadhamen. Il a jeté le colis LP-2023-59099 par-dessus le portail. Je saisirai un avocat si rien ne bouge!!!",bonjour comportement du livreur inacceptable à ettadhamen il a jeté le colis lp 2023 59099 par dessus le portail je saisirai un avocat si rien ne bouge,QUALITE_SERVICE__fr
1499,"Bonjour, Colis perdu égaré dans le circuit. Bloqué depuis 12 jours. Bien à vous.",PERTE_VOL,,12.0,,,,fr,False,"Bonjour, Colis perdu égaré dans le circuit. Bloqué depuis 12 jours. Bien à vous.",bonjour colis perdu égaré dans le circuit bloqué depuis 12 jours bien à vous,PERTE_VOL__fr
2459,"Bonjour Madame, Monsieur, Prélèvement erroné de 856DT constaté le 25/06/2025. Merci de rectifier. Bien à vous.",FACTURATION_PAIEMENT,25/06/2025,,856DT,,,fr,False,"Bonjour Madame, Monsieur, Prélèvement erroné de 856DT constaté le 25/06/2025. Merci de rectifier. Bien à vous.",bonjour madame monsieur prélèvement erroné de 856dt constaté le 25 06 2025 merci de rectifier bien à vous,FACTURATION_PAIEMENT__fr
699,Produit reçu abîmé. Emballage détruit. J attends un geste. Merci d'avance.,PRODUIT_ENDOMMAGE,,,,,,fr,False,Produit reçu abîmé. Emballage détruit. J attends un geste. Merci d'avance.,produit reçu abîmé emballage détruit j attends un geste merci d avance,PRODUIT_ENDOMMAGE__fr
2223,"Coucou, Livraison en retard à Ben Arous. Merci !",RETARD_LIVRAISON,,,,Ben Arous,,fr,False,"Coucou, Livraison en retard à Ben Arous. Merci !",coucou livraison en retard à ben arous merci,RETARD_LIVRAISON__fr
2146,"Bonjour, Facture incorrecte : on m'a facturé 1288.03euros pour la livraison COL-2026-81932 à Ben Arous, ce n'est pas le tarif convenu.",FACTURATION_PAIEMENT,,,1288.03euros,Ben Arous,COL-2026-81932,fr,True,"Bonjour, Facture incorrecte : on m'a facturé 1288.03euros pour la livraison COL-2026-81932 à Ben Arous, ce n'est pas le tarif convenu.",bonjour facture incorrecte on m a facturé 1288 03euros pour la livraison col 2026 81932 à ben arous ce n est pas le tarif convenu,FACTURATION_PAIEMENT__fr
830,"Madame, Monsieur, Le tracking indique 'livré' à Ben Arous, mais rien à la maison. Colis ADR-2024-71515 volé je pense. Dans l'attente de votre réponse.",PERTE_VOL,,,,Ben Arous,ADR-2024-71515,fr,False,"Madame, Monsieur, Le tracking indique 'livré' à Ben Arous, mais rien à la maison. Colis ADR-2024-71515 volé je pense. Dans l'attente de votre réponse.",madame monsieur le tracking indique livré à ben arous mais rien à la maison colis adr 2024 71515 volé je pense dans l attente de votre réponse,PERTE_VOL__fr
2399,"Coucou, Bonjour, demande de devis pour un envoi de 4 tonnes. Merci beaucoup.",AUTRE,,,,,,fr,False,"Coucou, Bonjour, demande de devis pour un envoi de 4 tonnes. Merci beaucoup.",coucou bonjour demande de devis pour un envoi de 4 tonnes merci beaucoup,AUTRE__fr
1775,"Cher Service Client, Toujours pas livré à Monastir, 13 jours de retard. C'est long. Merci de votre retour.",RETARD_LIVRAISON,,13.0,,Monastir,,fr,False,"Cher Service Client, Toujours pas livré à Monastir, 13 jours de retard. C'est long. Merci de votre retour.",cher service client toujours pas livré à monastir 13 jours de retard c est long merci de votre retour,RETARD_LIVRAISON__fr
2166,"Madame, Monsieur, Bonjour, comment procéder au retour de ma commande ? Je souhaite un remboursement intégral de 1634 €. Merci de votre retour.",RETOUR_REMBOURSEMENT,,,1 634 €,,,fr,True,"Madame, Monsieur, Bonjour, comment procéder au retour de ma commande ? Je souhaite un remboursement intégral de 1634 €. Merci de votre retour.",madame monsieur bonjour comment procéder au retour de ma commande je souhaite un remboursement intégral de 1634 merci de votre retour,RETOUR_REMBOURSEMENT__fr
1784,"Bonsoir, Colis perdu égaré dans le circuit. Départ Kasserine. Bloqué depuis 6 semaines. Bien à vous.",PERTE_VOL,,42.0,,Kasserine,,fr,False,"Bonsoir, Colis perdu égaré dans le circuit. Départ Kasserine. Bloqué depuis 6 semaines. Bien à vous.",bonsoir colis perdu égaré dans le circuit départ kasserine bloqué depuis 6 semaines bien à vous,PERTE_VOL__fr
948,"Cher Service Client, Livraison en retard à Toulouse. Sincères salutations.",RETARD_LIVRAISON,,,,Toulouse,,fr,False,"Cher Service Client, Livraison en retard à Toulouse. Sincères salutations.",cher service client livraison en retard à toulouse sincères salutations,RETARD_LIVRAISON__fr
1300,"Hello, Ma commande de 1797.49 DT a totalement disparu. Numéro : COL-2024-23574.. Enquête urgente demandée. Merci beaucoup.",PERTE_VOL,,,1797.49 DT,,COL-2024-23574,fr,False,"Hello, Ma commande de 1797.49 DT a totalement disparu. Numéro : COL-2024-23574.. Enquête urgente demandée. Merci beaucoup.",hello ma commande de 1797 49 dt a totalement disparu numéro col 2024 23574 enquête urgente demandée merci beaucoup,PERTE_VOL__fr
1378,"Le colis LP-2025-44556 est bloqué à Rabat. Il devait aller à Marseille. Je veux parler à un responsable, IMMÉDIATEMENT!!",ERREUR_DESTINATION,,,,Rabat,LP-2025-44556,fr,False,"Le colis LP-2025-44556 est bloqué à Rabat. Il devait aller à Marseille. Je veux parler à un responsable, IMMÉDIATEMENT!!",le colis lp 2025 44556 est bloqué à rabat il devait aller à marseille je veux parler à un responsable immédiatement,ERREUR_DESTINATION__fr
1347,"Bonsoir, Toujours pas livré à Ben Arous, colis CMR-2023-98417. C'est long. Merci d'avance.",RETARD_LIVRAISON,,,,Ben Arous,CMR-2023-98417,fr,False,"Bonsoir, Toujours pas livré à Ben Arous, colis CMR-2023-98417. C'est long. Merci d'avance.",bonsoir toujours pas livré à ben arous colis cmr 2023 98417 c est long merci d avance,RETARD_LIVRAISON__fr
2267,"Cher Service Client, Aucune nouvelle de ma livraison. Attendue à Berlin le 21/07. Cela fait 32 jours d'attente. Cordialement.",RETARD_LIVRAISON,21-juil.,32.0,,Berlin,,fr,False,"Cher Service Client, Aucune nouvelle de ma livraison. Attendue à Berlin le 21/07. Cela fait 32 jours d'attente. Cordialement.",cher service client aucune nouvelle de ma livraison attendue à berlin le 21 07 cela fait 32 jours d attente cordialement,RETARD_LIVRAISON__fr
556,"Bonjour Madame, Monsieur, Le colis référence inconnue est en retard. Merci d'avance.",RETARD_LIVRAISON,,,,,,fr,False,"Bonjour Madame, Monsieur, Le colis référence inconnue est en retard. Merci d'avance.",bonjour madame monsieur le colis référence inconnue est en retard merci d avance,RETARD_LIVRAISON__fr
1808,"Salut, Comportement du livreur inacceptable. Il a jeté le colis par-dessus le portail. Merci d'avance.",QUALITE_SERVICE,,,,,,fr,False,"Salut, Comportement du livreur inacceptable. Il a jeté le colis par-dessus le portail. Merci d'avance.",salut comportement du livreur inacceptable il a jeté le colis par dessus le portail merci d avance,QUALITE_SERVICE__fr
905,"Bonjour Madame, Monsieur, Simple question : puis-je changer l'adresse de livraison pour Ezzahra ? Commande TRK-2026-59556. Merci d'avance.",AUTRE,,,,Ezzahra,TRK-2026-59556,fr,False,"Bonjour Madame, Monsieur, Simple question : puis-je changer l'adresse de livraison pour Ezzahra ? Commande __TRACKING__-59556. Merci d'avance.",bonjour madame monsieur simple question puis je changer l adresse de livraison pour ezzahra commande __tracking__ 59556 merci d avance,AUTRE__fr
1836,"Bonsoir, Je souhaite retourner ma commande et être remboursé. Merci. Merci d'avance.",RETOUR_REMBOURSEMENT,,,,,,fr,False,"Bonsoir, Je souhaite retourner ma commande et être remboursé. Merci. Merci d'avance.",bonsoir je souhaite retourner ma commande et être remboursé merci merci d avance,RETOUR_REMBOURSEMENT__fr
2326,"Bonsoir, Question facturation. On me demande 1454.86 euros pour PKG-2025-52302, alors que rien n'a été livré. Explication ? Merci d'avance.",FACTURATION_PAIEMENT,,,1454.86 euros,,PKG-2025-52302,fr,True,"Bonsoir, Question facturation. On me demande 1454.86 euros pour PKG-2025-52302, alors que rien n'a été livré. Explication ? Merci d'avance.",bonsoir question facturation on me demande 1454 86 euros pour pkg 2025 52302 alors que rien n a été livré explication merci d avance,FACTURATION_PAIEMENT__fr
1558,"Madame, Monsieur, Toujours pas livré, colis COL-2026-82916, 33 jours de retard. C'est long. Dans l'attente de votre réponse.",RETARD_LIVRAISON,,33.0,,,COL-2026-82916,fr,False,"Madame, Monsieur, Toujours pas livré, colis COL-2026-82916, 33 jours de retard. C'est long. Dans l'attente de votre réponse.",madame monsieur toujours pas livré colis col 2026 82916 33 jours de retard c est long dans l attente de votre réponse,RETARD_LIVRAISON__fr
1350,Le prix affiché était différent : 690€ au lieu du montant annoncé. Commande LP-2023-60641. Merci d'avance.,FACTURATION_PAIEMENT,,,690 €,,LP-2023-60641,fr,True,Le prix affiché était différent : 690€ au lieu du montant annoncé. Commande LP-2023-60641. Merci d'avance.,le prix affiché était différent 690 au lieu du montant annoncé commande lp 2023 60641 merci d avance,FACTURATION_PAIEMENT__fr
739,"Je suis furieux, Surcharges non expliquées de 1372dt sur ma facture pour Toulouse. Réagissez !",FACTURATION_PAIEMENT,,,1372dt,Toulouse,,fr,False,"Je suis furieux, Surcharges non expliquées de 1372dt sur ma facture pour Toulouse. Réagissez !",je suis furieux surcharges non expliquées de 1372dt sur ma facture pour toulouse réagissez,FACTURATION_PAIEMENT__fr
1283,"Bonjour, Je souhaite retourner ma commande et être remboursé de 1879 €. Merci. Bien à vous.",RETOUR_REMBOURSEMENT,,,1 879 €,,,fr,True,"Bonjour, Je souhaite retourner ma commande et être remboursé de 1879 €. Merci. Bien à vous.",bonjour je souhaite retourner ma commande et être remboursé de 1879 merci bien à vous,RETOUR_REMBOURSEMENT__fr
203,"Bonjour Madame, Monsieur, On m'a livré à la mauvaise ville. Numéro PKG-2025-99749. Destination erronée : Lyon. Correcte : Tozeur. Sincères salutations.",ERREUR_DESTINATION,,,,Lyon,PKG-2025-99749,fr,False,"Bonjour Madame, Monsieur, On m'a livré à la mauvaise ville. Numéro PKG-2025-99749. Destination erronée : Lyon. Correcte : Tozeur. Sincères salutations.",bonjour madame monsieur on m a livré à la mauvaise ville numéro pkg 2025 99749 destination erronée lyon correcte tozeur sincères salutations,ERREUR_DESTINATION__fr
1276,"Je suis furieux, J'ai été débité deux fois 1496.34 dt pour la même commande TR-2025-14251 le le 1 mai.. Réagissez !!!!",FACTURATION_PAIEMENT,le 1 mai.,,1496.34 dt,,TR-2025-14251,fr,False,"Je suis furieux, J'ai été débité deux fois 1496.34 dt pour la même commande TR-2025-14251 le le 1 mai.. Réagissez !!!!",je suis furieux j ai été débité deux fois 1496 34 dt pour la même commande tr 2025 14251 le le 1 mai réagissez,FACTURATION_PAIEMENT__fr
678,"Cher Service Client, Je veux annuler et être remboursé 1419 euros. Commande COL-2024-41859. Dans l'attente de votre réponse.",RETOUR_REMBOURSEMENT,,,1419 euros,,COL-2024-41859,fr,True,"Cher Service Client, Je veux annuler et être remboursé 1419 euros. Commande COL-2024-41859. Dans l'attente de votre réponse.",cher service client je veux annuler et être remboursé 1419 euros commande col 2024 41859 dans l attente de votre réponse,RETOUR_REMBOURSEMENT__fr
483,"Bonjour Madame, Monsieur, Ma commande COL-2026-42370 devait arriver le le 23 nov., toujours rien reçu, ça fait 1 jours. Merci de votre retour.",RETARD_LIVRAISON,le 23 nov.,1.0,,,COL-2026-42370,fr,False,"Bonjour Madame, Monsieur, Ma commande COL-2026-42370 devait arriver le le 23 nov., toujours rien reçu, ça fait 1 jours. Merci de votre retour.",bonjour madame monsieur ma commande col 2026 42370 devait arriver le le 23 nov toujours rien reçu ça fait 1 jours merci de votre retour,RETARD_LIVRAISON__fr
1838,"Bonjour, Question facturation. On me demande 10.33 € pour ADR-2024-20908, alors que rien n'a été livré. Explication ? Sincères salutations.",FACTURATION_PAIEMENT,,,10.33 €,,ADR-2024-20908,fr,True,"Bonjour, Question facturation. On me demande 10.33 € pour ADR-2024-20908, alors que rien n'a été livré. Explication ? Sincères salutations.",bonjour question facturation on me demande 10 33 pour adr 2024 20908 alors que rien n a été livré explication sincères salutations,FACTURATION_PAIEMENT__fr
1960,"Bonjour, Surcharges non expliquées de 766,74 € sur ma facture pour Bizerte. Sincères salutations.",FACTURATION_PAIEMENT,,,"766,74 €",Bizerte,,fr,True,"Bonjour, Surcharges non expliquées de 766,74 € sur ma facture pour Bizerte. Sincères salutations.",bonjour surcharges non expliquées de 766 74 sur ma facture pour bizerte sincères salutations,FACTURATION_PAIEMENT__fr
1494,"Cher Service Client, Mon colis PKG-2024-89324 a été livré à Ezzahra alors que j'habite à Sousse. Cordialement.",ERREUR_DESTINATION,,,,Ezzahra,PKG-2024-89324,fr,False,"Cher Service Client, Mon colis PKG-2024-89324 a été livré à Ezzahra alors que j'habite à Sousse. Cordialement.",cher service client mon colis pkg 2024 89324 a été livré à ezzahra alors que j habite à sousse cordialement,ERREUR_DESTINATION__fr
1628,"Cher Service Client, Bonjour, je devais recevoir mon colis à Rome, et rien n'est arrivé depuis 7 jours. Merci de votre retour.",RETARD_LIVRAISON,,7.0,,Rome,,fr,False,"Cher Service Client, Bonjour, je devais recevoir mon colis à Rome, et rien n'est arrivé depuis 7 jours. Merci de votre retour.",cher service client bonjour je devais recevoir mon colis à rome et rien n est arrivé depuis 7 jours merci de votre retour,RETARD_LIVRAISON__fr
178,"Bonsoir, Double prélèvement : 1729,16 dinars le le 23 jui.. À corriger d'urgence. Merci de votre retour.",FACTURATION_PAIEMENT,le 23 jui.,,"1729,16 dinars",,,fr,False,"Bonsoir, Double prélèvement : 1729,16 dinars le le 23 jui.. À corriger d'urgence. Merci de votre retour.",bonsoir double prélèvement 1729 16 dinars le le 23 jui à corriger d urgence merci de votre retour,FACTURATION_PAIEMENT__fr
757,"Bonjour, Livraison en retard à Tunis. Ref CMR-2025-96246. Je vais résilier si ça continue!!!",RETARD_LIVRAISON,,,,Tunis,CMR-2025-96246,fr,False,"Bonjour, Livraison en retard à Tunis. Ref CMR-2025-96246. Je vais résilier si ça continue!!!",bonjour livraison en retard à tunis ref cmr 2025 96246 je vais résilier si ça continue,RETARD_LIVRAISON__fr
1516,"Salut, On m'a livré à la mauvaise ville. Numéro EXP-2025-33761. Destination erronée : Lyon. Correcte : Ezzahra. Merci d'avance.",ERREUR_DESTINATION,,,,Lyon,EXP-2025-33761,fr,False,"Salut, On m'a livré à la mauvaise ville. Numéro EXP-2025-33761. Destination erronée : Lyon. Correcte : Ezzahra. Merci d'avance.",salut on m a livré à la mauvaise ville numéro exp 2025 33761 destination erronée lyon correcte ezzahra merci d avance,ERREUR_DESTINATION__fr
1033,"Bonsoir, Prélèvement erroné de 1104.55 euros. Je patiente depuis 54 jours. Merci de rectifier. Cordialement.",FACTURATION_PAIEMENT,,54.0,1104.55 euros,,,fr,True,"Bonsoir, Prélèvement erroné de 1104.55 euros. Je patiente depuis 54 jours. Merci de rectifier. Cordialement.",bonsoir prélèvement erroné de 1104 55 euros je patiente depuis 54 jours merci de rectifier cordialement,FACTURATION_PAIEMENT__fr
1016,"Bonjour Madame, Monsieur, Facture incorrecte : on m'a facturé 301.14 dinars pour la livraison TR-2026-60098, ce n'est pas le tarif convenu. Merci de votre retour.",FACTURATION_PAIEMENT,,,301.14 dinars,,TR-2026-60098,fr,False,"Bonjour Madame, Monsieur, Facture incorrecte : on m'a facturé 301.14 dinars pour la livraison TR-2026-60098, ce n'est pas le tarif convenu. Merci de votre retour.",bonjour madame monsieur facture incorrecte on m a facturé 301 14 dinars pour la livraison tr 2026 60098 ce n est pas le tarif convenu merci de votre retour,FACTURATION_PAIEMENT__fr
1435,"Bonjour, Ma commande a totalement disparu. Numéro : TR-2024-25009.. Enquête urgente demandée. Sincères salutations.",PERTE_VOL,,,,,TR-2024-25009,fr,False,"Bonjour, Ma commande a totalement disparu. Numéro : TR-2024-25009.. Enquête urgente demandée. Sincères salutations.",bonjour ma commande a totalement disparu numéro tr 2024 25009 enquête urgente demandée sincères salutations,PERTE_VOL__fr
306,"Bonjour, je devais recevoir mon colis BL-2023-38051, et rien n'est arrivé depuis 72h. Merci d'avance.",RETARD_LIVRAISON,,3.0,,,BL-2023-38051,fr,False,"Bonjour, je devais recevoir mon colis BL-2023-38051, et rien n'est arrivé depuis 72h. Merci d'avance.",bonjour je devais recevoir mon colis bl 2023 38051 et rien n est arrivé depuis 72h merci d avance,RETARD_LIVRAISON__fr
1113,"Je suis furieux, Question facturation. On me demande 161dt pour COL-2023-57798, alors que rien n'a été livré. Explication ? Réagissez !",FACTURATION_PAIEMENT,,,161dt,,COL-2023-57798,fr,False,"Je suis furieux, Question facturation. On me demande 161dt pour COL-2023-57798, alors que rien n'a été livré. Explication ? Réagissez !",je suis furieux question facturation on me demande 161dt pour col 2023 57798 alors que rien n a été livré explication réagissez,FACTURATION_PAIEMENT__fr
1233,"Bonjour, Aucun professionnalisme. Personne ne rappelle. À bientôt.",QUALITE_SERVICE,,,,,,fr,False,"Bonjour, Aucun professionnalisme. Personne ne rappelle. À bientôt.",bonjour aucun professionnalisme personne ne rappelle à bientôt,QUALITE_SERVICE__fr
1886,"Bonjour, Souhaite ouvrir un compte pro pour mes envois. Volume mensuel estimé : 1802,93 dinars de frais. Basé à Hammamet. Merci beaucoup.",AUTRE,,,"1802,93 dinars",Hammamet,,fr,False,"Bonjour, Souhaite ouvrir un compte pro pour mes envois. Volume mensuel estimé : 1802,93 dinars de frais. Basé à Hammamet. Merci beaucoup.",bonjour souhaite ouvrir un compte pro pour mes envois volume mensuel estimé 1802 93 dinars de frais basé à hammamet merci beaucoup,AUTRE__fr
872,"Bonjour Madame, Monsieur, Le colis CMR-2026-44694 est bloqué à Hammamet. Il devait aller à Barcelone. Cordialement.",ERREUR_DESTINATION,,,,Hammamet,CMR-2026-44694,fr,False,"Bonjour Madame, Monsieur, Le colis CMR-2026-44694 est bloqué à Hammamet. Il devait aller à Barcelone. Cordialement.",bonjour madame monsieur le colis cmr 2026 44694 est bloqué à hammamet il devait aller à barcelone cordialement,ERREUR_DESTINATION__fr
1607,"Bonjour, Bonjour, je devais recevoir mon colis le 2024-02-17, et rien n'est arrivé depuis 6 jours. Cordialement.",RETARD_LIVRAISON,17/02/2024,6.0,,,,fr,False,"Bonjour, Bonjour, je devais recevoir mon colis le 2024-02-17, et rien n'est arrivé depuis 6 jours. Cordialement.",bonjour bonjour je devais recevoir mon colis le 2024 02 17 et rien n est arrivé depuis 6 jours cordialement,RETARD_LIVRAISON__fr
19,"Bonjour Madame, Monsieur, Colis CMR-2024-12125 égaré dans le circuit. Départ Genève. Bloqué depuis 4 mois. Dans l'attente de votre réponse.",PERTE_VOL,,120.0,,Genève,CMR-2024-12125,fr,False,"Bonjour Madame, Monsieur, Colis CMR-2024-12125 égaré dans le circuit. Départ Genève. Bloqué depuis 4 mois. Dans l'attente de votre réponse.",bonjour madame monsieur colis cmr 2024 12125 égaré dans le circuit départ genève bloqué depuis 4 mois dans l attente de votre réponse,PERTE_VOL__fr
2062,"Madame, Monsieur, Simple question : puis-je changer l'adresse de livraison ? Merci d'avance.",AUTRE,,,,,,fr,False,"Madame, Monsieur, Simple question : puis-je changer l'adresse de livraison ? Merci d'avance.",madame monsieur simple question puis je changer l adresse de livraison merci d avance,AUTRE__fr
915,Je veux annuler et être remboursé 984.82EUR. Commande EXP-2025-44184.,RETOUR_REMBOURSEMENT,,,984.82EUR,,EXP-2025-44184,fr,True,Je veux annuler et être remboursé 984.82EUR. Commande EXP-2025-44184.,je veux annuler et être remboursé 984 82eur commande exp 2025 44184,RETOUR_REMBOURSEMENT__fr
333,"Bonsoir, Service client injoignable. Attente depuis 11 jours. Aucune réponse. Merci d'avance.",QUALITE_SERVICE,,11.0,,,,fr,False,"Bonsoir, Service client injoignable. Attente depuis 11 jours. Aucune réponse. Merci d'avance.",bonsoir service client injoignable attente depuis 11 jours aucune réponse merci d avance,QUALITE_SERVICE__fr
838,"Bonjour Madame, Monsieur, Le tracking indique 'livré' à Bruxelles le 2024-10-05, mais rien à la maison. Colis PKG-2026-68002 volé je pense. Dans l'attente de votre réponse.",PERTE_VOL,05/10/2024,,,Bruxelles,PKG-2026-68002,fr,False,"Bonjour Madame, Monsieur, Le tracking indique 'livré' à Bruxelles le 2024-10-05, mais rien à la maison. Colis PKG-2026-68002 volé je pense. Dans l'attente de votre réponse.",bonjour madame monsieur le tracking indique livré à bruxelles le 2024 10 05 mais rien à la maison colis pkg 2026 68002 volé je pense dans l attente de votre réponse,PERTE_VOL__fr
1524,"Bonsoir, Double prélèvement : 114.61€ le 18 décembre et à nouveau 143eur. À corriger d'urgence. Merci d'avance.",FACTURATION_PAIEMENT,18-d?.,,114.61€,,,fr,True,"Bonsoir, Double prélèvement : 114.61€ le 18 décembre et à nouveau 143eur. À corriger d'urgence. Merci d'avance.",bonsoir double prélèvement 114 61 le 18 décembre et à nouveau 143eur à corriger d urgence merci d avance,FACTURATION_PAIEMENT__fr
458,"Salut, Aucune nouvelle de ma livraison BL-2026-82883. Attendue à Rabat. Cela fait plusieurs jours d'attente.",RETARD_LIVRAISON,,,,Rabat,BL-2026-82883,fr,False,"Salut, Aucune nouvelle de ma livraison BL-2026-82883. Attendue à Rabat. Cela fait plusieurs jours d'attente.",salut aucune nouvelle de ma livraison bl 2026 82883 attendue à rabat cela fait plusieurs jours d attente,RETARD_LIVRAISON__fr
2402,"Ça suffit maintenant, Demande de remboursement de 1254dinars commandé le 15/11/2024. Produit non conforme. Je saisirai un avocat si rien ne bouge.",RETOUR_REMBOURSEMENT,15/11/2024,,1254dinars,,,fr,False,"Ça suffit maintenant, Demande de remboursement de 1254dinars commandé le 15/11/2024. Produit non conforme. Je saisirai un avocat si rien ne bouge.",ça suffit maintenant demande de remboursement de 1254dinars commandé le 15 11 2024 produit non conforme je saisirai un avocat si rien ne bouge,RETOUR_REMBOURSEMENT__fr
1739,"Ça suffit maintenant, On m'a livré à la mauvaise ville. Destination erronée : Sfax. Correcte : Manouba. Je vais résilier si ça continue.",ERREUR_DESTINATION,,,,Sfax,,fr,False,"Ça suffit maintenant, On m'a livré à la mauvaise ville. Destination erronée : Sfax. Correcte : Manouba. Je vais résilier si ça continue.",ça suffit maintenant on m a livré à la mauvaise ville destination erronée sfax correcte manouba je vais résilier si ça continue,ERREUR_DESTINATION__fr
1383,"Coucou, Souhaite ouvrir un compte pro pour mes envois. Merci beaucoup.",AUTRE,,,,,,fr,False,"Coucou, Souhaite ouvrir un compte pro pour mes envois. Merci beaucoup.",coucou souhaite ouvrir un compte pro pour mes envois merci beaucoup,AUTRE__fr
1309,"Ça suffit maintenant, Le tracking indique 'livré', mais rien à la maison. Colis COL-2025-53065 volé je pense. Je vais résilier si ça continue!!",PERTE_VOL,,,,,COL-2025-53065,fr,False,"Ça suffit maintenant, Le tracking indique 'livré', mais rien à la maison. Colis COL-2025-53065 volé je pense. Je vais résilier si ça continue!!",ça suffit maintenant le tracking indique livré mais rien à la maison colis col 2025 53065 volé je pense je vais résilier si ça continue,PERTE_VOL__fr
1078,"Bonjour, Souhaite ouvrir un compte pro pour mes envois. Dernière chance avant plainte officielle.",AUTRE,,,,,,fr,False,"Bonjour, Souhaite ouvrir un compte pro pour mes envois. Dernière chance avant plainte officielle.",bonjour souhaite ouvrir un compte pro pour mes envois dernière chance avant plainte officielle,AUTRE__fr
1740,"Cher Service Client, Livreur arrivé à Nabeul, n'a même pas sonné. Colis déposé n'importe où. Merci de votre retour.",QUALITE_SERVICE,,,,Nabeul,,fr,False,"Cher Service Client, Livreur arrivé à Nabeul, n'a même pas sonné. Colis déposé n'importe où. Merci de votre retour.",cher service client livreur arrivé à nabeul n a même pas sonné colis déposé n importe où merci de votre retour,QUALITE_SERVICE__fr
1359,"Franchement, Le colis sans ref est bloqué à La Marsa. Il devait aller à Bizerte. Dernière chance avant plainte officielle...",ERREUR_DESTINATION,,,,La Marsa,,fr,False,"Franchement, Le colis sans ref est bloqué à La Marsa. Il devait aller à Bizerte. Dernière chance avant plainte officielle...",franchement le colis sans ref est bloqué à la marsa il devait aller à bizerte dernière chance avant plainte officielle,ERREUR_DESTINATION__fr
609,"Erreur d'adresse : le colis TRK-2023-37111 est parti sur La Marsa, moi je suis à Tunis. Que faire ? Je veux parler à un responsable, IMMÉDIATEMENT!!",ERREUR_DESTINATION,,,,La Marsa,TRK-2023-37111,fr,False,"Erreur d'adresse : le colis __TRACKING__-37111 est parti sur La Marsa, moi je suis à Tunis. Que faire ? Je veux parler à un responsable, IMMÉDIATEMENT!!",erreur d adresse le colis __tracking__ 37111 est parti sur la marsa moi je suis à tunis que faire je veux parler à un responsable immédiatement,ERREUR_DESTINATION__fr
741,"Bonjour, Question : est-ce que vous livrez le dimanche ? Merci de votre retour.",AUTRE,,,,,,fr,False,"Bonjour, Question : est-ce que vous livrez le dimanche ? Merci de votre retour.",bonjour question est ce que vous livrez le dimanche merci de votre retour,AUTRE__fr
1837,"Madame, Monsieur, Livraison en retard. Cordialement.",RETARD_LIVRAISON,,,,,,fr,False,"Madame, Monsieur, Livraison en retard. Cordialement.",madame monsieur livraison en retard cordialement,RETARD_LIVRAISON__fr
309,"Écoutez, Expérience terrible avec votre service. J'exige des explications. Je saisirai un AVOCAT si rien ne bouge.",QUALITE_SERVICE,,,,,,fr,False,"Écoutez, Expérience terrible avec votre service. J'exige des explications. Je saisirai un AVOCAT si rien ne bouge.",écoutez expérience terrible avec votre service j exige des explications je saisirai un avocat si rien ne bouge,QUALITE_SERVICE__fr
1339,"Bonjour, Bonjour, demande de devis pour un envoi de 2 tonnes. Je veux parler à un responsable, IMMÉDIATEMENT.",AUTRE,,,,,,fr,False,"Bonjour, Bonjour, demande de devis pour un envoi de 2 tonnes. Je veux parler à un responsable, IMMÉDIATEMENT.",bonjour bonjour demande de devis pour un envoi de 2 tonnes je veux parler à un responsable immédiatement,AUTRE__fr
254,"Bonjour, J'ai contacté votre support 26 jours, personne ne répond. C'est très décevant. Merci beaucoup.",QUALITE_SERVICE,,26.0,,,,fr,False,"Bonjour, J'ai contacté votre support 26 jours, personne ne répond. C'est très décevant. Merci beaucoup.",bonjour j ai contacté votre support 26 jours personne ne répond c est très décevant merci beaucoup,QUALITE_SERVICE__fr
881,Aucun professionnalisme à Berlin. Personne ne rappelle. Colis CMR-2023-84834. Je ne veux plus jamais utiliser vos services!!,QUALITE_SERVICE,,,,Berlin,CMR-2023-84834,fr,False,Aucun professionnalisme à Berlin. Personne ne rappelle. Colis CMR-2023-84834. Je ne veux plus jamais utiliser vos services!!,aucun professionnalisme à berlin personne ne rappelle colis cmr 2023 84834 je ne veux plus jamais utiliser vos services,QUALITE_SERVICE__fr
1700,"Bonjour Madame, Monsieur, La boîte est arrivée écrasée à Ettadhamen et l'écran est fissuré. Merci d'avance.",PRODUIT_ENDOMMAGE,,,,Ettadhamen,,fr,False,"Bonjour Madame, Monsieur, La boîte est arrivée écrasée à Ettadhamen et l'écran est fissuré. Merci d'avance.",bonjour madame monsieur la boîte est arrivée écrasée à ettadhamen et l écran est fissuré merci d avance,PRODUIT_ENDOMMAGE__fr
736,"Cher Service Client, Mon vase est arrivé à Ettadhamen le samedi completement cassé. Ref COL-2026-29382. Dans l'attente de votre réponse.",PRODUIT_ENDOMMAGE,samedi,,,Ettadhamen,COL-2026-29382,fr,False,"Cher Service Client, Mon vase est arrivé à Ettadhamen le samedi completement cassé. Ref COL-2026-29382. Dans l'attente de votre réponse.",cher service client mon vase est arrivé à ettadhamen le samedi completement cassé ref col 2026 29382 dans l attente de votre réponse,PRODUIT_ENDOMMAGE__fr
1240,Adresse de livraison ignorée. Envoi effectué vers Nice au lieu de Monastir. Ref : LP-2025-22948. Merci beaucoup.,ERREUR_DESTINATION,,,,Nice,LP-2025-22948,fr,False,Adresse de livraison ignorée. Envoi effectué vers Nice au lieu de Monastir. Ref : LP-2025-22948. Merci beaucoup.,adresse de livraison ignorée envoi effectué vers nice au lieu de monastir ref lp 2025 22948 merci beaucoup,ERREUR_DESTINATION__fr
1800,"Le colis ADR-2026-35086 est marqué livré le 2025-04-17, mais je n'ai rien reçu. Je pense qu'il a été volé. Merci !",PERTE_VOL,17/04/2025,,,,ADR-2026-35086,fr,False,"Le colis ADR-2026-35086 est marqué livré le 2025-04-17, mais je n'ai rien reçu. Je pense qu'il a été volé. Merci !",le colis adr 2026 35086 est marqué livré le 2025 04 17 mais je n ai rien reçu je pense qu il a été volé merci,PERTE_VOL__fr
596,On m'a livré à la mauvaise ville. Destination erronée : Sfax. Correcte : Gafsa. Reçu le lundi. Merci !,ERREUR_DESTINATION,lundi,,,Sfax,,fr,False,On m'a livré à la mauvaise ville. Destination erronée : Sfax. Correcte : Gafsa. Reçu le lundi. Merci !,on m a livré à la mauvaise ville destination erronée sfax correcte gafsa reçu le lundi merci,ERREUR_DESTINATION__fr
215,"Cher Service Client, Retour + remboursement svp. Ref PKG-2023-45370. Merci de votre retour.",RETOUR_REMBOURSEMENT,,,,,PKG-2023-45370,fr,False,"Cher Service Client, Retour + remboursement svp. Ref PKG-2023-45370. Merci de votre retour.",cher service client retour remboursement svp ref pkg 2023 45370 merci de votre retour,RETOUR_REMBOURSEMENT__fr
2278,"Bonjour, Mon montre est arrivé à Kairouan completement cassé. Ref CMR-2025-71461. Il coûtait 1931.28 €. Cordialement.",PRODUIT_ENDOMMAGE,,,1931.28 €,Kairouan,CMR-2025-71461,fr,True,"Bonjour, Mon montre est arrivé à Kairouan completement cassé. Ref CMR-2025-71461. Il coûtait 1931.28 €. Cordialement.",bonjour mon montre est arrivé à kairouan completement cassé ref cmr 2025 71461 il coûtait 1931 28 cordialement,PRODUIT_ENDOMMAGE__fr
1768,"Bonsoir, Mon livre est arrivé completement cassé. Ref LP-2025-65194. Merci de votre retour.",PRODUIT_ENDOMMAGE,,,,,LP-2025-65194,fr,False,"Bonsoir, Mon livre est arrivé completement cassé. Ref LP-2025-65194. Merci de votre retour.",bonsoir mon livre est arrivé completement cassé ref lp 2025 65194 merci de votre retour,PRODUIT_ENDOMMAGE__fr
40,"Bonjour, Le livreur a été très impoli lors de la livraison à Béja. Comportement inadmissible. Merci !",QUALITE_SERVICE,,,,Béja,,fr,False,"Bonjour, Le livreur a été très impoli lors de la livraison à Béja. Comportement inadmissible. Merci !",bonjour le livreur a été très impoli lors de la livraison à béja comportement inadmissible merci,QUALITE_SERVICE__fr
434,"Cher Service Client, Le colis sans référence est marqué livré, mais je n'ai rien reçu. Je pense qu'il a été volé. Cordialement.",PERTE_VOL,,,,,,fr,False,"Cher Service Client, Le colis sans référence est marqué livré, mais je n'ai rien reçu. Je pense qu'il a été volé. Cordialement.",cher service client le colis sans référence est marqué livré mais je n ai rien reçu je pense qu il a été volé cordialement,PERTE_VOL__fr
912,"Franchement, Question : est-ce que vous livrez le dimanche à Tozeur ? Je saisirai un avocat si rien ne bouge.",AUTRE,,,,Tozeur,,fr,False,"Franchement, Question : est-ce que vous livrez le dimanche à Tozeur ? Je saisirai un avocat si rien ne bouge.",franchement question est ce que vous livrez le dimanche à tozeur je saisirai un avocat si rien ne bouge,AUTRE__fr
33,"Ça suffit maintenant, Aucun professionnalisme. Personne ne rappelle depuis 53 jours. Je saisirai un avocat si rien ne bouge.",QUALITE_SERVICE,,53.0,,,,fr,False,"Ça suffit maintenant, Aucun professionnalisme. Personne ne rappelle depuis 53 jours. Je saisirai un avocat si rien ne bouge.",ça suffit maintenant aucun professionnalisme personne ne rappelle depuis 53 jours je saisirai un avocat si rien ne bouge,QUALITE_SERVICE__fr
249,"Bonsoir, Question générale : quels sont vos horaires d'ouverture à Casablanca ? Sincères salutations.",AUTRE,,,,Casablanca,,fr,False,"Bonsoir, Question générale : quels sont vos horaires d'ouverture à Casablanca ? Sincères salutations.",bonsoir question générale quels sont vos horaires d ouverture à casablanca sincères salutations,AUTRE__fr
1141,"Hello, Colis introuvable. Ref EXP-2024-14047. Merci !",PERTE_VOL,,,,,EXP-2024-14047,en,False,"Hello, Colis introuvable. Ref EXP-2024-14047. Merci !",hello colis introuvable ref exp 2024 14047 merci,PERTE_VOL__en
224,"Le colis TR-2025-71710 est marqué livré à Monastir le 27/02, mais je n'ai rien reçu. Je pense qu'il a été volé.",PERTE_VOL,27-févr.,,,Monastir,TR-2025-71710,fr,False,"Le colis TR-2025-71710 est marqué livré à Monastir le 27/02, mais je n'ai rien reçu. Je pense qu'il a été volé.",le colis tr 2025 71710 est marqué livré à monastir le 27 02 mais je n ai rien reçu je pense qu il a été volé,PERTE_VOL__fr
322,"Cher Service Client, Colis LP-2024-12438 égaré dans le circuit. Bloqué depuis 43 jours. Dans l'attente de votre réponse.",PERTE_VOL,,43.0,,,LP-2024-12438,fr,False,"Cher Service Client, Colis LP-2024-12438 égaré dans le circuit. Bloqué depuis 43 jours. Dans l'attente de votre réponse.",cher service client colis lp 2024 12438 égaré dans le circuit bloqué depuis 43 jours dans l attente de votre réponse,PERTE_VOL__fr
2251,"Bonsoir, Colis perdu égaré dans le circuit. Bloqué depuis 4 jours. Sincères salutations.",PERTE_VOL,,4.0,,,,fr,False,"Bonsoir, Colis perdu égaré dans le circuit. Bloqué depuis 4 jours. Sincères salutations.",bonsoir colis perdu égaré dans le circuit bloqué depuis 4 jours sincères salutations,PERTE_VOL__fr
157,"Bonjour Madame, Monsieur, Erreur d'adresse : le colis LP-2024-20986 est parti sur Ezzahra, moi je suis à Ariana. Que faire ? Bien à vous.",ERREUR_DESTINATION,,,,Ezzahra,LP-2024-20986,fr,False,"Bonjour Madame, Monsieur, Erreur d'adresse : le colis LP-2024-20986 est parti sur Ezzahra, moi je suis à Ariana. Que faire ? Bien à vous.",bonjour madame monsieur erreur d adresse le colis lp 2024 20986 est parti sur ezzahra moi je suis à ariana que faire bien à vous,ERREUR_DESTINATION__fr
1748,"Bonjour, Le prix affiché était différent : 1600.12euros au lieu du montant annoncé. C'est inacceptable !",FACTURATION_PAIEMENT,,,1600.12euros,,,fr,True,"Bonjour, Le prix affiché était différent : 1600.12euros au lieu du montant annoncé. C'est inacceptable !",bonjour le prix affiché était différent 1600 12euros au lieu du montant annoncé c est inacceptable,FACTURATION_PAIEMENT__fr
1458,"Cher Service Client, Expérience terrible avec votre service à Djerba. J'exige des explications. Sincères salutations.",QUALITE_SERVICE,,,,Djerba,,fr,False,"Cher Service Client, Expérience terrible avec votre service à Djerba. J'exige des explications. Sincères salutations.",cher service client expérience terrible avec votre service à djerba j exige des explications sincères salutations,QUALITE_SERVICE__fr
1483,"Bonsoir, Surcharges non expliquées de 1406.55dt sur ma facture. Ref EXP-2024-85779. Cordialement.",FACTURATION_PAIEMENT,,,1406.55dt,,EXP-2024-85779,fr,False,"Bonsoir, Surcharges non expliquées de 1406.55dt sur ma facture. Ref EXP-2024-85779. Cordialement.",bonsoir surcharges non expliquées de 1406 55dt sur ma facture ref exp 2024 85779 cordialement,FACTURATION_PAIEMENT__fr
2023,"Hello, Colis TR-2024-85845 égaré dans le circuit. Départ Ettadhamen. Valeur : 66 TND. Bloqué depuis 2 semaines. Merci beaucoup.",PERTE_VOL,,14.0,66 TND,Ettadhamen,TR-2024-85845,fr,False,"Hello, Colis TR-2024-85845 égaré dans le circuit. Départ Ettadhamen. Valeur : 66 TND. Bloqué depuis 2 semaines. Merci beaucoup.",hello colis tr 2024 85845 égaré dans le circuit départ ettadhamen valeur 66 tnd bloqué depuis 2 semaines merci beaucoup,PERTE_VOL__fr
1381,"Bonjour, J'attends toujours mon remboursement de 18 dinars promis le 19/01/2024. C'est long ! À bientôt.",RETOUR_REMBOURSEMENT,19/01/2024,,18 dinars,,,fr,False,"Bonjour, J'attends toujours mon remboursement de 18 dinars promis le 19/01/2024. C'est long ! À bientôt.",bonjour j attends toujours mon remboursement de 18 dinars promis le 19 01 2024 c est long à bientôt,RETOUR_REMBOURSEMENT__fr
1650,"Bonjour Madame, Monsieur, Je souhaite retourner ma commande et être remboursé de 1407euros. Merci. Cordialement.",RETOUR_REMBOURSEMENT,,,1407euros,,,fr,True,"Bonjour Madame, Monsieur, Je souhaite retourner ma commande et être remboursé de 1407euros. Merci. Cordialement.",bonjour madame monsieur je souhaite retourner ma commande et être remboursé de 1407euros merci cordialement,RETOUR_REMBOURSEMENT__fr
639,"Coucou, Ma commande TRK-2024-20855 devait arriver à Bizerte, toujours rien reçu. Merci !",RETARD_LIVRAISON,,,,Bizerte,TRK-2024-20855,fr,False,"Coucou, Ma commande __TRACKING__-20855 devait arriver à Bizerte, toujours rien reçu. Merci !",coucou ma commande __tracking__ 20855 devait arriver à bizerte toujours rien reçu merci,RETARD_LIVRAISON__fr
1774,"Hello, Colis LP-2024-42521 endommagé. Le carton était perforé, le contenu est HS. Merci d'avance.",PRODUIT_ENDOMMAGE,,,,,LP-2024-42521,fr,False,"Hello, Colis LP-2024-42521 endommagé. Le carton était perforé, le contenu est HS. Merci d'avance.",hello colis lp 2024 42521 endommagé le carton était perforé le contenu est hs merci d avance,PRODUIT_ENDOMMAGE__fr
1481,"Bonjour, Double prélèvement : 1886dt le 19 juin. À corriger d'urgence. Sincères salutations.",FACTURATION_PAIEMENT,19-juin,,1886dt,,,fr,False,"Bonjour, Double prélèvement : 1886dt le 19 juin. À corriger d'urgence. Sincères salutations.",bonjour double prélèvement 1886dt le 19 juin à corriger d urgence sincères salutations,FACTURATION_PAIEMENT__fr
1496,"Bonjour Madame, Monsieur, Bonjour, demande de devis pour un envoi de 5 tonnes vers Médenine début 15/07/2025. Dans l'attente de votre réponse.",AUTRE,15/07/2025,,,Médenine,,fr,False,"Bonjour Madame, Monsieur, Bonjour, demande de devis pour un envoi de 5 tonnes vers Médenine début 15/07/2025. Dans l'attente de votre réponse.",bonjour madame monsieur bonjour demande de devis pour un envoi de 5 tonnes vers médenine début 15 07 2025 dans l attente de votre réponse,AUTRE__fr
988,"Madame, Monsieur, Je veux annuler et être remboursé 1575.49 EUR. Commande BL-2024-67610. Merci de votre retour.",RETOUR_REMBOURSEMENT,,,1575.49 EUR,,BL-2024-67610,fr,True,"Madame, Monsieur, Je veux annuler et être remboursé 1575.49 EUR. Commande BL-2024-67610. Merci de votre retour.",madame monsieur je veux annuler et être remboursé 1575 49 eur commande bl 2024 67610 merci de votre retour,RETOUR_REMBOURSEMENT__fr
589,"Madame, Monsieur, Mon colis EXP-2023-17827 a été livré à Mahdia alors que j'habite à Tunis. Merci de votre retour.",ERREUR_DESTINATION,,,,Mahdia,EXP-2023-17827,fr,False,"Madame, Monsieur, Mon colis EXP-2023-17827 a été livré à Mahdia alors que j'habite à Tunis. Merci de votre retour.",madame monsieur mon colis exp 2023 17827 a été livré à mahdia alors que j habite à tunis merci de votre retour,ERREUR_DESTINATION__fr
2450,"Erreur d'adresse : le colis ADR-2025-86649 est parti sur Munich, moi je suis à Gabès. Que faire ? Dernière chance avant plainte officielle.",ERREUR_DESTINATION,,,,Munich,ADR-2025-86649,fr,False,"Erreur d'adresse : le colis ADR-2025-86649 est parti sur Munich, moi je suis à Gabès. Que faire ? Dernière chance avant plainte officielle.",erreur d adresse le colis adr 2025 86649 est parti sur munich moi je suis à gabès que faire dernière chance avant plainte officielle,ERREUR_DESTINATION__fr
557,"Madame, Monsieur, Prélèvement erroné de 1521euros constaté le 2024-01-22. Je patiente depuis 44 jours. Merci de rectifier. Bien à vous.",FACTURATION_PAIEMENT,22/01/2024,44.0,1521euros,,,fr,True,"Madame, Monsieur, Prélèvement erroné de 1521euros constaté le 2024-01-22. Je patiente depuis 44 jours. Merci de rectifier. Bien à vous.",madame monsieur prélèvement erroné de 1521euros constaté le 2024 01 22 je patiente depuis 44 jours merci de rectifier bien à vous,FACTURATION_PAIEMENT__fr
1719,"Salut, Bonjour, comment procéder au retour de ma commande BL-2024-54919 ? Je souhaite un remboursement intégral de 1600eur. Merci !",RETOUR_REMBOURSEMENT,,,1600eur,,BL-2024-54919,fr,True,"Salut, Bonjour, comment procéder au retour de ma commande BL-2024-54919 ? Je souhaite un remboursement intégral de 1600eur. Merci !",salut bonjour comment procéder au retour de ma commande bl 2024 54919 je souhaite un remboursement intégral de 1600eur merci,RETOUR_REMBOURSEMENT__fr
1310,"Hello, Ma commande PKG-2024-10949 devait arriver le 2025-07-04, toujours rien reçu, ça fait 4 semaines. À bientôt.",RETARD_LIVRAISON,04/07/2025,28.0,,,PKG-2024-10949,fr,False,"Hello, Ma commande PKG-2024-10949 devait arriver le 2025-07-04, toujours rien reçu, ça fait 4 semaines. À bientôt.",hello ma commande pkg 2024 10949 devait arriver le 2025 07 04 toujours rien reçu ça fait 4 semaines à bientôt,RETARD_LIVRAISON__fr
786,"C'est inadmissible ! J'ai contacté votre support 40 jours, personne ne répond. C'est très décevant. J'exige une réponse immédiate.",QUALITE_SERVICE,,40.0,,,,fr,False,"C'est inadmissible ! J'ai contacté votre support 40 jours, personne ne répond. C'est très décevant. J'exige une réponse immédiate.",c est inadmissible j ai contacté votre support 40 jours personne ne répond c est très décevant j exige une réponse immédiate,QUALITE_SERVICE__fr
2126,"Bonjour, Je n'ai jamais reçu mon colis COL-2025-61163. Plus de nouvelles depuis 3 semaines. Perdu ? Je veux parler à un responsable, IMMÉDIATEMENT.",PERTE_VOL,,21.0,,,COL-2025-61163,fr,False,"Bonjour, Je n'ai jamais reçu mon colis COL-2025-61163. Plus de nouvelles depuis 3 semaines. Perdu ? Je veux parler à un responsable, IMMÉDIATEMENT.",bonjour je n ai jamais reçu mon colis col 2025 61163 plus de nouvelles depuis 3 semaines perdu je veux parler à un responsable immédiatement,PERTE_VOL__fr
927,Expérience terrible avec votre service à La Marsa. J'exige des explications. Merci !,QUALITE_SERVICE,,,,La Marsa,,fr,False,Expérience terrible avec votre service à La Marsa. J'exige des explications. Merci !,expérience terrible avec votre service à la marsa j exige des explications merci,QUALITE_SERVICE__fr
2417,"Cher Service Client, Double prélèvement : 27,79 TND le 2025-06-11. À corriger d'urgence. Cordialement.",FACTURATION_PAIEMENT,11/06/2025,,"27,79 TND",,,fr,False,"Cher Service Client, Double prélèvement : 27,79 TND le 2025-06-11. À corriger d'urgence. Cordialement.",cher service client double prélèvement 27 79 tnd le 2025 06 11 à corriger d urgence cordialement,FACTURATION_PAIEMENT__fr
1554,"Cher Service Client, Double prélèvement : 913,24 DT le jour même. À corriger d'urgence. Sincères salutations.",FACTURATION_PAIEMENT,,,"913,24 DT",,,fr,False,"Cher Service Client, Double prélèvement : 913,24 DT le jour même. À corriger d'urgence. Sincères salutations.",cher service client double prélèvement 913 24 dt le jour même à corriger d urgence sincères salutations,FACTURATION_PAIEMENT__fr
1018,"Ça suffit maintenant, Bonjour, comment procéder au retour de ma commande ? Je souhaite un REMBOURSEMENT intégral. Je saisirai un avocat si rien ne bouge!!",RETOUR_REMBOURSEMENT,,,,,,fr,False,"Ça suffit maintenant, Bonjour, comment procéder au retour de ma commande ? Je souhaite un REMBOURSEMENT intégral. Je saisirai un avocat si rien ne bouge!!",ça suffit maintenant bonjour comment procéder au retour de ma commande je souhaite un remboursement intégral je saisirai un avocat si rien ne bouge,RETOUR_REMBOURSEMENT__fr
702,"Bonjour, Marchandise arrivée déchirée. Colis COL-2024-34752. Plusieurs articles sont rayés et inutilisables. Merci !",PRODUIT_ENDOMMAGE,,,,,COL-2024-34752,fr,False,"Bonjour, Marchandise arrivée déchirée. Colis COL-2024-34752. Plusieurs articles sont rayés et inutilisables. Merci !",bonjour marchandise arrivée déchirée colis col 2024 34752 plusieurs articles sont rayés et inutilisables merci,PRODUIT_ENDOMMAGE__fr
754,"Bonjour, Demande de remboursement de la somme payée. Produit non conforme. Sincères salutations.",RETOUR_REMBOURSEMENT,,,,,,fr,False,"Bonjour, Demande de remboursement de la somme payée. Produit non conforme. Sincères salutations.",bonjour demande de remboursement de la somme payée produit non conforme sincères salutations,RETOUR_REMBOURSEMENT__fr
498,"Bonjour, Bonjour, je devais recevoir mon colis PKG-2023-74463 à Bizerte, et rien n'est arrivé depuis 19 jours. Sincères salutations.",RETARD_LIVRAISON,,19.0,,Bizerte,PKG-2023-74463,fr,False,"Bonjour, Bonjour, je devais recevoir mon colis PKG-2023-74463 à Bizerte, et rien n'est arrivé depuis 19 jours. Sincères salutations.",bonjour bonjour je devais recevoir mon colis pkg 2023 74463 à bizerte et rien n est arrivé depuis 19 jours sincères salutations,RETARD_LIVRAISON__fr
1191,"Salut, Le colis référence inconnue est en retard de 5 semaines.",RETARD_LIVRAISON,,35.0,,,,fr,False,"Salut, Le colis référence inconnue est en retard de 5 semaines.",salut le colis référence inconnue est en retard de 5 semaines,RETARD_LIVRAISON__fr
2006,"Je suis furieux, Mon colis TR-2026-51681 a été livré à Sousse alors que j'habite à Bizerte. Je saisirai un avocat si rien ne bouge.",ERREUR_DESTINATION,,,,Sousse,TR-2026-51681,fr,False,"Je suis furieux, Mon colis TR-2026-51681 a été livré à Sousse alors que j'habite à Bizerte. Je saisirai un avocat si rien ne bouge.",je suis furieux mon colis tr 2026 51681 a été livré à sousse alors que j habite à bizerte je saisirai un avocat si rien ne bouge,ERREUR_DESTINATION__fr
1028,Aucune nouvelle de ma livraison. Attendue à Manouba. Cela fait 35 jours d'attente.,RETARD_LIVRAISON,,35.0,,Manouba,,fr,False,Aucune nouvelle de ma livraison. Attendue à Manouba. Cela fait 35 jours d'attente.,aucune nouvelle de ma livraison attendue à manouba cela fait 35 jours d attente,RETARD_LIVRAISON__fr
2227,"Salut, Je souhaite retourner ma commande et être remboursé de 1930DT. Merci. Merci beaucoup.",RETOUR_REMBOURSEMENT,,,1930DT,,,fr,False,"Salut, Je souhaite retourner ma commande et être remboursé de 1930DT. Merci. Merci beaucoup.",salut je souhaite retourner ma commande et être remboursé de 1930dt merci merci beaucoup,RETOUR_REMBOURSEMENT__fr
1752,Demande de remboursement de 234.14EUR. Produit non conforme.,RETOUR_REMBOURSEMENT,,,234.14EUR,,,fr,True,Demande de remboursement de 234.14EUR. Produit non conforme.,demande de remboursement de 234 14eur produit non conforme,RETOUR_REMBOURSEMENT__fr
910,"Madame, Monsieur, Mon colis a été livré à Gafsa alors que j'habite à Rabat. Sincères salutations.",ERREUR_DESTINATION,,,,Gafsa,,fr,False,"Madame, Monsieur, Mon colis a été livré à Gafsa alors que j'habite à Rabat. Sincères salutations.",madame monsieur mon colis a été livré à gafsa alors que j habite à rabat sincères salutations,ERREUR_DESTINATION__fr
802,"Écoutez, Mon colis EXP-2024-20180 a été livré à Tunis alors que j'habite à Marseille. Je veux parler à un responsable, IMMÉDIATEMENT.",ERREUR_DESTINATION,,,,Tunis,EXP-2024-20180,fr,False,"Écoutez, Mon colis EXP-2024-20180 a été livré à Tunis alors que j'habite à Marseille. Je veux parler à un responsable, IMMÉDIATEMENT.",écoutez mon colis exp 2024 20180 a été livré à tunis alors que j habite à marseille je veux parler à un responsable immédiatement,ERREUR_DESTINATION__fr
2117,"Bonsoir, Question facturation. On me demande 65 € pour PKG-2026-59148, alors que rien n'a été livré. Explication ? Cordialement.",FACTURATION_PAIEMENT,,,65 €,,PKG-2026-59148,fr,True,"Bonsoir, Question facturation. On me demande 65 € pour PKG-2026-59148, alors que rien n'a été livré. Explication ? Cordialement.",bonsoir question facturation on me demande 65 pour pkg 2026 59148 alors que rien n a été livré explication cordialement,FACTURATION_PAIEMENT__fr
2192,"Hello, Marchandise arrivée déchirée. Livrée à Manouba. Plusieurs articles sont rayés et inutilisables.",PRODUIT_ENDOMMAGE,,,,Manouba,,fr,False,"Hello, Marchandise arrivée déchirée. Livrée à Manouba. Plusieurs articles sont rayés et inutilisables.",hello marchandise arrivée déchirée livrée à manouba plusieurs articles sont rayés et inutilisables,PRODUIT_ENDOMMAGE__fr
2167,"Le colis BL-2026-31230 est marqué livré le 18 mars, mais je n'ai rien reçu. Je pense qu'il a été volé. Dernière chance avant plainte officielle.",PERTE_VOL,18-mars,,,,BL-2026-31230,fr,False,"Le colis BL-2026-31230 est marqué livré le 18 mars, mais je n'ai rien reçu. Je pense qu'il a été volé. Dernière chance avant plainte officielle.",le colis bl 2026 31230 est marqué livré le 18 mars mais je n ai rien reçu je pense qu il a été volé dernière chance avant plainte officielle,PERTE_VOL__fr
633,"Madame, Monsieur, J'ai été débité deux fois 853 dinars pour la même commande le 2024-02-23. Sincères salutations.",FACTURATION_PAIEMENT,23/02/2024,,853 dinars,,,fr,False,"Madame, Monsieur, J'ai été débité deux fois 853 dinars pour la même commande le 2024-02-23. Sincères salutations.",madame monsieur j ai été débité deux fois 853 dinars pour la même commande le 2024 02 23 sincères salutations,FACTURATION_PAIEMENT__fr
1302,"Écoutez, Erreur d'adresse : le colis CMR-2026-15156 est parti sur Paris, moi je suis à Milan. Que faire ? Je vais résilier si ça continue!!",ERREUR_DESTINATION,,,,Paris,CMR-2026-15156,fr,False,"Écoutez, Erreur d'adresse : le colis CMR-2026-15156 est parti sur Paris, moi je suis à Milan. Que faire ? Je vais résilier si ça continue!!",écoutez erreur d adresse le colis cmr 2026 15156 est parti sur paris moi je suis à milan que faire je vais résilier si ça continue,ERREUR_DESTINATION__fr
426,"Bonjour, Bonjour, comment procéder au retour de ma commande CMR-2026-38848 ? Je souhaite un remboursement intégral de 1981.00 euros. Merci beaucoup.",RETOUR_REMBOURSEMENT,,,1981.00 euros,,CMR-2026-38848,fr,True,"Bonjour, Bonjour, comment procéder au retour de ma commande CMR-2026-38848 ? Je souhaite un remboursement intégral de 1981.00 euros. Merci beaucoup.",bonjour bonjour comment procéder au retour de ma commande cmr 2026 38848 je souhaite un remboursement intégral de 1981 00 euros merci beaucoup,RETOUR_REMBOURSEMENT__fr
687,"C'est inadmissible ! Question : est-ce que vous livrez le dimanche ? Je veux parler à un responsable, IMMÉDIATEMENT.",AUTRE,,,,,,fr,False,"C'est inadmissible ! Question : est-ce que vous livrez le dimanche ? Je veux parler à un responsable, IMMÉDIATEMENT.",c est inadmissible question est ce que vous livrez le dimanche je veux parler à un responsable immédiatement,AUTRE__fr
1112,"Bonjour Madame, Monsieur, Colis expédié vers Le Bardo par erreur le le 12 déc.. Ma vraie adresse est à Gafsa (colis EXP-2023-96247). À corriger. Bien à vous.",ERREUR_DESTINATION,le 12 déc.,,,Le Bardo,EXP-2023-96247,fr,False,"Bonjour Madame, Monsieur, Colis expédié vers Le Bardo par erreur le le 12 déc.. Ma vraie adresse est à Gafsa (colis EXP-2023-96247). À corriger. Bien à vous.",bonjour madame monsieur colis expédié vers le bardo par erreur le le 12 déc ma vraie adresse est à gafsa colis exp 2023 96247 à corriger bien à vous,ERREUR_DESTINATION__fr
2092,"Hello, Ma commande a totalement disparu. Numéro : ADR-2026-96999. Livraison Rome prévue le 2025-09-16. Enquête urgente demandée. Merci !",PERTE_VOL,16/09/2025,,,Rome,ADR-2026-96999,fr,False,"Hello, Ma commande a totalement disparu. Numéro : ADR-2026-96999. Livraison Rome prévue le 2025-09-16. Enquête urgente demandée. Merci !",hello ma commande a totalement disparu numéro adr 2026 96999 livraison rome prévue le 2025 09 16 enquête urgente demandée merci,PERTE_VOL__fr
341,"Cher Service Client, Expérience terrible avec votre service à Nice. J'exige des explications. Cordialement.",QUALITE_SERVICE,,,,Nice,,fr,False,"Cher Service Client, Expérience terrible avec votre service à Nice. J'exige des explications. Cordialement.",cher service client expérience terrible avec votre service à nice j exige des explications cordialement,QUALITE_SERVICE__fr
548,"Salut, Toujours pas livré à Manouba, 19 jours de retard. C'est long. À bientôt.",RETARD_LIVRAISON,,19.0,,Manouba,,fr,False,"Salut, Toujours pas livré à Manouba, 19 jours de retard. C'est long. À bientôt.",salut toujours pas livré à manouba 19 jours de retard c est long à bientôt,RETARD_LIVRAISON__fr
1702,"Hello, Colis perdu égaré dans le circuit. Départ Ettadhamen.",PERTE_VOL,,,,Ettadhamen,,fr,False,"Hello, Colis perdu égaré dans le circuit. Départ Ettadhamen.",hello colis perdu égaré dans le circuit départ ettadhamen,PERTE_VOL__fr
1577,"Coucou, Facture incorrecte : on m'a facturé 1809 TND pour la livraison BL-2023-75336, ce n'est pas le tarif convenu. À bientôt.",FACTURATION_PAIEMENT,,,1809 TND,,BL-2023-75336,fr,False,"Coucou, Facture incorrecte : on m'a facturé 1809 TND pour la livraison BL-2023-75336, ce n'est pas le tarif convenu. À bientôt.",coucou facture incorrecte on m a facturé 1809 tnd pour la livraison bl 2023 75336 ce n est pas le tarif convenu à bientôt,FACTURATION_PAIEMENT__fr
1759,"Madame, Monsieur, Reception d'un colis défectueux. EXP-2024-72471. L'article est brisé, inutilisable en l'état. Sincères salutations.",PRODUIT_ENDOMMAGE,,,,,EXP-2024-72471,fr,False,"Madame, Monsieur, Reception d'un colis défectueux. EXP-2024-72471. L'article est brisé, inutilisable en l'état. Sincères salutations.",madame monsieur reception d un colis défectueux exp 2024 72471 l article est brisé inutilisable en l état sincères salutations,PRODUIT_ENDOMMAGE__fr
771,"Écoutez, Bonjour, comment procéder au retour de ma commande TR-2025-89011 ? Je souhaite un remboursement intégral de 1983.45dinars. C'est inacceptable !",RETOUR_REMBOURSEMENT,,,1983.45dinars,,TR-2025-89011,fr,False,"Écoutez, Bonjour, comment procéder au retour de ma commande TR-2025-89011 ? Je souhaite un remboursement intégral de 1983.45dinars. C'est inacceptable !",écoutez bonjour comment procéder au retour de ma commande tr 2025 89011 je souhaite un remboursement intégral de 1983 45dinars c est inacceptable,RETOUR_REMBOURSEMENT__fr
2122,"Bonjour, Aucun professionnalisme. Personne ne rappelle. Colis ADR-2026-77178. Réagissez !",QUALITE_SERVICE,,,,,ADR-2026-77178,fr,False,"Bonjour, Aucun professionnalisme. Personne ne rappelle. Colis ADR-2026-77178. Réagissez !",bonjour aucun professionnalisme personne ne rappelle colis adr 2026 77178 réagissez,QUALITE_SERVICE__fr
959,"Coucou, Adresse de livraison ignorée. Envoi effectué vers Béja au lieu de Paris. Ref : BL-2025-40003. Merci beaucoup.",ERREUR_DESTINATION,,,,Béja,BL-2025-40003,fr,False,"Coucou, Adresse de livraison ignorée. Envoi effectué vers Béja au lieu de Paris. Ref : BL-2025-40003. Merci beaucoup.",coucou adresse de livraison ignorée envoi effectué vers béja au lieu de paris ref bl 2025 40003 merci beaucoup,ERREUR_DESTINATION__fr
1993,"Bonjour Madame, Monsieur, Facture incorrecte : on m'a facturé 1631,50 DT, ce n'est pas le tarif convenu. Sincères salutations.",FACTURATION_PAIEMENT,,,"1631,50 DT",,,fr,False,"Bonjour Madame, Monsieur, Facture incorrecte : on m'a facturé 1631,50 DT, ce n'est pas le tarif convenu. Sincères salutations.",bonjour madame monsieur facture incorrecte on m a facturé 1631 50 dt ce n est pas le tarif convenu sincères salutations,FACTURATION_PAIEMENT__fr
2437,"Cher Service Client, Mon colis CMR-2024-25170 a été livré à Manouba alors que j'habite à Bruxelles. Cordialement.",ERREUR_DESTINATION,,,,Manouba,CMR-2024-25170,fr,False,"Cher Service Client, Mon colis CMR-2024-25170 a été livré à Manouba alors que j'habite à Bruxelles. Cordialement.",cher service client mon colis cmr 2024 25170 a été livré à manouba alors que j habite à bruxelles cordialement,ERREUR_DESTINATION__fr
1517,"Hello, Adresse de livraison ignorée. Envoi effectué vers Nabeul au lieu de Nice. Ref : TR-2026-30700. Merci !",ERREUR_DESTINATION,,,,Nabeul,TR-2026-30700,fr,False,"Hello, Adresse de livraison ignorée. Envoi effectué vers Nabeul au lieu de Nice. Ref : TR-2026-30700. Merci !",hello adresse de livraison ignorée envoi effectué vers nabeul au lieu de nice ref tr 2026 30700 merci,ERREUR_DESTINATION__fr
1467,"Écoutez, Mon clavier d'une valeur de quelques centaines est cassé à la réception. Colis COL-2025-33488. C'est inacceptable !",PRODUIT_ENDOMMAGE,,,,,COL-2025-33488,fr,False,"Écoutez, Mon clavier d'une valeur de quelques centaines est cassé à la réception. Colis COL-2025-33488. C'est inacceptable !",écoutez mon clavier d une valeur de quelques centaines est cassé à la réception colis col 2025 33488 c est inacceptable,PRODUIT_ENDOMMAGE__fr
1482,"Ça suffit maintenant, J'ai contacté votre support, personne ne répond. C'est très décevant. Dernière chance avant plainte officielle!!!",QUALITE_SERVICE,,,,,,fr,False,"Ça suffit maintenant, J'ai contacté votre support, personne ne répond. C'est très décevant. Dernière chance avant plainte officielle!!!",ça suffit maintenant j ai contacté votre support personne ne répond c est très décevant dernière chance avant plainte officielle,QUALITE_SERVICE__fr
1267,C'est inadmissible ! Je souhaite retourner ma commande PKG-2024-31388 et être remboursé de 920eur. Merci. Réagissez !,RETOUR_REMBOURSEMENT,,,920eur,,PKG-2024-31388,fr,True,C'est inadmissible ! Je souhaite retourner ma commande PKG-2024-31388 et être remboursé de 920eur. Merci. Réagissez !,c est inadmissible je souhaite retourner ma commande pkg 2024 31388 et être remboursé de 920eur merci réagissez,RETOUR_REMBOURSEMENT__fr
1434,"Bonjour, Produit reçu abîmé. Emballage détruit. Livraison La Marsa. J attends depuis 10 jours un geste. Merci de votre retour.",PRODUIT_ENDOMMAGE,,10.0,,La Marsa,,fr,False,"Bonjour, Produit reçu abîmé. Emballage détruit. Livraison La Marsa. J attends depuis 10 jours un geste. Merci de votre retour.",bonjour produit reçu abîmé emballage détruit livraison la marsa j attends depuis 10 jours un geste merci de votre retour,PRODUIT_ENDOMMAGE__fr
298,"Bonjour Madame, Monsieur, Je souhaite retourner ma commande EXP-2026-25674 et être remboursé de 642.76euros. Merci. Dans l'attente de votre réponse.",RETOUR_REMBOURSEMENT,,,642.76euros,,EXP-2026-25674,fr,True,"Bonjour Madame, Monsieur, Je souhaite retourner ma commande EXP-2026-25674 et être remboursé de 642.76euros. Merci. Dans l'attente de votre réponse.",bonjour madame monsieur je souhaite retourner ma commande exp 2026 25674 et être remboursé de 642 76euros merci dans l attente de votre réponse,RETOUR_REMBOURSEMENT__fr
2341,"Le tracking indique 'livré' à La Marsa, mais rien à la maison. Colis TR-2024-59052 volé je pense. À bientôt.",PERTE_VOL,,,,La Marsa,TR-2024-59052,fr,False,"Le tracking indique 'livré' à La Marsa, mais rien à la maison. Colis TR-2024-59052 volé je pense. À bientôt.",le tracking indique livré à la marsa mais rien à la maison colis tr 2024 59052 volé je pense à bientôt,PERTE_VOL__fr
439,"Bonjour Madame, Monsieur, Bonjour, comment vous joindre par téléphone ? Je patiente depuis 45 jours. Merci d'avance.",AUTRE,,45.0,,,,fr,False,"Bonjour Madame, Monsieur, Bonjour, comment vous joindre par téléphone ? Je patiente depuis 45 jours. Merci d'avance.",bonjour madame monsieur bonjour comment vous joindre par téléphone je patiente depuis 45 jours merci d avance,AUTRE__fr
775,"Je suis furieux, La boîte du colis COL-2023-13015 est arrivée écrasée et tout est en miettes. Je ne veux plus jamais utiliser vos services.",PRODUIT_ENDOMMAGE,,,,,COL-2023-13015,fr,False,"Je suis furieux, La boîte du colis COL-2023-13015 est arrivée écrasée et tout est en miettes. Je ne veux plus jamais utiliser vos services.",je suis furieux la boîte du colis col 2023 13015 est arrivée écrasée et tout est en miettes je ne veux plus jamais utiliser vos services,PRODUIT_ENDOMMAGE__fr
416,"Cher Service Client, Mon téléphone d'une valeur de quelques centaines est cassé à la réception. Dans l'attente de votre réponse.",PRODUIT_ENDOMMAGE,,,,,,fr,False,"Cher Service Client, Mon téléphone d'une valeur de quelques centaines est cassé à la réception. Dans l'attente de votre réponse.",cher service client mon téléphone d une valeur de quelques centaines est cassé à la réception dans l attente de votre réponse,PRODUIT_ENDOMMAGE__fr
2107,"Cher Service Client, Mon colis PKG-2023-33007 a été livré à Médenine alors que j'habite à Tozeur. Merci de votre retour.",ERREUR_DESTINATION,,,,Médenine,PKG-2023-33007,fr,False,"Cher Service Client, Mon colis PKG-2023-33007 a été livré à Médenine alors que j'habite à Tozeur. Merci de votre retour.",cher service client mon colis pkg 2023 33007 a été livré à médenine alors que j habite à tozeur merci de votre retour,ERREUR_DESTINATION__fr
835,Ma commande a totalement disparu. Numéro : BL-2023-24605. Livraison Monastir prévue le 2024-09-03. Enquête urgente demandée. À bientôt.,PERTE_VOL,03/09/2024,,,Monastir,BL-2023-24605,fr,False,Ma commande a totalement disparu. Numéro : BL-2023-24605. Livraison Monastir prévue le 2024-09-03. Enquête urgente demandée. À bientôt.,ma commande a totalement disparu numéro bl 2023 24605 livraison monastir prévue le 2024 09 03 enquête urgente demandée à bientôt,PERTE_VOL__fr
95,"Bonjour, Reception d'un colis défectueux. L'article est brisé, inutilisable en l'état. Je saisirai un avocat si rien ne bouge.",PRODUIT_ENDOMMAGE,,,,,,fr,False,"Bonjour, Reception d'un colis défectueux. L'article est brisé, inutilisable en l'état. Je saisirai un avocat si rien ne bouge.",bonjour reception d un colis défectueux l article est brisé inutilisable en l état je saisirai un avocat si rien ne bouge,PRODUIT_ENDOMMAGE__fr
397,"Bonjour, Le prix affiché était différent : 625EUR au lieu du montant annoncé. Commande TRK-2023-17928. À bientôt.",FACTURATION_PAIEMENT,,,625EUR,,TRK-2023-17928,fr,True,"Bonjour, Le prix affiché était différent : 625EUR au lieu du montant annoncé. Commande __TRACKING__-17928. À bientôt.",bonjour le prix affiché était différent 625eur au lieu du montant annoncé commande __tracking__ 17928 à bientôt,FACTURATION_PAIEMENT__fr
284,"Salut, Double prélèvement : 1066,15 dt le jour même. À corriger d'urgence. Merci d'avance.",FACTURATION_PAIEMENT,,,"1066,15 dt",,,fr,False,"Salut, Double prélèvement : 1066,15 dt le jour même. À corriger d'urgence. Merci d'avance.",salut double prélèvement 1066 15 dt le jour même à corriger d urgence merci d avance,FACTURATION_PAIEMENT__fr
1145,"Bonsoir, Le colis TRK-2026-67852 est en retard de 6 semaines. Merci d'avance.",RETARD_LIVRAISON,,42.0,,,TRK-2026-67852,fr,False,"Bonsoir, Le colis __TRACKING__-67852 est en retard de 6 semaines. Merci d'avance.",bonsoir le colis __tracking__ 67852 est en retard de 6 semaines merci d avance,RETARD_LIVRAISON__fr
2121,"Cher Service Client, Mon vase d'une valeur de quelques centaines est cassé à la réception. Adresse : Ettadhamen. Merci d'avance.",PRODUIT_ENDOMMAGE,,,,Ettadhamen,,fr,False,"Cher Service Client, Mon vase d'une valeur de quelques centaines est cassé à la réception. Adresse : Ettadhamen. Merci d'avance.",cher service client mon vase d une valeur de quelques centaines est cassé à la réception adresse ettadhamen merci d avance,PRODUIT_ENDOMMAGE__fr
2191,"Coucou, Erreur d'adresse : le colis PKG-2023-99839 est parti sur Manouba, moi je suis à El Menzah. Que faire ? Merci !",ERREUR_DESTINATION,,,,Manouba,PKG-2023-99839,fr,False,"Coucou, Erreur d'adresse : le colis PKG-2023-99839 est parti sur Manouba, moi je suis à El Menzah. Que faire ? Merci !",coucou erreur d adresse le colis pkg 2023 99839 est parti sur manouba moi je suis à el menzah que faire merci,ERREUR_DESTINATION__fr
1150,"Bonsoir, Le colis référence inconnue est en retard de 7 semaines. Merci d'avance.",RETARD_LIVRAISON,,49.0,,,,fr,False,"Bonsoir, Le colis référence inconnue est en retard de 7 semaines. Merci d'avance.",bonsoir le colis référence inconnue est en retard de 7 semaines merci d avance,RETARD_LIVRAISON__fr
2439,"Bonjour Madame, Monsieur, Question : est-ce que vous livrez le dimanche à Bruxelles ? Cordialement.",AUTRE,,,,Bruxelles,,fr,False,"Bonjour Madame, Monsieur, Question : est-ce que vous livrez le dimanche à Bruxelles ? Cordialement.",bonjour madame monsieur question est ce que vous livrez le dimanche à bruxelles cordialement,AUTRE__fr
1224,"Bonjour, Bonjour, demande de devis pour un envoi de 15 tonnes. Merci d'avance.",AUTRE,,,,,,fr,False,"Bonjour, Bonjour, demande de devis pour un envoi de 15 tonnes. Merci d'avance.",bonjour bonjour demande de devis pour un envoi de 15 tonnes merci d avance,AUTRE__fr
1348,"Madame, Monsieur, Retard important sur ma commande. Numéro de suivi : PKG-2024-18324. 8 semaines de retard. Dans l'attente de votre réponse.",RETARD_LIVRAISON,,56.0,,,PKG-2024-18324,fr,False,"Madame, Monsieur, Retard important sur ma commande. Numéro de suivi : PKG-2024-18324. 8 semaines de retard. Dans l'attente de votre réponse.",madame monsieur retard important sur ma commande numéro de suivi pkg 2024 18324 8 semaines de retard dans l attente de votre réponse,RETARD_LIVRAISON__fr
1214,"Hello, On m'a livré à la mauvaise ville. Numéro EXP-2026-34111. Destination erronée : Sousse. Correcte : Bizerte. À bientôt.",ERREUR_DESTINATION,,,,Sousse,EXP-2026-34111,fr,False,"Hello, On m'a livré à la mauvaise ville. Numéro EXP-2026-34111. Destination erronée : Sousse. Correcte : Bizerte. À bientôt.",hello on m a livré à la mauvaise ville numéro exp 2026 34111 destination erronée sousse correcte bizerte à bientôt,ERREUR_DESTINATION__fr
1412,"Coucou, Colis LP-2025-32626 égaré dans le circuit. Bloqué depuis 30 jours. Merci !",PERTE_VOL,,30.0,,,LP-2025-32626,fr,False,"Coucou, Colis LP-2025-32626 égaré dans le circuit. Bloqué depuis 30 jours. Merci !",coucou colis lp 2025 32626 égaré dans le circuit bloqué depuis 30 jours merci,PERTE_VOL__fr
1979,"Bonjour Madame, Monsieur, Demande de remboursement de 1981,67 dinars commandé le 28 mai. Produit non conforme. Merci d'avance.",RETOUR_REMBOURSEMENT,28-mai,,"1981,67 dinars",,,fr,False,"Bonjour Madame, Monsieur, Demande de remboursement de 1981,67 dinars commandé le 28 mai. Produit non conforme. Merci d'avance.",bonjour madame monsieur demande de remboursement de 1981 67 dinars commandé le 28 mai produit non conforme merci d avance,RETOUR_REMBOURSEMENT__fr
2221,"Je suis furieux, Colis expédié vers Rome par erreur. Ma vraie adresse est à Bizerte (colis LP-2023-19500). À corriger. Je saisirai un avocat si rien ne bouge!!",ERREUR_DESTINATION,,,,Rome,LP-2023-19500,fr,False,"Je suis furieux, Colis expédié vers Rome par erreur. Ma vraie adresse est à Bizerte (colis LP-2023-19500). À corriger. Je saisirai un avocat si rien ne bouge!!",je suis furieux colis expédié vers rome par erreur ma vraie adresse est à bizerte colis lp 2023 19500 à corriger je saisirai un avocat si rien ne bouge,ERREUR_DESTINATION__fr
172,"Bonjour Madame, Monsieur, Marchandise arrivée déchirée. Plusieurs articles sont rayés et inutilisables. Bien à vous.",PRODUIT_ENDOMMAGE,,,,,,fr,False,"Bonjour Madame, Monsieur, Marchandise arrivée déchirée. Plusieurs articles sont rayés et inutilisables. Bien à vous.",bonjour madame monsieur marchandise arrivée déchirée plusieurs articles sont rayés et inutilisables bien à vous,PRODUIT_ENDOMMAGE__fr
120,"Écoutez, Aucun professionnalisme. Personne ne rappelle. C'est inacceptable !",QUALITE_SERVICE,,,,,,fr,False,"Écoutez, Aucun professionnalisme. Personne ne rappelle. C'est inacceptable !",écoutez aucun professionnalisme personne ne rappelle c est inacceptable,QUALITE_SERVICE__fr
112,"Cher Service Client, J'ai contacté votre support 7 semaines, personne ne répond. C'est très décevant. Cordialement.",QUALITE_SERVICE,,49.0,,,,fr,False,"Cher Service Client, J'ai contacté votre support 7 semaines, personne ne répond. C'est très décevant. Cordialement.",cher service client j ai contacté votre support 7 semaines personne ne répond c est très décevant cordialement,QUALITE_SERVICE__fr
1219,"Je suis furieux, Double prélèvement : 1240dinars le jour même et à nouveau 1822 dt. À corriger d'urgence. Je ne veux plus jamais utiliser vos services...",FACTURATION_PAIEMENT,,,1240dinars,,,fr,False,"Je suis furieux, Double prélèvement : 1240dinars le jour même et à nouveau 1822 dt. À corriger d'urgence. Je ne veux plus jamais utiliser vos services...",je suis furieux double prélèvement 1240dinars le jour même et à nouveau 1822 dt à corriger d urgence je ne veux plus jamais utiliser vos services,FACTURATION_PAIEMENT__fr
2458,"Bonjour Madame, Monsieur, Ma commande EXP-2025-69615 devait arriver à Kasserine, toujours rien reçu, ça fait 5 semaines. Merci d'avance.",RETARD_LIVRAISON,,35.0,,Kasserine,EXP-2025-69615,fr,False,"Bonjour Madame, Monsieur, Ma commande EXP-2025-69615 devait arriver à Kasserine, toujours rien reçu, ça fait 5 semaines. Merci d'avance.",bonjour madame monsieur ma commande exp 2025 69615 devait arriver à kasserine toujours rien reçu ça fait 5 semaines merci d avance,RETARD_LIVRAISON__fr
390,"Bonjour, Je souhaite un renseignement sur vos tarifs internationaux ? Dans l'attente de votre réponse.",AUTRE,,,,,,fr,False,"Bonjour, Je souhaite un renseignement sur vos tarifs internationaux ? Dans l'attente de votre réponse.",bonjour je souhaite un renseignement sur vos tarifs internationaux dans l attente de votre réponse,AUTRE__fr
492,"Cher Service Client, Service client injoignable. Attente depuis 7 semaines. Aucune réponse. Merci de votre retour.",QUALITE_SERVICE,,49.0,,,,fr,False,"Cher Service Client, Service client injoignable. Attente depuis 7 semaines. Aucune réponse. Merci de votre retour.",cher service client service client injoignable attente depuis 7 semaines aucune réponse merci de votre retour,QUALITE_SERVICE__fr
182,"Madame, Monsieur, Bonjour, je devais recevoir mon colis LP-2024-52027 à Sfax le 2025-07-01, et rien n'est arrivé depuis 48h. Merci d'avance.",RETARD_LIVRAISON,01/07/2025,2.0,,Sfax,LP-2024-52027,fr,False,"Madame, Monsieur, Bonjour, je devais recevoir mon colis LP-2024-52027 à Sfax le 2025-07-01, et rien n'est arrivé depuis 48h. Merci d'avance.",madame monsieur bonjour je devais recevoir mon colis lp 2024 52027 à sfax le 2025 07 01 et rien n est arrivé depuis 48h merci d avance,RETARD_LIVRAISON__fr
760,"Franchement, La boîte du colis TRK-2026-80314 est arrivée ÉCRASÉE et tout est en miettes. Je vais résilier si ça continue.",PRODUIT_ENDOMMAGE,,,,,TRK-2026-80314,fr,False,"Franchement, La boîte du colis __TRACKING__-80314 est arrivée ÉCRASÉE et tout est en miettes. Je vais résilier si ça continue.",franchement la boîte du colis __tracking__ 80314 est arrivée écrasée et tout est en miettes je vais résilier si ça continue,PRODUIT_ENDOMMAGE__fr
1331,"Franchement, Livreur arrivé, n'a même pas sonné. Colis déposé n'importe où. Réagissez !",QUALITE_SERVICE,,,,,,fr,False,"Franchement, Livreur arrivé, n'a même pas sonné. Colis déposé n'importe où. Réagissez !",franchement livreur arrivé n a même pas sonné colis déposé n importe où réagissez,QUALITE_SERVICE__fr
1562,"Hello, Colis BL-2025-21274 égaré dans le circuit. Départ Ben Arous. Bloqué depuis 36h. Merci d'avance.",PERTE_VOL,,1.0,,Ben Arous,BL-2025-21274,fr,False,"Hello, Colis BL-2025-21274 égaré dans le circuit. Départ Ben Arous. Bloqué depuis 36h. Merci d'avance.",hello colis bl 2025 21274 égaré dans le circuit départ ben arous bloqué depuis 36h merci d avance,PERTE_VOL__fr
7,"Bonjour, Aucun professionnalisme. Personne ne rappelle. Merci d'avance.",QUALITE_SERVICE,,,,,,fr,False,"Bonjour, Aucun professionnalisme. Personne ne rappelle. Merci d'avance.",bonjour aucun professionnalisme personne ne rappelle merci d avance,QUALITE_SERVICE__fr
648,"Cher Service Client, Bonjour, comment vous joindre par téléphone ?. Merci de votre retour.",AUTRE,,,,,,fr,False,"Cher Service Client, Bonjour, comment vous joindre par téléphone ?. Merci de votre retour.",cher service client bonjour comment vous joindre par téléphone merci de votre retour,AUTRE__fr
1121,"Cher Service Client, Colis introuvable à Ettadhamen. Ref TRK-2023-79341. Disparu depuis 29 jours. Cordialement.",PERTE_VOL,,29.0,,Ettadhamen,TRK-2023-79341,fr,False,"Cher Service Client, Colis introuvable à Ettadhamen. Ref __TRACKING__-79341. Disparu depuis 29 jours. Cordialement.",cher service client colis introuvable à ettadhamen ref __tracking__ 79341 disparu depuis 29 jours cordialement,PERTE_VOL__fr
1922,"Bonjour Madame, Monsieur, Le prix affiché était différent : 272.34 eur au lieu du montant annoncé. Commande COL-2025-13331. Cordialement.",FACTURATION_PAIEMENT,,,272.34 eur,,COL-2025-13331,fr,True,"Bonjour Madame, Monsieur, Le prix affiché était différent : 272.34 eur au lieu du montant annoncé. Commande COL-2025-13331. Cordialement.",bonjour madame monsieur le prix affiché était différent 272 34 eur au lieu du montant annoncé commande col 2025 13331 cordialement,FACTURATION_PAIEMENT__fr
1539,"Bonsoir, Le colis TR-2024-59963 est bloqué à Ben Arous. Il devait aller à Monastir. Merci de votre retour.",ERREUR_DESTINATION,,,,Ben Arous,TR-2024-59963,fr,False,"Bonsoir, Le colis TR-2024-59963 est bloqué à Ben Arous. Il devait aller à Monastir. Merci de votre retour.",bonsoir le colis tr 2024 59963 est bloqué à ben arous il devait aller à monastir merci de votre retour,ERREUR_DESTINATION__fr
1321,"Bonsoir, Le colis référence inconnue est en retard de 4 mois. Merci de votre retour.",RETARD_LIVRAISON,,120.0,,,,fr,False,"Bonsoir, Le colis référence inconnue est en retard de 4 mois. Merci de votre retour.",bonsoir le colis référence inconnue est en retard de 4 mois merci de votre retour,RETARD_LIVRAISON__fr
602,"Hello, Adresse de livraison ignorée. Envoi effectué vers Kairouan au lieu de Barcelone. Ref : LP-2026-40115.",ERREUR_DESTINATION,,,,Kairouan,LP-2026-40115,fr,False,"Hello, Adresse de livraison ignorée. Envoi effectué vers Kairouan au lieu de Barcelone. Ref : LP-2026-40115.",hello adresse de livraison ignorée envoi effectué vers kairouan au lieu de barcelone ref lp 2026 40115,ERREUR_DESTINATION__fr
103,"Coucou, Double prélèvement : 1989.53euros le jour même. À corriger d'urgence. À bientôt.",FACTURATION_PAIEMENT,,,1989.53euros,,,fr,True,"Coucou, Double prélèvement : 1989.53euros le jour même. À corriger d'urgence. À bientôt.",coucou double prélèvement 1989 53euros le jour même à corriger d urgence à bientôt,FACTURATION_PAIEMENT__fr
1418,"Bonjour, J'attends toujours mon remboursement de 1044 TND. Cela fait 34 jours. C'est long ! Dans l'attente de votre réponse.",RETOUR_REMBOURSEMENT,,34.0,1044 TND,,,fr,False,"Bonjour, J'attends toujours mon remboursement de 1044 TND. Cela fait 34 jours. C'est long ! Dans l'attente de votre réponse.",bonjour j attends toujours mon remboursement de 1044 tnd cela fait 34 jours c est long dans l attente de votre réponse,RETOUR_REMBOURSEMENT__fr
879,"Cher Service Client, Adresse de livraison ignorée. Envoi effectué vers Berlin au lieu de Médenine. Ref : ADR-2024-72742. Merci de votre retour.",ERREUR_DESTINATION,,,,Berlin,ADR-2024-72742,fr,False,"Cher Service Client, Adresse de livraison ignorée. Envoi effectué vers Berlin au lieu de Médenine. Ref : ADR-2024-72742. Merci de votre retour.",cher service client adresse de livraison ignorée envoi effectué vers berlin au lieu de médenine ref adr 2024 72742 merci de votre retour,ERREUR_DESTINATION__fr
800,"Ça suffit maintenant, Comportement du livreur inacceptable. Il a jeté le colis par-dessus le portail. Je vais résilier si ça continue...",QUALITE_SERVICE,,,,,,fr,False,"Ça suffit maintenant, Comportement du livreur inacceptable. Il a jeté le colis par-dessus le portail. Je vais résilier si ça continue...",ça suffit maintenant comportement du livreur inacceptable il a jeté le colis par dessus le portail je vais résilier si ça continue,QUALITE_SERVICE__fr
421,"Cher Service Client, Erreur d'adresse : le colis TR-2024-52875 est parti sur Béja, moi je suis à Sousse. Que faire ? Dans l'attente de votre réponse.",ERREUR_DESTINATION,,,,Béja,TR-2024-52875,fr,False,"Cher Service Client, Erreur d'adresse : le colis TR-2024-52875 est parti sur Béja, moi je suis à Sousse. Que faire ? Dans l'attente de votre réponse.",cher service client erreur d adresse le colis tr 2024 52875 est parti sur béja moi je suis à sousse que faire dans l attente de votre réponse,ERREUR_DESTINATION__fr
1920,"Hello, Aucune nouvelle de ma livraison. Attendue à Médenine le 2025-04-14. Cela fait 8 semaines d'attente.",RETARD_LIVRAISON,14/04/2025,56.0,,Médenine,,fr,False,"Hello, Aucune nouvelle de ma livraison. Attendue à Médenine le 2025-04-14. Cela fait 8 semaines d'attente.",hello aucune nouvelle de ma livraison attendue à médenine le 2025 04 14 cela fait 8 semaines d attente,RETARD_LIVRAISON__fr
1277,"Salut, La boîte du colis BL-2025-22913 est arrivée écrasée et tout est en miettes. Merci d'avance.",PRODUIT_ENDOMMAGE,,,,,BL-2025-22913,fr,False,"Salut, La boîte du colis BL-2025-22913 est arrivée écrasée et tout est en miettes. Merci d'avance.",salut la boîte du colis bl 2025 22913 est arrivée écrasée et tout est en miettes merci d avance,PRODUIT_ENDOMMAGE__fr
2237,"Coucou, Bonjour, comment procéder au retour de ma commande ADR-2026-28820 ? Je souhaite un remboursement intégral de 1386,22 TND. Merci d'avance.",RETOUR_REMBOURSEMENT,,,"1386,22 TND",,ADR-2026-28820,fr,False,"Coucou, Bonjour, comment procéder au retour de ma commande ADR-2026-28820 ? Je souhaite un remboursement intégral de 1386,22 TND. Merci d'avance.",coucou bonjour comment procéder au retour de ma commande adr 2026 28820 je souhaite un remboursement intégral de 1386 22 tnd merci d avance,RETOUR_REMBOURSEMENT__fr
359,"Bonjour, Je veux annuler et être remboursé 1126 dinars. Commande BL-2025-44184. Sincères salutations.",RETOUR_REMBOURSEMENT,,,1126 dinars,,BL-2025-44184,fr,False,"Bonjour, Je veux annuler et être remboursé 1126 dinars. Commande BL-2025-44184. Sincères salutations.",bonjour je veux annuler et être remboursé 1126 dinars commande bl 2025 44184 sincères salutations,RETOUR_REMBOURSEMENT__fr
1492,"Hello, J'ai été débité deux fois 37euros pour la même commande TR-2026-25205 le 29/11/2025.",FACTURATION_PAIEMENT,29/11/2025,,37euros,,TR-2026-25205,fr,True,"Hello, J'ai été débité deux fois 37euros pour la même commande TR-2026-25205 le 29/11/2025.",hello j ai été débité deux fois 37euros pour la même commande tr 2026 25205 le 29 11 2025,FACTURATION_PAIEMENT__fr
66,"C'est inadmissible ! Double prélèvement : 20,90 euros le jour même. À corriger d'urgence. Dernière chance avant plainte officielle.",FACTURATION_PAIEMENT,,,"20,90 euros",,,fr,True,"C'est inadmissible ! Double prélèvement : 20,90 euros le jour même. À corriger d'urgence. Dernière chance avant plainte officielle.",c est inadmissible double prélèvement 20 90 euros le jour même à corriger d urgence dernière chance avant plainte officielle,FACTURATION_PAIEMENT__fr
1493,Je n'ai jamais reçu mon colis EXP-2023-25627. Il devait arriver à Hammamet le samedi. Plus de nouvelles depuis 36h. Perdu ? À bientôt.,PERTE_VOL,samedi,1.0,,Hammamet,EXP-2023-25627,fr,False,Je n'ai jamais reçu mon colis EXP-2023-25627. Il devait arriver à Hammamet le samedi. Plus de nouvelles depuis 36h. Perdu ? À bientôt.,je n ai jamais reçu mon colis exp 2023 25627 il devait arriver à hammamet le samedi plus de nouvelles depuis 36h perdu à bientôt,PERTE_VOL__fr
2132,"Franchement, Le colis ADR-2026-43237 est en retard de 36 jours. Dernière chance avant plainte officielle.",RETARD_LIVRAISON,,36.0,,,ADR-2026-43237,fr,False,"Franchement, Le colis ADR-2026-43237 est en retard de 36 jours. Dernière chance avant plainte officielle.",franchement le colis adr 2026 43237 est en retard de 36 jours dernière chance avant plainte officielle,RETARD_LIVRAISON__fr
2216,"Franchement, Expérience terrible avec votre service à Béja. J'exige des explications. Je saisirai un avocat si rien ne bouge.",QUALITE_SERVICE,,,,Béja,,fr,False,"Franchement, Expérience terrible avec votre service à Béja. J'exige des explications. Je saisirai un avocat si rien ne bouge.",franchement expérience terrible avec votre service à béja j exige des explications je saisirai un avocat si rien ne bouge,QUALITE_SERVICE__fr
1077,"Madame, Monsieur, Question facturation. On me demande 1582 dt pour ADR-2026-39069, alors que rien n'a été livré. Explication ? Dans l'attente de votre réponse.",FACTURATION_PAIEMENT,,,1582 dt,,ADR-2026-39069,fr,False,"Madame, Monsieur, Question facturation. On me demande 1582 dt pour ADR-2026-39069, alors que rien n'a été livré. Explication ? Dans l'attente de votre réponse.",madame monsieur question facturation on me demande 1582 dt pour adr 2026 39069 alors que rien n a été livré explication dans l attente de votre réponse,FACTURATION_PAIEMENT__fr
1803,"Bonjour, Demande de remboursement de 1555.24 DT. Produit non conforme. Merci !",RETOUR_REMBOURSEMENT,,,1555.24 DT,,,fr,False,"Bonjour, Demande de remboursement de 1555.24 DT. Produit non conforme. Merci !",bonjour demande de remboursement de 1555 24 dt produit non conforme merci,RETOUR_REMBOURSEMENT__fr
2484,"Bonjour, J'attends toujours mon remboursement de 1090dt. Cela fait 3 mois. C'est long ! Dans l'attente de votre réponse.",RETOUR_REMBOURSEMENT,,90.0,1090dt,,,fr,False,"Bonjour, J'attends toujours mon remboursement de 1090dt. Cela fait 3 mois. C'est long ! Dans l'attente de votre réponse.",bonjour j attends toujours mon remboursement de 1090dt cela fait 3 mois c est long dans l attente de votre réponse,RETOUR_REMBOURSEMENT__fr
2095,"Salut, On m'a livré à la mauvaise ville. Numéro TRK-2025-60293. Destination erronée : Kairouan. Correcte : Sfax. Reçu le 2024-07-31. Merci beaucoup.",ERREUR_DESTINATION,31/07/2024,,,Kairouan,TRK-2025-60293,fr,False,"Salut, On m'a livré à la mauvaise ville. Numéro __TRACKING__-60293. Destination erronée : Kairouan. Correcte : Sfax. Reçu le 2024-07-31. Merci beaucoup.",salut on m a livré à la mauvaise ville numéro __tracking__ 60293 destination erronée kairouan correcte sfax reçu le 2024 07 31 merci beaucoup,ERREUR_DESTINATION__fr
1572,"Bonjour Madame, Monsieur, Ma commande CMR-2025-79756 devait arriver, toujours rien reçu, ça fait 2 jours. Cordialement.",RETARD_LIVRAISON,,2.0,,,CMR-2025-79756,fr,False,"Bonjour Madame, Monsieur, Ma commande CMR-2025-79756 devait arriver, toujours rien reçu, ça fait 2 jours. Cordialement.",bonjour madame monsieur ma commande cmr 2025 79756 devait arriver toujours rien reçu ça fait 2 jours cordialement,RETARD_LIVRAISON__fr
599,"Cher Service Client, Le colis COL-2025-38163 est en retard de 47 jours. Livraison prévue à Djerba. Merci d'avance.",RETARD_LIVRAISON,,47.0,,Djerba,COL-2025-38163,fr,False,"Cher Service Client, Le colis COL-2025-38163 est en retard de 47 jours. Livraison prévue à Djerba. Merci d'avance.",cher service client le colis col 2025 38163 est en retard de 47 jours livraison prévue à djerba merci d avance,RETARD_LIVRAISON__fr
637,"Bonjour, J'attends toujours mon remboursement de 960 euros. Cela fait 42 jours. C'est long ! Sincères salutations.",RETOUR_REMBOURSEMENT,,42.0,960 euros,,,fr,True,"Bonjour, J'attends toujours mon remboursement de 960 euros. Cela fait 42 jours. C'est long ! Sincères salutations.",bonjour j attends toujours mon remboursement de 960 euros cela fait 42 jours c est long sincères salutations,RETOUR_REMBOURSEMENT__fr
1991,"Bonjour, Double prélèvement : 1922dinars le jour même. À corriger d'urgence. Je veux parler à un responsable, IMMÉDIATEMENT.",FACTURATION_PAIEMENT,,,1922dinars,,,fr,False,"Bonjour, Double prélèvement : 1922dinars le jour même. À corriger d'urgence. Je veux parler à un responsable, IMMÉDIATEMENT.",bonjour double prélèvement 1922dinars le jour même à corriger d urgence je veux parler à un responsable immédiatement,FACTURATION_PAIEMENT__fr
2447,"Coucou, Aucune nouvelle de ma livraison. Attendue à Barcelone. Cela fait 1 an d'attente.",RETARD_LIVRAISON,,365.0,,Barcelone,,fr,False,"Coucou, Aucune nouvelle de ma livraison. Attendue à Barcelone. Cela fait 1 an d'attente.",coucou aucune nouvelle de ma livraison attendue à barcelone cela fait 1 an d attente,RETARD_LIVRAISON__fr
107,"Cher Service Client, Aucune nouvelle de ma livraison LP-2025-37444. Attendue à Gabès. Cela fait 3 semaines d'attente. Bien à vous.",RETARD_LIVRAISON,,21.0,,Gabès,LP-2025-37444,fr,False,"Cher Service Client, Aucune nouvelle de ma livraison LP-2025-37444. Attendue à Gabès. Cela fait 3 semaines d'attente. Bien à vous.",cher service client aucune nouvelle de ma livraison lp 2025 37444 attendue à gabès cela fait 3 semaines d attente bien à vous,RETARD_LIVRAISON__fr
317,"Salut, Je veux annuler et être remboursé 199dinars. Commande EXP-2025-18050. Merci d'avance.",RETOUR_REMBOURSEMENT,,,199dinars,,EXP-2025-18050,fr,False,"Salut, Je veux annuler et être remboursé 199dinars. Commande EXP-2025-18050. Merci d'avance.",salut je veux annuler et être remboursé 199dinars commande exp 2025 18050 merci d avance,RETOUR_REMBOURSEMENT__fr
641,"Bonjour, Mon livre est arrivé à Kairouan completement cassé. Ref PKG-2023-18513. Dans l'attente de votre réponse.",PRODUIT_ENDOMMAGE,,,,Kairouan,PKG-2023-18513,fr,False,"Bonjour, Mon livre est arrivé à Kairouan completement cassé. Ref PKG-2023-18513. Dans l'attente de votre réponse.",bonjour mon livre est arrivé à kairouan completement cassé ref pkg 2023 18513 dans l attente de votre réponse,PRODUIT_ENDOMMAGE__fr
848,"Hello, Prélèvement erroné de 813.37dt constaté le 12/09. Merci de rectifier. Merci !",FACTURATION_PAIEMENT,12-sept.,,813.37dt,,,fr,False,"Hello, Prélèvement erroné de 813.37dt constaté le 12/09. Merci de rectifier. Merci !",hello prélèvement erroné de 813 37dt constaté le 12 09 merci de rectifier merci,FACTURATION_PAIEMENT__fr
628,"Bonjour, J'ai été débité deux fois 345,59 TND pour la même commande BL-2024-78149 le le 24 mar.. Merci !",FACTURATION_PAIEMENT,le 24 mar.,,"345,59 TND",,BL-2024-78149,fr,False,"Bonjour, J'ai été débité deux fois 345,59 TND pour la même commande BL-2024-78149 le le 24 mar.. Merci !",bonjour j ai été débité deux fois 345 59 tnd pour la même commande bl 2024 78149 le le 24 mar merci,FACTURATION_PAIEMENT__fr
255,"Coucou, On m'a livré à la mauvaise ville. Destination erronée : Médenine. Correcte : Kairouan. Merci beaucoup.",ERREUR_DESTINATION,,,,Médenine,,fr,False,"Coucou, On m'a livré à la mauvaise ville. Destination erronée : Médenine. Correcte : Kairouan. Merci beaucoup.",coucou on m a livré à la mauvaise ville destination erronée médenine correcte kairouan merci beaucoup,ERREUR_DESTINATION__fr
274,"Hello, Je veux annuler et être remboursé 323 €. Commande CMR-2025-16955. Merci beaucoup.",RETOUR_REMBOURSEMENT,,,323 €,,CMR-2025-16955,fr,True,"Hello, Je veux annuler et être remboursé 323 €. Commande CMR-2025-16955. Merci beaucoup.",hello je veux annuler et être remboursé 323 commande cmr 2025 16955 merci beaucoup,RETOUR_REMBOURSEMENT__fr
1284,"Bonjour, Livraison en retard à Hammamet. Attendu le 19 juin. Je vais résilier si ça continue.",RETARD_LIVRAISON,19-juin,,,Hammamet,,fr,False,"Bonjour, Livraison en retard à Hammamet. Attendu le 19 juin. Je vais résilier si ça continue.",bonjour livraison en retard à hammamet attendu le 19 juin je vais résilier si ça continue,RETARD_LIVRAISON__fr
1127,"Salut, Je n'ai jamais reçu mon colis EXP-2025-72086. Perdu ?",PERTE_VOL,,,,,EXP-2025-72086,fr,False,"Salut, Je n'ai jamais reçu mon colis EXP-2025-72086. Perdu ?",salut je n ai jamais reçu mon colis exp 2025 72086 perdu,PERTE_VOL__fr
2477,"Madame, Monsieur, Mon verres d'une valeur de quelques centaines est cassé à la réception. Colis PKG-2026-75595. Dans l'attente de votre réponse.",PRODUIT_ENDOMMAGE,,,,,PKG-2026-75595,fr,False,"Madame, Monsieur, Mon verres d'une valeur de quelques centaines est cassé à la réception. Colis PKG-2026-75595. Dans l'attente de votre réponse.",madame monsieur mon verres d une valeur de quelques centaines est cassé à la réception colis pkg 2026 75595 dans l attente de votre réponse,PRODUIT_ENDOMMAGE__fr
210,"Je suis furieux, Retard important sur ma commande. Destination : Nice. 25 jours de retard. Dernière chance avant plainte officielle.",RETARD_LIVRAISON,,25.0,,Nice,,fr,False,"Je suis furieux, Retard important sur ma commande. Destination : Nice. 25 jours de retard. Dernière chance avant plainte officielle.",je suis furieux retard important sur ma commande destination nice 25 jours de retard dernière chance avant plainte officielle,RETARD_LIVRAISON__fr
1811,"Bonjour, J'ai été débité deux fois 1550,92 dinars pour la même commande EXP-2023-18052 le 05/09/2025. Bien à vous.",FACTURATION_PAIEMENT,05/09/2025,,"1550,92 dinars",,EXP-2023-18052,fr,False,"Bonjour, J'ai été débité deux fois 1550,92 dinars pour la même commande EXP-2023-18052 le 05/09/2025. Bien à vous.",bonjour j ai été débité deux fois 1550 92 dinars pour la même commande exp 2023 18052 le 05 09 2025 bien à vous,FACTURATION_PAIEMENT__fr
361,"Salut, Reception d'un colis défectueux. TR-2023-76493. L'article est brisé, inutilisable en l'état. Merci d'avance.",PRODUIT_ENDOMMAGE,,,,,TR-2023-76493,fr,False,"Salut, Reception d'un colis défectueux. TR-2023-76493. L'article est brisé, inutilisable en l'état. Merci d'avance.",salut reception d un colis défectueux tr 2023 76493 l article est brisé inutilisable en l état merci d avance,PRODUIT_ENDOMMAGE__fr
1106,"Hello, Ma commande ADR-2025-18766 devait arriver à Médenine, toujours rien reçu, ça fait 37 jours. Merci !",RETARD_LIVRAISON,,37.0,,Médenine,ADR-2025-18766,fr,False,"Hello, Ma commande ADR-2025-18766 devait arriver à Médenine, toujours rien reçu, ça fait 37 jours. Merci !",hello ma commande adr 2025 18766 devait arriver à médenine toujours rien reçu ça fait 37 jours merci,RETARD_LIVRAISON__fr
1951,"Je suis furieux, Ma commande de 1383,60 eur a totalement disparu. Numéro : ADR-2025-34748.. Enquête urgente demandée. Je ne veux plus jamais utiliser vos services!!",PERTE_VOL,,,"1383,60 eur",,ADR-2025-34748,fr,True,"Je suis furieux, Ma commande de 1383,60 eur a totalement disparu. Numéro : ADR-2025-34748.. Enquête urgente demandée. Je ne veux plus jamais utiliser vos services!!",je suis furieux ma commande de 1383 60 eur a totalement disparu numéro adr 2025 34748 enquête urgente demandée je ne veux plus jamais utiliser vos services,PERTE_VOL__fr
2294,"Cher Service Client, Service client injoignable. Ref ADR-2024-27096. Aucune réponse. Sincères salutations.",QUALITE_SERVICE,,,,,ADR-2024-27096,fr,False,"Cher Service Client, Service client injoignable. Ref ADR-2024-27096. Aucune réponse. Sincères salutations.",cher service client service client injoignable ref adr 2024 27096 aucune réponse sincères salutations,QUALITE_SERVICE__fr
410,"Coucou, Expérience terrible avec votre service. J'exige des explications. Merci d'avance.",QUALITE_SERVICE,,,,,,fr,False,"Coucou, Expérience terrible avec votre service. J'exige des explications. Merci d'avance.",coucou expérience terrible avec votre service j exige des explications merci d avance,QUALITE_SERVICE__fr
593,"Cher Service Client, Simple question : puis-je changer l'adresse de livraison ? Bien à vous.",AUTRE,,,,,,fr,False,"Cher Service Client, Simple question : puis-je changer l'adresse de livraison ? Bien à vous.",cher service client simple question puis je changer l adresse de livraison bien à vous,AUTRE__fr
958,"Madame, Monsieur, Le tracking indique 'livré' à Ben Arous, mais rien à la maison. Colis inconnu volé je pense. Sincères salutations.",PERTE_VOL,,,,Ben Arous,,fr,False,"Madame, Monsieur, Le tracking indique 'livré' à Ben Arous, mais rien à la maison. Colis inconnu volé je pense. Sincères salutations.",madame monsieur le tracking indique livré à ben arous mais rien à la maison colis inconnu volé je pense sincères salutations,PERTE_VOL__fr
53,"Bonjour, Le colis EXP-2025-81737 est marqué livré à Zaghouan, mais je n'ai rien reçu. Je pense qu'il a été volé. Merci d'avance.",PERTE_VOL,,,,Zaghouan,EXP-2025-81737,fr,False,"Bonjour, Le colis EXP-2025-81737 est marqué livré à Zaghouan, mais je n'ai rien reçu. Je pense qu'il a été volé. Merci d'avance.",bonjour le colis exp 2025 81737 est marqué livré à zaghouan mais je n ai rien reçu je pense qu il a été volé merci d avance,PERTE_VOL__fr
243,C'est inadmissible ! On m'a livré à la mauvaise ville. Numéro BL-2024-96623. Destination erronée : Ezzahra. Correcte : Mahdia. Je vais résilier si ça continue.,ERREUR_DESTINATION,,,,Ezzahra,BL-2024-96623,fr,False,C'est inadmissible ! On m'a livré à la mauvaise ville. Numéro BL-2024-96623. Destination erronée : Ezzahra. Correcte : Mahdia. Je vais résilier si ça continue.,c est inadmissible on m a livré à la mauvaise ville numéro bl 2024 96623 destination erronée ezzahra correcte mahdia je vais résilier si ça continue,ERREUR_DESTINATION__fr
827,"Coucou, Colis introuvable à Zaghouan. Ref TRK-2024-76829. À bientôt.",PERTE_VOL,,,,Zaghouan,TRK-2024-76829,fr,False,"Coucou, Colis introuvable à Zaghouan. Ref __TRACKING__-76829. À bientôt.",coucou colis introuvable à zaghouan ref __tracking__ 76829 à bientôt,PERTE_VOL__fr
125,"Salut, Ma commande COL-2026-96136 devait arriver à Béja, toujours rien reçu. Merci d'avance.",RETARD_LIVRAISON,,,,Béja,COL-2026-96136,fr,False,"Salut, Ma commande COL-2026-96136 devait arriver à Béja, toujours rien reçu. Merci d'avance.",salut ma commande col 2026 96136 devait arriver à béja toujours rien reçu merci d avance,RETARD_LIVRAISON__fr
1060,"Bonjour, Aucun professionnalisme. Personne ne rappelle. Cordialement.",QUALITE_SERVICE,,,,,,fr,False,"Bonjour, Aucun professionnalisme. Personne ne rappelle. Cordialement.",bonjour aucun professionnalisme personne ne rappelle cordialement,QUALITE_SERVICE__fr
558,"Bonsoir, Comportement du livreur inacceptable. Il a jeté le colis par-dessus le portail. Merci de votre retour.",QUALITE_SERVICE,,,,,,fr,False,"Bonsoir, Comportement du livreur inacceptable. Il a jeté le colis par-dessus le portail. Merci de votre retour.",bonsoir comportement du livreur inacceptable il a jeté le colis par dessus le portail merci de votre retour,QUALITE_SERVICE__fr
2072,"Madame, Monsieur, Colis ADR-2024-45506 égaré dans le circuit. Valeur : 1716.75eur. Sincères salutations.",PERTE_VOL,,,1716.75eur,,ADR-2024-45506,fr,True,"Madame, Monsieur, Colis ADR-2024-45506 égaré dans le circuit. Valeur : 1716.75eur. Sincères salutations.",madame monsieur colis adr 2024 45506 égaré dans le circuit valeur 1716 75eur sincères salutations,PERTE_VOL__fr
1279,"Madame, Monsieur, Erreur d'adresse : le colis référence perdue est parti sur Tunis, moi je suis à La Marsa. Que faire ? Merci d'avance.",ERREUR_DESTINATION,,,,Tunis,,fr,False,"Madame, Monsieur, Erreur d'adresse : le colis référence perdue est parti sur Tunis, moi je suis à La Marsa. Que faire ? Merci d'avance.",madame monsieur erreur d adresse le colis référence perdue est parti sur tunis moi je suis à la marsa que faire merci d avance,ERREUR_DESTINATION__fr
1080,"Bonjour, Double prélèvement : 669.95 DT le 6 juillet. À corriger d'urgence. Merci !",FACTURATION_PAIEMENT,06-juil.,,669.95 DT,,,fr,False,"Bonjour, Double prélèvement : 669.95 DT le 6 juillet. À corriger d'urgence. Merci !",bonjour double prélèvement 669 95 dt le 6 juillet à corriger d urgence merci,FACTURATION_PAIEMENT__fr
2077,"Bonjour, Surcharges non expliquées de 1257 dinars sur ma facture. À bientôt.",FACTURATION_PAIEMENT,,,1257 dinars,,,fr,False,"Bonjour, Surcharges non expliquées de 1257 dinars sur ma facture. À bientôt.",bonjour surcharges non expliquées de 1257 dinars sur ma facture à bientôt,FACTURATION_PAIEMENT__fr
867,"Cher Service Client, Double prélèvement : 1568.53dt le 24/05. À corriger d'urgence. Merci d'avance.",FACTURATION_PAIEMENT,24-mai,,1568.53dt,,,fr,False,"Cher Service Client, Double prélèvement : 1568.53dt le 24/05. À corriger d'urgence. Merci d'avance.",cher service client double prélèvement 1568 53dt le 24 05 à corriger d urgence merci d avance,FACTURATION_PAIEMENT__fr
670,"C'est inadmissible ! Colis COL-2024-64811 endommagé. Le carton était perforé, le contenu est HS. Réagissez !",PRODUIT_ENDOMMAGE,,,,,COL-2024-64811,fr,False,"C'est inadmissible ! Colis COL-2024-64811 endommagé. Le carton était perforé, le contenu est HS. Réagissez !",c est inadmissible colis col 2024 64811 endommagé le carton était perforé le contenu est hs réagissez,PRODUIT_ENDOMMAGE__fr
1156,"Madame, Monsieur, Erreur d'adresse : le colis PKG-2024-21094 est parti sur Ezzahra, moi je suis à Sfax. Que faire ? Bien à vous.",ERREUR_DESTINATION,,,,Ezzahra,PKG-2024-21094,fr,False,"Madame, Monsieur, Erreur d'adresse : le colis PKG-2024-21094 est parti sur Ezzahra, moi je suis à Sfax. Que faire ? Bien à vous.",madame monsieur erreur d adresse le colis pkg 2024 21094 est parti sur ezzahra moi je suis à sfax que faire bien à vous,ERREUR_DESTINATION__fr
1213,"Hello, Reception d'un colis défectueux. TR-2024-65218. L'article est brisé, inutilisable en l'état. Merci beaucoup.",PRODUIT_ENDOMMAGE,,,,,TR-2024-65218,fr,False,"Hello, Reception d'un colis défectueux. TR-2024-65218. L'article est brisé, inutilisable en l'état. Merci beaucoup.",hello reception d un colis défectueux tr 2024 65218 l article est brisé inutilisable en l état merci beaucoup,PRODUIT_ENDOMMAGE__fr
336,"Hello, Aucune nouvelle de ma livraison ADR-2026-69468 le 20/11. Cela fait 14 jours d'attente. Merci beaucoup.",RETARD_LIVRAISON,20-nov.,14.0,,,ADR-2026-69468,fr,False,"Hello, Aucune nouvelle de ma livraison ADR-2026-69468 le 20/11. Cela fait 14 jours d'attente. Merci beaucoup.",hello aucune nouvelle de ma livraison adr 2026 69468 le 20 11 cela fait 14 jours d attente merci beaucoup,RETARD_LIVRAISON__fr
896,"Hello, J'ai été débité deux fois 1494,07 € pour la même commande ADR-2024-24394. À bientôt.",FACTURATION_PAIEMENT,,,"1 494,07 €",,ADR-2024-24394,fr,True,"Hello, J'ai été débité deux fois 1494,07 € pour la même commande ADR-2024-24394. À bientôt.",hello j ai été débité deux fois 1494 07 pour la même commande adr 2024 24394 à bientôt,FACTURATION_PAIEMENT__fr
2068,"Bonjour, Colis TRK-2024-95062 endommagé à Mahdia. Le carton était perforé, le contenu est HS. Merci de votre retour.",PRODUIT_ENDOMMAGE,,,,Mahdia,TRK-2024-95062,fr,False,"Bonjour, Colis __TRACKING__-95062 endommagé à Mahdia. Le carton était perforé, le contenu est HS. Merci de votre retour.",bonjour colis __tracking__ 95062 endommagé à mahdia le carton était perforé le contenu est hs merci de votre retour,PRODUIT_ENDOMMAGE__fr
160,"Salut, Le livreur a été très impoli. Comportement inadmissible. Merci d'avance.",QUALITE_SERVICE,,,,,,fr,False,"Salut, Le livreur a été très impoli. Comportement inadmissible. Merci d'avance.",salut le livreur a été très impoli comportement inadmissible merci d avance,QUALITE_SERVICE__fr
2472,"Madame, Monsieur, Ma commande a totalement disparu. Numéro : TRK-2025-77669. Livraison Kasserine prévue le 07/05. Enquête urgente demandée. Merci de votre retour.",PERTE_VOL,07-mai,,,Kasserine,TRK-2025-77669,fr,False,"Madame, Monsieur, Ma commande a totalement disparu. Numéro : __TRACKING__-77669. Livraison Kasserine prévue le 07/05. Enquête urgente demandée. Merci de votre retour.",madame monsieur ma commande a totalement disparu numéro __tracking__ 77669 livraison kasserine prévue le 07 05 enquête urgente demandée merci de votre retour,PERTE_VOL__fr
965,"Bonjour, Aucune nouvelle de ma livraison. Attendue à Ezzahra. Cela fait 25 jours d'attente. Je saisirai un AVOCAT si rien ne bouge!!",RETARD_LIVRAISON,,25.0,,Ezzahra,,fr,False,"Bonjour, Aucune nouvelle de ma livraison. Attendue à Ezzahra. Cela fait 25 jours d'attente. Je saisirai un AVOCAT si rien ne bouge!!",bonjour aucune nouvelle de ma livraison attendue à ezzahra cela fait 25 jours d attente je saisirai un avocat si rien ne bouge,RETARD_LIVRAISON__fr
2309,"Écoutez, Le colis PKG-2025-33335 est en retard de 8 semaines. Je veux parler à un responsable, IMMÉDIATEMENT.",RETARD_LIVRAISON,,56.0,,,PKG-2025-33335,fr,False,"Écoutez, Le colis PKG-2025-33335 est en retard de 8 semaines. Je veux parler à un responsable, IMMÉDIATEMENT.",écoutez le colis pkg 2025 33335 est en retard de 8 semaines je veux parler à un responsable immédiatement,RETARD_LIVRAISON__fr
1326,"Madame, Monsieur, Comportement du livreur inacceptable. Il a jeté le colis BL-2023-40356 par-dessus le portail. Merci de votre retour.",QUALITE_SERVICE,,,,,BL-2023-40356,fr,False,"Madame, Monsieur, Comportement du livreur inacceptable. Il a jeté le colis BL-2023-40356 par-dessus le portail. Merci de votre retour.",madame monsieur comportement du livreur inacceptable il a jeté le colis bl 2023 40356 par dessus le portail merci de votre retour,QUALITE_SERVICE__fr
1751,"Ça suffit maintenant, Retour + remboursement svp. Le produit ne me convient pas. J'exige une réponse immédiate!!!",RETOUR_REMBOURSEMENT,,,,,,fr,False,"Ça suffit maintenant, Retour + remboursement svp. Le produit ne me convient pas. J'exige une réponse immédiate!!!",ça suffit maintenant retour remboursement svp le produit ne me convient pas j exige une réponse immédiate,RETOUR_REMBOURSEMENT__fr
142,"Hello, Mon montre est arrivé completement cassé. Ref TR-2023-10659. Il coûtait 424TND. Merci d'avance.",PRODUIT_ENDOMMAGE,,,424TND,,TR-2023-10659,fr,False,"Hello, Mon montre est arrivé completement cassé. Ref TR-2023-10659. Il coûtait 424TND. Merci d'avance.",hello mon montre est arrivé completement cassé ref tr 2023 10659 il coûtait 424tnd merci d avance,PRODUIT_ENDOMMAGE__fr
1317,"Bonjour Madame, Monsieur, Colis expédié vers Ettadhamen par erreur le 05/04. Ma vraie adresse est à Kairouan. À corriger. Merci d'avance.",ERREUR_DESTINATION,05-avr.,,,Ettadhamen,,fr,False,"Bonjour Madame, Monsieur, Colis expédié vers Ettadhamen par erreur le 05/04. Ma vraie adresse est à Kairouan. À corriger. Merci d'avance.",bonjour madame monsieur colis expédié vers ettadhamen par erreur le 05 04 ma vraie adresse est à kairouan à corriger merci d avance,ERREUR_DESTINATION__fr
1273,"Bonjour, On m'a livré à la mauvaise ville. Numéro EXP-2023-55523. Destination erronée : Toulouse. Correcte : Bordeaux. Reçu le 14/01/2025. Merci d'avance.",ERREUR_DESTINATION,14/01/2025,,,Toulouse,EXP-2023-55523,fr,False,"Bonjour, On m'a livré à la mauvaise ville. Numéro EXP-2023-55523. Destination erronée : Toulouse. Correcte : Bordeaux. Reçu le 14/01/2025. Merci d'avance.",bonjour on m a livré à la mauvaise ville numéro exp 2023 55523 destination erronée toulouse correcte bordeaux reçu le 14 01 2025 merci d avance,ERREUR_DESTINATION__fr
840,"Coucou, Le colis sans référence est marqué livré à Paris, mais je n'ai rien reçu. Je pense qu'il a été volé. Merci !",PERTE_VOL,,,,Paris,,fr,False,"Coucou, Le colis sans référence est marqué livré à Paris, mais je n'ai rien reçu. Je pense qu'il a été volé. Merci !",coucou le colis sans référence est marqué livré à paris mais je n ai rien reçu je pense qu il a été volé merci,PERTE_VOL__fr
140,"Cher Service Client, Reception d'un colis défectueux. TR-2023-94072. L'article est brisé, inutilisable en l'état. Bien à vous.",PRODUIT_ENDOMMAGE,,,,,TR-2023-94072,fr,False,"Cher Service Client, Reception d'un colis défectueux. TR-2023-94072. L'article est brisé, inutilisable en l'état. Bien à vous.",cher service client reception d un colis défectueux tr 2023 94072 l article est brisé inutilisable en l état bien à vous,PRODUIT_ENDOMMAGE__fr
1954,"Hello, J'attends toujours mon remboursement promis le 2024-07-07. C'est long !",RETOUR_REMBOURSEMENT,07/07/2024,,,,,fr,False,"Hello, J'attends toujours mon remboursement promis le 2024-07-07. C'est long !",hello j attends toujours mon remboursement promis le 2024 07 07 c est long,RETOUR_REMBOURSEMENT__fr
352,"Madame, Monsieur, Ma commande devait arriver à Béja le 09/12/2025, toujours rien reçu, ça fait 8 semaines. Merci de votre retour.",RETARD_LIVRAISON,09/12/2025,56.0,,Béja,,fr,False,"Madame, Monsieur, Ma commande devait arriver à Béja le 09/12/2025, toujours rien reçu, ça fait 8 semaines. Merci de votre retour.",madame monsieur ma commande devait arriver à béja le 09 12 2025 toujours rien reçu ça fait 8 semaines merci de votre retour,RETARD_LIVRAISON__fr
41,Le livreur a été très impoli lors de la livraison à Béja le 18 février. Comportement inadmissible. Merci d'avance.,QUALITE_SERVICE,18-févr.,,,Béja,,fr,False,Le livreur a été très impoli lors de la livraison à Béja le 18 février. Comportement inadmissible. Merci d'avance.,le livreur a été très impoli lors de la livraison à béja le 18 février comportement inadmissible merci d avance,QUALITE_SERVICE__fr
1717,"Bonsoir, Mon clavier d'une valeur de quelques centaines est cassé à la réception. Colis EXP-2024-74552. Bien à vous.",PRODUIT_ENDOMMAGE,,,,,EXP-2024-74552,fr,False,"Bonsoir, Mon clavier d'une valeur de quelques centaines est cassé à la réception. Colis EXP-2024-74552. Bien à vous.",bonsoir mon clavier d une valeur de quelques centaines est cassé à la réception colis exp 2024 74552 bien à vous,PRODUIT_ENDOMMAGE__fr
2372,"Bonsoir, Je souhaite un renseignement sur vos tarifs internationaux à partir de 145€ ? Sincères salutations.",AUTRE,,,145 €,,,fr,True,"Bonsoir, Je souhaite un renseignement sur vos tarifs internationaux à partir de 145€ ? Sincères salutations.",bonsoir je souhaite un renseignement sur vos tarifs internationaux à partir de 145 sincères salutations,AUTRE__fr
657,"Bonjour, Comportement du livreur inacceptable à Mahdia. Il a jeté le colis par-dessus le portail. Merci beaucoup.",QUALITE_SERVICE,,,,Mahdia,,fr,False,"Bonjour, Comportement du livreur inacceptable à Mahdia. Il a jeté le colis par-dessus le portail. Merci beaucoup.",bonjour comportement du livreur inacceptable à mahdia il a jeté le colis par dessus le portail merci beaucoup,QUALITE_SERVICE__fr
1696,"Bonsoir, Colis perdu égaré dans le circuit. Valeur : 1446 EUR. Merci de votre retour.",PERTE_VOL,,,1446 EUR,,,fr,True,"Bonsoir, Colis perdu égaré dans le circuit. Valeur : 1446 EUR. Merci de votre retour.",bonsoir colis perdu égaré dans le circuit valeur 1446 eur merci de votre retour,PERTE_VOL__fr
27,"Salut, On m'a livré à la mauvaise ville. Numéro PKG-2025-60311. Destination erronée : Kairouan. Correcte : El Menzah. Merci !",ERREUR_DESTINATION,,,,Kairouan,PKG-2025-60311,fr,False,"Salut, On m'a livré à la mauvaise ville. Numéro PKG-2025-60311. Destination erronée : Kairouan. Correcte : El Menzah. Merci !",salut on m a livré à la mauvaise ville numéro pkg 2025 60311 destination erronée kairouan correcte el menzah merci,ERREUR_DESTINATION__fr
1687,"Hello, Toujours pas livré, 72h de retard. C'est long. Merci d'avance.",RETARD_LIVRAISON,,3.0,,,,fr,False,"Hello, Toujours pas livré, 72h de retard. C'est long. Merci d'avance.",hello toujours pas livré 72h de retard c est long merci d avance,RETARD_LIVRAISON__fr
24,Question générale : quels sont vos horaires d'ouverture ? Merci !,AUTRE,,,,,,fr,False,Question générale : quels sont vos horaires d'ouverture ? Merci !,question générale quels sont vos horaires d ouverture merci,AUTRE__fr
833,"Ça suffit maintenant, Colis introuvable à Djerba. Ref COL-2024-61331. Disparu depuis 5 jours. Je vais résilier si ça continue.",PERTE_VOL,,5.0,,Djerba,COL-2024-61331,fr,False,"Ça suffit maintenant, Colis introuvable à Djerba. Ref COL-2024-61331. Disparu depuis 5 jours. Je vais résilier si ça continue.",ça suffit maintenant colis introuvable à djerba ref col 2024 61331 disparu depuis 5 jours je vais résilier si ça continue,PERTE_VOL__fr
2316,"Madame, Monsieur, Mon colis BL-2024-72992 a été livré à Mahdia alors que j'habite à La Marsa. Cordialement.",ERREUR_DESTINATION,,,,Mahdia,BL-2024-72992,fr,False,"Madame, Monsieur, Mon colis BL-2024-72992 a été livré à Mahdia alors que j'habite à La Marsa. Cordialement.",madame monsieur mon colis bl 2024 72992 a été livré à mahdia alors que j habite à la marsa cordialement,ERREUR_DESTINATION__fr
1408,"Ça suffit maintenant, Marchandise arrivée déchirée. Colis EXP-2026-45031. Livrée à Djerba. Plusieurs articles sont rayés et inutilisables. Je vais résilier si ça continue.",PRODUIT_ENDOMMAGE,,,,Djerba,EXP-2026-45031,fr,False,"Ça suffit maintenant, Marchandise arrivée déchirée. Colis EXP-2026-45031. Livrée à Djerba. Plusieurs articles sont rayés et inutilisables. Je vais résilier si ça continue.",ça suffit maintenant marchandise arrivée déchirée colis exp 2026 45031 livrée à djerba plusieurs articles sont rayés et inutilisables je vais résilier si ça continue,PRODUIT_ENDOMMAGE__fr
1446,"Hello, Facture incorrecte : on m'a facturé 1326,78 € pour la livraison CMR-2023-56539, ce n'est pas le tarif convenu. Merci !",FACTURATION_PAIEMENT,,,"1 326,78 €",,CMR-2023-56539,fr,True,"Hello, Facture incorrecte : on m'a facturé 1326,78 € pour la livraison CMR-2023-56539, ce n'est pas le tarif convenu. Merci !",hello facture incorrecte on m a facturé 1326 78 pour la livraison cmr 2023 56539 ce n est pas le tarif convenu merci,FACTURATION_PAIEMENT__fr
940,"Écoutez, Adresse de livraison ignorée. Envoi effectué vers Djerba au lieu de Ben Arous. Ref : ADR-2025-85927. Dernière chance avant plainte officielle.",ERREUR_DESTINATION,,,,Djerba,ADR-2025-85927,fr,False,"Écoutez, Adresse de livraison ignorée. Envoi effectué vers Djerba au lieu de Ben Arous. Ref : ADR-2025-85927. Dernière chance avant plainte officielle.",écoutez adresse de livraison ignorée envoi effectué vers djerba au lieu de ben arous ref adr 2025 85927 dernière chance avant plainte officielle,ERREUR_DESTINATION__fr
1822,"C'est inadmissible ! Question facturation. On me demande 19.14 € pour TRK-2025-52225, ALORS que rien n'a été livré. Explication ? Je veux parler à un responsable, IMMÉDIATEMENT.",FACTURATION_PAIEMENT,,,19.14 €,,TRK-2025-52225,fr,True,"C'est inadmissible ! Question facturation. On me demande 19.14 € pour __TRACKING__-52225, ALORS que rien n'a été livré. Explication ? Je veux parler à un responsable, IMMÉDIATEMENT.",c est inadmissible question facturation on me demande 19 14 pour __tracking__ 52225 alors que rien n a été livré explication je veux parler à un responsable immédiatement,FACTURATION_PAIEMENT__fr
1623,"Madame, Monsieur, Question facturation. On me demande 699€ pour TRK-2023-24919, alors que rien n'a été livré. Explication ? Cordialement.",FACTURATION_PAIEMENT,,,699 €,,TRK-2023-24919,fr,True,"Madame, Monsieur, Question facturation. On me demande 699€ pour __TRACKING__-24919, alors que rien n'a été livré. Explication ? Cordialement.",madame monsieur question facturation on me demande 699 pour __tracking__ 24919 alors que rien n a été livré explication cordialement,FACTURATION_PAIEMENT__fr
887,"Hello, J'attends toujours mon remboursement de 212.23eur promis le 2024-06-21. C'est long ! Merci d'avance.",RETOUR_REMBOURSEMENT,21/06/2024,,212.23eur,,,fr,True,"Hello, J'attends toujours mon remboursement de 212.23eur promis le 2024-06-21. C'est long ! Merci d'avance.",hello j attends toujours mon remboursement de 212 23eur promis le 2024 06 21 c est long merci d avance,RETOUR_REMBOURSEMENT__fr
2281,"Salut, Colis expédié vers Tunis par erreur. Ma vraie adresse est à Hammamet (colis COL-2026-85405). À corriger. Merci beaucoup.",ERREUR_DESTINATION,,,,Tunis,COL-2026-85405,fr,False,"Salut, Colis expédié vers Tunis par erreur. Ma vraie adresse est à Hammamet (colis COL-2026-85405). À corriger. Merci beaucoup.",salut colis expédié vers tunis par erreur ma vraie adresse est à hammamet colis col 2026 85405 à corriger merci beaucoup,ERREUR_DESTINATION__fr
1716,"Bonjour, Le colis COL-2026-15960 est marqué livré à Kairouan, mais je n'ai rien reçu. Je pense qu'il a été volé. Dans l'attente de votre réponse.",PERTE_VOL,,,,Kairouan,COL-2026-15960,fr,False,"Bonjour, Le colis COL-2026-15960 est marqué livré à Kairouan, mais je n'ai rien reçu. Je pense qu'il a été volé. Dans l'attente de votre réponse.",bonjour le colis col 2026 15960 est marqué livré à kairouan mais je n ai rien reçu je pense qu il a été volé dans l attente de votre réponse,PERTE_VOL__fr
667,"Cher Service Client, Le livreur a été très impoli. Comportement inadmissible. Sincères salutations.",QUALITE_SERVICE,,,,,,fr,False,"Cher Service Client, Le livreur a été très impoli. Comportement inadmissible. Sincères salutations.",cher service client le livreur a été très impoli comportement inadmissible sincères salutations,QUALITE_SERVICE__fr
1901,"Coucou, Question facturation. On me demande 276.53 EUR pour COL-2026-25575, alors que rien n'a été livré. Explication ? Merci !",FACTURATION_PAIEMENT,,,276.53 EUR,,COL-2026-25575,fr,True,"Coucou, Question facturation. On me demande 276.53 EUR pour COL-2026-25575, alors que rien n'a été livré. Explication ? Merci !",coucou question facturation on me demande 276 53 eur pour col 2026 25575 alors que rien n a été livré explication merci,FACTURATION_PAIEMENT__fr
2408,"Bonsoir, Erreur d'adresse : le colis TRK-2025-16006 est parti sur Gabès, moi je suis à Mahdia. Que faire ? Dans l'attente de votre réponse.",ERREUR_DESTINATION,,,,Gabès,TRK-2025-16006,fr,False,"Bonsoir, Erreur d'adresse : le colis __TRACKING__-16006 est parti sur Gabès, moi je suis à Mahdia. Que faire ? Dans l'attente de votre réponse.",bonsoir erreur d adresse le colis __tracking__ 16006 est parti sur gabès moi je suis à mahdia que faire dans l attente de votre réponse,ERREUR_DESTINATION__fr
276,"Hello, Aucune nouvelle de ma livraison CMR-2023-41079. Cela fait 4 semaines d'attente. Merci !",RETARD_LIVRAISON,,28.0,,,CMR-2023-41079,fr,False,"Hello, Aucune nouvelle de ma livraison CMR-2023-41079. Cela fait 4 semaines d'attente. Merci !",hello aucune nouvelle de ma livraison cmr 2023 41079 cela fait 4 semaines d attente merci,RETARD_LIVRAISON__fr
105,"Hello, Aucune nouvelle de ma livraison TR-2026-17035 le 11/10. Cela fait 24h d'attente.",RETARD_LIVRAISON,11-oct.,1.0,,,TR-2026-17035,fr,False,"Hello, Aucune nouvelle de ma livraison TR-2026-17035 le 11/10. Cela fait 24h d'attente.",hello aucune nouvelle de ma livraison tr 2026 17035 le 11 10 cela fait 24h d attente,RETARD_LIVRAISON__fr
395,"Livreur arrivé, n'a même pas sonné. Colis déposé n'importe où. Merci d'avance.",QUALITE_SERVICE,,,,,,fr,False,"Livreur arrivé, n'a même pas sonné. Colis déposé n'importe où. Merci d'avance.",livreur arrivé n a même pas sonné colis déposé n importe où merci d avance,QUALITE_SERVICE__fr
1356,"Bonjour, J'attends toujours mon remboursement de 1104dt promis le jeudi. C'est long ! Merci de votre retour.",RETOUR_REMBOURSEMENT,jeudi,,1104dt,,,fr,False,"Bonjour, J'attends toujours mon remboursement de 1104dt promis le jeudi. C'est long ! Merci de votre retour.",bonjour j attends toujours mon remboursement de 1104dt promis le jeudi c est long merci de votre retour,RETOUR_REMBOURSEMENT__fr
1119,"Écoutez, Je souhaite retourner ma commande et être REMBOURSÉ de 715.75 EUR. Merci. Je veux parler à un responsable, IMMÉDIATEMENT!!",RETOUR_REMBOURSEMENT,,,715.75 EUR,,,fr,True,"Écoutez, Je souhaite retourner ma commande et être REMBOURSÉ de 715.75 EUR. Merci. Je veux parler à un responsable, IMMÉDIATEMENT!!",écoutez je souhaite retourner ma commande et être remboursé de 715 75 eur merci je veux parler à un responsable immédiatement,RETOUR_REMBOURSEMENT__fr
1703,"Bonjour Madame, Monsieur, Bonjour, je devais recevoir mon colis TRK-2026-33906 à Ariana le 13/09/2025, et rien n'est arrivé depuis 33 jours. Merci d'avance.",RETARD_LIVRAISON,13/09/2025,33.0,,Ariana,TRK-2026-33906,fr,False,"Bonjour Madame, Monsieur, Bonjour, je devais recevoir mon colis __TRACKING__-33906 à Ariana le 13/09/2025, et rien n'est arrivé depuis 33 jours. Merci d'avance.",bonjour madame monsieur bonjour je devais recevoir mon colis __tracking__ 33906 à ariana le 13 09 2025 et rien n est arrivé depuis 33 jours merci d avance,RETARD_LIVRAISON__fr
1415,"Bonjour, Retour + remboursement svp. Ref LP-2025-84366. Sincères salutations.",RETOUR_REMBOURSEMENT,,,,,LP-2025-84366,fr,False,"Bonjour, Retour + remboursement svp. Ref LP-2025-84366. Sincères salutations.",bonjour retour remboursement svp ref lp 2025 84366 sincères salutations,RETOUR_REMBOURSEMENT__fr
1138,"Madame, Monsieur, Bonjour, comment procéder au retour de ma commande ? Je souhaite un remboursement intégral. Merci d'avance.",RETOUR_REMBOURSEMENT,,,,,,fr,False,"Madame, Monsieur, Bonjour, comment procéder au retour de ma commande ? Je souhaite un remboursement intégral. Merci d'avance.",madame monsieur bonjour comment procéder au retour de ma commande je souhaite un remboursement intégral merci d avance,RETOUR_REMBOURSEMENT__fr
1548,"Cher Service Client, Colis expédié vers Manouba par erreur le 01/02/2025. Ma vraie adresse est à Gabès (colis CMR-2024-85825). À corriger. Dans l'attente de votre réponse.",ERREUR_DESTINATION,01/02/2025,,,Manouba,CMR-2024-85825,fr,False,"Cher Service Client, Colis expédié vers Manouba par erreur le 01/02/2025. Ma vraie adresse est à Gabès (colis CMR-2024-85825). À corriger. Dans l'attente de votre réponse.",cher service client colis expédié vers manouba par erreur le 01 02 2025 ma vraie adresse est à gabès colis cmr 2024 85825 à corriger dans l attente de votre réponse,ERREUR_DESTINATION__fr
520,"Cher Service Client, Aucun professionnalisme. Personne ne rappelle depuis 4 mois. Colis PKG-2025-43039. Sincères salutations.",QUALITE_SERVICE,,120.0,,,PKG-2025-43039,fr,False,"Cher Service Client, Aucun professionnalisme. Personne ne rappelle depuis 4 mois. Colis PKG-2025-43039. Sincères salutations.",cher service client aucun professionnalisme personne ne rappelle depuis 4 mois colis pkg 2025 43039 sincères salutations,QUALITE_SERVICE__fr
1393,"Bonjour Madame, Monsieur, Colis BL-2023-67831 endommagé à Sousse. Le carton était perforé, le contenu est HS. Cordialement.",PRODUIT_ENDOMMAGE,,,,Sousse,BL-2023-67831,fr,False,"Bonjour Madame, Monsieur, Colis BL-2023-67831 endommagé à Sousse. Le carton était perforé, le contenu est HS. Cordialement.",bonjour madame monsieur colis bl 2023 67831 endommagé à sousse le carton était perforé le contenu est hs cordialement,PRODUIT_ENDOMMAGE__fr
1895,"Ça suffit maintenant, Souhaite ouvrir un compte pro pour mes envois. J'exige une réponse immédiate!!",AUTRE,,,,,,fr,False,"Ça suffit maintenant, Souhaite ouvrir un compte pro pour mes envois. J'exige une réponse immédiate!!",ça suffit maintenant souhaite ouvrir un compte pro pour mes envois j exige une réponse immédiate,AUTRE__fr
122,"Coucou, Bonjour, comment procéder au retour de ma commande COL-2023-66734 ? Je souhaite un remboursement intégral de 1653.74€. Merci beaucoup.",RETOUR_REMBOURSEMENT,,,1653.74€,,COL-2023-66734,fr,True,"Coucou, Bonjour, comment procéder au retour de ma commande COL-2023-66734 ? Je souhaite un remboursement intégral de 1653.74€. Merci beaucoup.",coucou bonjour comment procéder au retour de ma commande col 2023 66734 je souhaite un remboursement intégral de 1653 74 merci beaucoup,RETOUR_REMBOURSEMENT__fr
729,"Salut, La boîte du colis PKG-2024-44692 est arrivée écrasée et le produit est cassé. Merci d'avance.",PRODUIT_ENDOMMAGE,,,,,PKG-2024-44692,fr,False,"Salut, La boîte du colis PKG-2024-44692 est arrivée écrasée et le produit est cassé. Merci d'avance.",salut la boîte du colis pkg 2024 44692 est arrivée écrasée et le produit est cassé merci d avance,PRODUIT_ENDOMMAGE__fr
941,"Bonsoir, Bonjour, demande de devis pour un envoi de 14 tonnes début 24 mai. Merci d'avance.",AUTRE,24-mai,,,,,fr,False,"Bonsoir, Bonjour, demande de devis pour un envoi de 14 tonnes début 24 mai. Merci d'avance.",bonsoir bonjour demande de devis pour un envoi de 14 tonnes début 24 mai merci d avance,AUTRE__fr
801,"Bonsoir, Je n'ai jamais reçu mon colis le 25/01/2024. Plus de nouvelles depuis 22 jours. Perdu ? Merci de votre retour.",PERTE_VOL,25/01/2024,22.0,,,,fr,False,"Bonsoir, Je n'ai jamais reçu mon colis le 25/01/2024. Plus de nouvelles depuis 22 jours. Perdu ? Merci de votre retour.",bonsoir je n ai jamais reçu mon colis le 25 01 2024 plus de nouvelles depuis 22 jours perdu merci de votre retour,PERTE_VOL__fr
241,"Cher Service Client, Aucun professionnalisme à Casablanca. Personne ne rappelle. Merci de votre retour.",QUALITE_SERVICE,,,,Casablanca,,fr,False,"Cher Service Client, Aucun professionnalisme à Casablanca. Personne ne rappelle. Merci de votre retour.",cher service client aucun professionnalisme à casablanca personne ne rappelle merci de votre retour,QUALITE_SERVICE__fr
2008,Le colis TRK-2023-66254 est bloqué à Gafsa. Il devait aller à Nabeul.,ERREUR_DESTINATION,,,,Gafsa,TRK-2023-66254,fr,False,Le colis __TRACKING__-66254 est bloqué à Gafsa. Il devait aller à Nabeul.,le colis __tracking__ 66254 est bloqué à gafsa il devait aller à nabeul,ERREUR_DESTINATION__fr
808,"Bonjour Madame, Monsieur, Adresse de livraison ignorée. Envoi effectué vers Casablanca au lieu de Tozeur. Ref : COL-2025-29350. Merci de votre retour.",ERREUR_DESTINATION,,,,Casablanca,COL-2025-29350,fr,False,"Bonjour Madame, Monsieur, Adresse de livraison ignorée. Envoi effectué vers Casablanca au lieu de Tozeur. Ref : COL-2025-29350. Merci de votre retour.",bonjour madame monsieur adresse de livraison ignorée envoi effectué vers casablanca au lieu de tozeur ref col 2025 29350 merci de votre retour,ERREUR_DESTINATION__fr
1534,"Madame, Monsieur, Retour + remboursement svp. Merci de votre retour.",RETOUR_REMBOURSEMENT,,,,,,fr,False,"Madame, Monsieur, Retour + remboursement svp. Merci de votre retour.",madame monsieur retour remboursement svp merci de votre retour,RETOUR_REMBOURSEMENT__fr
2039,"Cher Service Client, Mon casque d'une valeur de 1174.53 TND est cassé à la réception. Colis CMR-2024-35894. Cordialement.",PRODUIT_ENDOMMAGE,,,1174.53 TND,,CMR-2024-35894,fr,False,"Cher Service Client, Mon casque d'une valeur de 1174.53 TND est cassé à la réception. Colis CMR-2024-35894. Cordialement.",cher service client mon casque d une valeur de 1174 53 tnd est cassé à la réception colis cmr 2024 35894 cordialement,PRODUIT_ENDOMMAGE__fr
1011,"Cher Service Client, Je n'ai jamais reçu mon colis. Perdu ? Merci de votre retour.",PERTE_VOL,,,,,,fr,False,"Cher Service Client, Je n'ai jamais reçu mon colis. Perdu ? Merci de votre retour.",cher service client je n ai jamais reçu mon colis perdu merci de votre retour,PERTE_VOL__fr
1701,"Cher Service Client, On m'a livré à la mauvaise ville. Destination erronée : Milan. Correcte : Sousse. Reçu le 2025-12-08. Bien à vous.",ERREUR_DESTINATION,08/12/2025,,,Milan,,fr,False,"Cher Service Client, On m'a livré à la mauvaise ville. Destination erronée : Milan. Correcte : Sousse. Reçu le 2025-12-08. Bien à vous.",cher service client on m a livré à la mauvaise ville destination erronée milan correcte sousse reçu le 2025 12 08 bien à vous,ERREUR_DESTINATION__fr
1476,"Cher Service Client, Le colis sans ref est bloqué à Médenine. Il devait aller à Berlin. Merci d'avance.",ERREUR_DESTINATION,,,,Médenine,,fr,False,"Cher Service Client, Le colis sans ref est bloqué à Médenine. Il devait aller à Berlin. Merci d'avance.",cher service client le colis sans ref est bloqué à médenine il devait aller à berlin merci d avance,ERREUR_DESTINATION__fr
1325,"Madame, Monsieur, Service client injoignable. Attente depuis 7 semaines. Aucune réponse. Cordialement.",QUALITE_SERVICE,,49.0,,,,fr,False,"Madame, Monsieur, Service client injoignable. Attente depuis 7 semaines. Aucune réponse. Cordialement.",madame monsieur service client injoignable attente depuis 7 semaines aucune réponse cordialement,QUALITE_SERVICE__fr
1270,"Bonsoir, Bonjour, comment vous joindre par téléphone ?. Merci de votre retour.",AUTRE,,,,,,fr,False,"Bonsoir, Bonjour, comment vous joindre par téléphone ?. Merci de votre retour.",bonsoir bonjour comment vous joindre par téléphone merci de votre retour,AUTRE__fr
843,"Madame, Monsieur, Colis PKG-2025-34382 égaré dans le circuit. Départ La Marsa. Dans l'attente de votre réponse.",PERTE_VOL,,,,La Marsa,PKG-2025-34382,fr,False,"Madame, Monsieur, Colis PKG-2025-34382 égaré dans le circuit. Départ La Marsa. Dans l'attente de votre réponse.",madame monsieur colis pkg 2025 34382 égaré dans le circuit départ la marsa dans l attente de votre réponse,PERTE_VOL__fr
1029,"Bonjour, Le colis PKG-2024-43886 est bloqué à Kairouan. Il devait aller à Rabat. Sincères salutations.",ERREUR_DESTINATION,,,,Kairouan,PKG-2024-43886,fr,False,"Bonjour, Le colis PKG-2024-43886 est bloqué à Kairouan. Il devait aller à Rabat. Sincères salutations.",bonjour le colis pkg 2024 43886 est bloqué à kairouan il devait aller à rabat sincères salutations,ERREUR_DESTINATION__fr
1749,"Madame, Monsieur, Retour + remboursement svp. Le produit ne me convient pas. Cordialement.",RETOUR_REMBOURSEMENT,,,,,,fr,False,"Madame, Monsieur, Retour + remboursement svp. Le produit ne me convient pas. Cordialement.",madame monsieur retour remboursement svp le produit ne me convient pas cordialement,RETOUR_REMBOURSEMENT__fr
766,"Bonjour, Bonjour, je devais recevoir mon colis le 2024-12-31, et rien n'est arrivé depuis 14 jours. Dans l'attente de votre réponse.",RETARD_LIVRAISON,31/12/2024,14.0,,,,fr,False,"Bonjour, Bonjour, je devais recevoir mon colis le 2024-12-31, et rien n'est arrivé depuis 14 jours. Dans l'attente de votre réponse.",bonjour bonjour je devais recevoir mon colis le 2024 12 31 et rien n est arrivé depuis 14 jours dans l attente de votre réponse,RETARD_LIVRAISON__fr
423,"Franchement, Livreur arrivé, n'a même pas sonné. Colis déposé n'importe où. C'est inacceptable !!!!",QUALITE_SERVICE,,,,,,fr,False,"Franchement, Livreur arrivé, n'a même pas sonné. Colis déposé n'importe où. C'est inacceptable !!!!",franchement livreur arrivé n a même pas sonné colis déposé n importe où c est inacceptable,QUALITE_SERVICE__fr
1058,"Bonjour, Le colis ADR-2026-60624 est en retard. Livraison prévue à Ezzahra. Merci beaucoup.",RETARD_LIVRAISON,,,,Ezzahra,ADR-2026-60624,fr,False,"Bonjour, Le colis ADR-2026-60624 est en retard. Livraison prévue à Ezzahra. Merci beaucoup.",bonjour le colis adr 2026 60624 est en retard livraison prévue à ezzahra merci beaucoup,RETARD_LIVRAISON__fr
474,"Bonjour, Le colis BL-2026-38503 est bloqué à Rabat. Il devait aller à Marseille. Dans l'attente de votre réponse.",ERREUR_DESTINATION,,,,Rabat,BL-2026-38503,fr,False,"Bonjour, Le colis BL-2026-38503 est bloqué à Rabat. Il devait aller à Marseille. Dans l'attente de votre réponse.",bonjour le colis bl 2026 38503 est bloqué à rabat il devait aller à marseille dans l attente de votre réponse,ERREUR_DESTINATION__fr
1574,"Bonjour, Double prélèvement : 91 euros le le 27 fév.. À corriger d'urgence. Je veux parler à un responsable, IMMÉDIATEMENT.",FACTURATION_PAIEMENT,le 27 fév.,,91 euros,,,fr,True,"Bonjour, Double prélèvement : 91 euros le le 27 fév.. À corriger d'urgence. Je veux parler à un responsable, IMMÉDIATEMENT.",bonjour double prélèvement 91 euros le le 27 fév à corriger d urgence je veux parler à un responsable immédiatement,FACTURATION_PAIEMENT__fr
1081,"Salut, Le tracking indique 'livré', mais rien à la maison. Colis CMR-2023-20922 volé je pense. Merci d'avance.",PERTE_VOL,,,,,CMR-2023-20922,fr,False,"Salut, Le tracking indique 'livré', mais rien à la maison. Colis CMR-2023-20922 volé je pense. Merci d'avance.",salut le tracking indique livré mais rien à la maison colis cmr 2023 20922 volé je pense merci d avance,PERTE_VOL__fr
1460,"Madame, Monsieur, J'attends toujours mon remboursement de 361.91 dinars. C'est long ! Dans l'attente de votre réponse.",RETOUR_REMBOURSEMENT,,,361.91 dinars,,,fr,False,"Madame, Monsieur, J'attends toujours mon remboursement de 361.91 dinars. C'est long ! Dans l'attente de votre réponse.",madame monsieur j attends toujours mon remboursement de 361 91 dinars c est long dans l attente de votre réponse,RETOUR_REMBOURSEMENT__fr
932,"Bonjour, Livraison en retard à Ettadhamen. Ref EXP-2024-78115. Attendu le le 13 fév.. Je paye 479dt pour ce service ! Sincères salutations.",RETARD_LIVRAISON,le 13 fév.,,479dt,Ettadhamen,EXP-2024-78115,fr,False,"Bonjour, Livraison en retard à Ettadhamen. Ref EXP-2024-78115. Attendu le le 13 fév.. Je paye 479dt pour ce service ! Sincères salutations.",bonjour livraison en retard à ettadhamen ref exp 2024 78115 attendu le le 13 fév je paye 479dt pour ce service sincères salutations,RETARD_LIVRAISON__fr
139,"Écoutez, Je souhaite un renseignement sur vos tarifs internationaux ? Réagissez !",AUTRE,,,,,,fr,False,"Écoutez, Je souhaite un renseignement sur vos tarifs internationaux ? Réagissez !",écoutez je souhaite un renseignement sur vos tarifs internationaux réagissez,AUTRE__fr
3,"Franchement, Demande de remboursement de 1871euros commandé le 2025-11-16. Produit non conforme. Je vais résilier si ça continue.",RETOUR_REMBOURSEMENT,16/11/2025,,1871euros,,,fr,True,"Franchement, Demande de remboursement de 1871euros commandé le 2025-11-16. Produit non conforme. Je vais résilier si ça continue.",franchement demande de remboursement de 1871euros commandé le 2025 11 16 produit non conforme je vais résilier si ça continue,RETOUR_REMBOURSEMENT__fr
1197,Comportement du livreur inacceptable à Ezzahra. Il a jeté le colis par-dessus le portail. Merci !,QUALITE_SERVICE,,,,Ezzahra,,fr,False,Comportement du livreur inacceptable à Ezzahra. Il a jeté le colis par-dessus le portail. Merci !,comportement du livreur inacceptable à ezzahra il a jeté le colis par dessus le portail merci,QUALITE_SERVICE__fr
1555,"Je suis furieux, Le colis EXP-2023-12289 est bloqué à Kasserine. Il devait aller à Nabeul. Je ne veux plus JAMAIS utiliser vos services.",ERREUR_DESTINATION,,,,Kasserine,EXP-2023-12289,fr,False,"Je suis furieux, Le colis EXP-2023-12289 est bloqué à Kasserine. Il devait aller à Nabeul. Je ne veux plus JAMAIS utiliser vos services.",je suis furieux le colis exp 2023 12289 est bloqué à kasserine il devait aller à nabeul je ne veux plus jamais utiliser vos services,ERREUR_DESTINATION__fr
1336,"Bonsoir, Mon colis a été livré à Médenine alors que j'habite à Gafsa. Merci de votre retour.",ERREUR_DESTINATION,,,,Médenine,,fr,False,"Bonsoir, Mon colis a été livré à Médenine alors que j'habite à Gafsa. Merci de votre retour.",bonsoir mon colis a été livré à médenine alors que j habite à gafsa merci de votre retour,ERREUR_DESTINATION__fr
1249,Expérience terrible avec votre service à Médenine. J'exige des explications.,QUALITE_SERVICE,,,,Médenine,,fr,False,Expérience terrible avec votre service à Médenine. J'exige des explications.,expérience terrible avec votre service à médenine j exige des explications,QUALITE_SERVICE__fr
188,"Cher Service Client, Ma commande ADR-2025-67503 devait arriver à Tunis le 06/12/2025, toujours rien reçu, ça fait 5 semaines. Merci d'avance.",RETARD_LIVRAISON,06/12/2025,35.0,,Tunis,ADR-2025-67503,fr,False,"Cher Service Client, Ma commande ADR-2025-67503 devait arriver à Tunis le 06/12/2025, toujours rien reçu, ça fait 5 semaines. Merci d'avance.",cher service client ma commande adr 2025 67503 devait arriver à tunis le 06 12 2025 toujours rien reçu ça fait 5 semaines merci d avance,RETARD_LIVRAISON__fr
463,"Bonsoir, Colis introuvable à Gabès. Ref PKG-2023-82069. Disparu depuis 28 jours. Merci de votre retour.",PERTE_VOL,,28.0,,Gabès,PKG-2023-82069,fr,False,"Bonsoir, Colis introuvable à Gabès. Ref PKG-2023-82069. Disparu depuis 28 jours. Merci de votre retour.",bonsoir colis introuvable à gabès ref pkg 2023 82069 disparu depuis 28 jours merci de votre retour,PERTE_VOL__fr
2136,C'est inadmissible ! Mon clavier est arrivé à Médenine COMPLETEMENT cassé. Ref BL-2025-77576. Je vais résilier si ça continue...,PRODUIT_ENDOMMAGE,,,,Médenine,BL-2025-77576,fr,False,C'est inadmissible ! Mon clavier est arrivé à Médenine COMPLETEMENT cassé. Ref BL-2025-77576. Je vais résilier si ça continue...,c est inadmissible mon clavier est arrivé à médenine completement cassé ref bl 2025 77576 je vais résilier si ça continue,PRODUIT_ENDOMMAGE__fr
952,"Facture incorrecte : on m'a facturé 1133.02 euros, ce n'est pas le tarif convenu. À bientôt.",FACTURATION_PAIEMENT,,,1133.02 euros,,,fr,True,"Facture incorrecte : on m'a facturé 1133.02 euros, ce n'est pas le tarif convenu. À bientôt.",facture incorrecte on m a facturé 1133 02 euros ce n est pas le tarif convenu à bientôt,FACTURATION_PAIEMENT__fr
1486,"Madame, Monsieur, Mon écran est arrivé le 24 décembre completement cassé. Ref TR-2023-23746. Il coûtait 1553,26 euros. Merci de votre retour.",PRODUIT_ENDOMMAGE,24-d?.,,"1553,26 euros",,TR-2023-23746,fr,True,"Madame, Monsieur, Mon écran est arrivé le 24 décembre completement cassé. Ref TR-2023-23746. Il coûtait 1553,26 euros. Merci de votre retour.",madame monsieur mon écran est arrivé le 24 décembre completement cassé ref tr 2023 23746 il coûtait 1553 26 euros merci de votre retour,PRODUIT_ENDOMMAGE__fr
2444,"Salut, Question facturation. On me demande 505,89 dinars pour LP-2023-90664, alors que rien n'a été livré. Explication ? Merci d'avance.",FACTURATION_PAIEMENT,,,"505,89 dinars",,LP-2023-90664,fr,False,"Salut, Question facturation. On me demande 505,89 dinars pour LP-2023-90664, alors que rien n'a été livré. Explication ? Merci d'avance.",salut question facturation on me demande 505 89 dinars pour lp 2023 90664 alors que rien n a été livré explication merci d avance,FACTURATION_PAIEMENT__fr
1307,C'est inadmissible ! La boîte est ARRIVÉE écrasée et tout est en miettes. Dernière chance avant plainte officielle.,PRODUIT_ENDOMMAGE,,,,,,fr,False,C'est inadmissible ! La boîte est ARRIVÉE écrasée et tout est en miettes. Dernière chance avant plainte officielle.,c est inadmissible la boîte est arrivée écrasée et tout est en miettes dernière chance avant plainte officielle,PRODUIT_ENDOMMAGE__fr
176,"Bonjour, Reception d'un colis défectueux. L'article est brisé, inutilisable en l'état. Merci de votre retour.",PRODUIT_ENDOMMAGE,,,,,,fr,False,"Bonjour, Reception d'un colis défectueux. L'article est brisé, inutilisable en l'état. Merci de votre retour.",bonjour reception d un colis défectueux l article est brisé inutilisable en l état merci de votre retour,PRODUIT_ENDOMMAGE__fr
239,"Bonjour Madame, Monsieur, Question facturation. On me demande 1429,97 euros pour COL-2026-70455, alors que rien n'a été livré. Explication ? Sincères salutations.",FACTURATION_PAIEMENT,,,"1429,97 euros",,COL-2026-70455,fr,True,"Bonjour Madame, Monsieur, Question facturation. On me demande 1429,97 euros pour COL-2026-70455, alors que rien n'a été livré. Explication ? Sincères salutations.",bonjour madame monsieur question facturation on me demande 1429 97 euros pour col 2026 70455 alors que rien n a été livré explication sincères salutations,FACTURATION_PAIEMENT__fr
1438,"Bonjour, Colis introuvable à La Marsa. Ref LP-2025-70324. À bientôt.",PERTE_VOL,,,,La Marsa,LP-2025-70324,fr,False,"Bonjour, Colis introuvable à La Marsa. Ref LP-2025-70324. À bientôt.",bonjour colis introuvable à la marsa ref lp 2025 70324 à bientôt,PERTE_VOL__fr
1932,"Je suis furieux, Facture INCORRECTE : on m'a facturé 144 EUR pour la livraison TR-2023-98617, ce n'est pas le tarif convenu. Dernière chance avant plainte officielle!!!",FACTURATION_PAIEMENT,,,144 EUR,,TR-2023-98617,fr,True,"Je suis furieux, Facture INCORRECTE : on m'a facturé 144 EUR pour la livraison TR-2023-98617, ce n'est pas le tarif convenu. Dernière chance avant plainte officielle!!!",je suis furieux facture incorrecte on m a facturé 144 eur pour la livraison tr 2023 98617 ce n est pas le tarif convenu dernière chance avant plainte officielle,FACTURATION_PAIEMENT__fr
2067,Prélèvement erroné de 1778.07 TND constaté le 01/10. Je patiente depuis 18 jours. Merci de rectifier. Je ne veux plus jamais UTILISER vos services.,FACTURATION_PAIEMENT,01-oct.,18.0,1778.07 TND,,,fr,False,Prélèvement erroné de 1778.07 TND constaté le 01/10. Je patiente depuis 18 jours. Merci de rectifier. Je ne veux plus jamais UTILISER vos services.,prélèvement erroné de 1778 07 tnd constaté le 01 10 je patiente depuis 18 jours merci de rectifier je ne veux plus jamais utiliser vos services,FACTURATION_PAIEMENT__fr
1928,"Hello, Le colis TRK-2024-30167 est marqué livré à Sousse, mais je n'ai rien reçu. Je pense qu'il a été volé. À bientôt.",PERTE_VOL,,,,Sousse,TRK-2024-30167,fr,False,"Hello, Le colis __TRACKING__-30167 est marqué livré à Sousse, mais je n'ai rien reçu. Je pense qu'il a été volé. À bientôt.",hello le colis __tracking__ 30167 est marqué livré à sousse mais je n ai rien reçu je pense qu il a été volé à bientôt,PERTE_VOL__fr
2111,"Bonsoir, Prélèvement erroné de 1742dinars. Merci de rectifier. Dans l'attente de votre réponse.",FACTURATION_PAIEMENT,,,1742dinars,,,fr,False,"Bonsoir, Prélèvement erroné de 1742dinars. Merci de rectifier. Dans l'attente de votre réponse.",bonsoir prélèvement erroné de 1742dinars merci de rectifier dans l attente de votre réponse,FACTURATION_PAIEMENT__fr
2452,"Bonjour, Retour + remboursement svp. Ref TR-2026-45477.",RETOUR_REMBOURSEMENT,,,,,TR-2026-45477,fr,False,"Bonjour, Retour + remboursement svp. Ref TR-2026-45477.",bonjour retour remboursement svp ref tr 2026 45477,RETOUR_REMBOURSEMENT__fr
576,"Cher Service Client, Colis expédié vers Le Bardo par erreur le 2024-08-30. Ma vraie adresse est à Manouba (colis CMR-2023-97197). À corriger. Bien à vous.",ERREUR_DESTINATION,30/08/2024,,,Le Bardo,CMR-2023-97197,fr,False,"Cher Service Client, Colis expédié vers Le Bardo par erreur le 2024-08-30. Ma vraie adresse est à Manouba (colis CMR-2023-97197). À corriger. Bien à vous.",cher service client colis expédié vers le bardo par erreur le 2024 08 30 ma vraie adresse est à manouba colis cmr 2023 97197 à corriger bien à vous,ERREUR_DESTINATION__fr
2036,"Cher Service Client, On m'a livré à la mauvaise ville. Numéro LP-2025-10835. Destination erronée : Gafsa. Correcte : Tozeur. Cordialement.",ERREUR_DESTINATION,,,,Gafsa,LP-2025-10835,fr,False,"Cher Service Client, On m'a livré à la mauvaise ville. Numéro LP-2025-10835. Destination erronée : Gafsa. Correcte : Tozeur. Cordialement.",cher service client on m a livré à la mauvaise ville numéro lp 2025 10835 destination erronée gafsa correcte tozeur cordialement,ERREUR_DESTINATION__fr
46,"Coucou, Erreur d'adresse : le colis LP-2026-68176 est parti sur Sousse, moi je suis à Manouba. Que faire ?",ERREUR_DESTINATION,,,,Sousse,LP-2026-68176,fr,False,"Coucou, Erreur d'adresse : le colis LP-2026-68176 est parti sur Sousse, moi je suis à Manouba. Que faire ?",coucou erreur d adresse le colis lp 2026 68176 est parti sur sousse moi je suis à manouba que faire,ERREUR_DESTINATION__fr
966,"C'est inadmissible ! Bonjour, comment procéder au retour de ma commande LP-2026-90010 ? Je souhaite un remboursement intégral de 1438 EUR. Dernière chance avant plainte officielle.",RETOUR_REMBOURSEMENT,,,1438 EUR,,LP-2026-90010,fr,True,"C'est inadmissible ! Bonjour, comment procéder au retour de ma commande LP-2026-90010 ? Je souhaite un remboursement intégral de 1438 EUR. Dernière chance avant plainte officielle.",c est inadmissible bonjour comment procéder au retour de ma commande lp 2026 90010 je souhaite un remboursement intégral de 1438 eur dernière chance avant plainte officielle,RETOUR_REMBOURSEMENT__fr
1466,"Madame, Monsieur, Colis expédié vers Hammamet par erreur. Ma vraie adresse est à Nice (colis LP-2023-63286). À corriger. Merci de votre retour.",ERREUR_DESTINATION,,,,Hammamet,LP-2023-63286,fr,False,"Madame, Monsieur, Colis expédié vers Hammamet par erreur. Ma vraie adresse est à Nice (colis LP-2023-63286). À corriger. Merci de votre retour.",madame monsieur colis expédié vers hammamet par erreur ma vraie adresse est à nice colis lp 2023 63286 à corriger merci de votre retour,ERREUR_DESTINATION__fr
898,"Bonsoir, Comportement du livreur inacceptable. Il a jeté le colis EXP-2026-42921 par-dessus le portail. Sincères salutations.",QUALITE_SERVICE,,,,,EXP-2026-42921,fr,False,"Bonsoir, Comportement du livreur inacceptable. Il a jeté le colis EXP-2026-42921 par-dessus le portail. Sincères salutations.",bonsoir comportement du livreur inacceptable il a jeté le colis exp 2026 42921 par dessus le portail sincères salutations,QUALITE_SERVICE__fr
2421,"Coucou, Facture incorrecte : on m'a facturé 68,24 € pour la livraison TR-2026-51126, ce n'est pas le tarif convenu. Merci beaucoup.",FACTURATION_PAIEMENT,,,"68,24 €",,TR-2026-51126,fr,True,"Coucou, Facture incorrecte : on m'a facturé 68,24 € pour la livraison TR-2026-51126, ce n'est pas le tarif convenu. Merci beaucoup.",coucou facture incorrecte on m a facturé 68 24 pour la livraison tr 2026 51126 ce n est pas le tarif convenu merci beaucoup,FACTURATION_PAIEMENT__fr
2033,"Coucou, Produit reçu abîmé. Emballage détruit. Numéro ADR-2023-72411. Livraison El Menzah. J attends un geste. Merci d'avance.",PRODUIT_ENDOMMAGE,,,,El Menzah,ADR-2023-72411,fr,False,"Coucou, Produit reçu abîmé. Emballage détruit. Numéro ADR-2023-72411. Livraison El Menzah. J attends un geste. Merci d'avance.",coucou produit reçu abîmé emballage détruit numéro adr 2023 72411 livraison el menzah j attends un geste merci d avance,PRODUIT_ENDOMMAGE__fr
1564,"Madame, Monsieur, Toujours pas livré, colis ADR-2024-54030, 5 semaines de retard. C'est long. Cordialement.",RETARD_LIVRAISON,,35.0,,,ADR-2024-54030,fr,False,"Madame, Monsieur, Toujours pas livré, colis ADR-2024-54030, 5 semaines de retard. C'est long. Cordialement.",madame monsieur toujours pas livré colis adr 2024 54030 5 semaines de retard c est long cordialement,RETARD_LIVRAISON__fr
1124,"Bonjour, Expérience terrible avec votre service à Bizerte. J'exige des explications. Bien à vous.",QUALITE_SERVICE,,,,Bizerte,,fr,False,"Bonjour, Expérience terrible avec votre service à Bizerte. J'exige des explications. Bien à vous.",bonjour expérience terrible avec votre service à bizerte j exige des explications bien à vous,QUALITE_SERVICE__fr
1501,"Madame, Monsieur, Aucun professionnalisme à Rabat. Personne ne rappelle. Colis EXP-2023-39161. Dans l'attente de votre réponse.",QUALITE_SERVICE,,,,Rabat,EXP-2023-39161,fr,False,"Madame, Monsieur, Aucun professionnalisme à Rabat. Personne ne rappelle. Colis EXP-2023-39161. Dans l'attente de votre réponse.",madame monsieur aucun professionnalisme à rabat personne ne rappelle colis exp 2023 39161 dans l attente de votre réponse,QUALITE_SERVICE__fr
1157,"Cher Service Client, Mon casque d'une valeur de quelques centaines est cassé à la réception. Colis TRK-2023-42592. Adresse : Gabès. Sincères salutations.",PRODUIT_ENDOMMAGE,,,,Gabès,TRK-2023-42592,fr,False,"Cher Service Client, Mon casque d'une valeur de quelques centaines est cassé à la réception. Colis __TRACKING__-42592. Adresse : Gabès. Sincères salutations.",cher service client mon casque d une valeur de quelques centaines est cassé à la réception colis __tracking__ 42592 adresse gabès sincères salutations,PRODUIT_ENDOMMAGE__fr
964,"Écoutez, Ma commande a totalement disparu. Numéro : CMR-2026-88410. prévue le 25 octobre. Enquête urgente demandée. Je veux parler à un responsable, IMMÉDIATEMENT.",PERTE_VOL,25-oct.,,,,CMR-2026-88410,fr,False,"Écoutez, Ma commande a totalement disparu. Numéro : CMR-2026-88410. prévue le 25 octobre. Enquête urgente demandée. Je veux parler à un responsable, IMMÉDIATEMENT.",écoutez ma commande a totalement disparu numéro cmr 2026 88410 prévue le 25 octobre enquête urgente demandée je veux parler à un responsable immédiatement,PERTE_VOL__fr
2225,"Salut, Mon écran est arrivé à Ettadhamen completement cassé. Ref PKG-2026-12584. Il coûtait 984,76 eur. Merci d'avance.",PRODUIT_ENDOMMAGE,,,"984,76 eur",Ettadhamen,PKG-2026-12584,fr,True,"Salut, Mon écran est arrivé à Ettadhamen completement cassé. Ref PKG-2026-12584. Il coûtait 984,76 eur. Merci d'avance.",salut mon écran est arrivé à ettadhamen completement cassé ref pkg 2026 12584 il coûtait 984 76 eur merci d avance,PRODUIT_ENDOMMAGE__fr
1297,"Coucou, Livraison en retard. Ref BL-2024-79070. Attendu le 2024-09-22. Merci d'avance.",RETARD_LIVRAISON,22/09/2024,,,,BL-2024-79070,fr,False,"Coucou, Livraison en retard. Ref BL-2024-79070. Attendu le 2024-09-22. Merci d'avance.",coucou livraison en retard ref bl 2024 79070 attendu le 2024 09 22 merci d avance,RETARD_LIVRAISON__fr
311,"Coucou, Aucun professionnalisme à Casablanca. Personne ne rappelle. À bientôt.",QUALITE_SERVICE,,,,Casablanca,,fr,False,"Coucou, Aucun professionnalisme à Casablanca. Personne ne rappelle. À bientôt.",coucou aucun professionnalisme à casablanca personne ne rappelle à bientôt,QUALITE_SERVICE__fr
1407,"Cher Service Client, Colis TRK-2025-84602 endommagé. Le carton était perforé, le contenu est HS. Dans l'attente de votre réponse.",PRODUIT_ENDOMMAGE,,,,,TRK-2025-84602,fr,False,"Cher Service Client, Colis __TRACKING__-84602 endommagé. Le carton était perforé, le contenu est HS. Dans l'attente de votre réponse.",cher service client colis __tracking__ 84602 endommagé le carton était perforé le contenu est hs dans l attente de votre réponse,PRODUIT_ENDOMMAGE__fr
783,"Cher Service Client, Le colis PKG-2026-13208 est marqué livré, mais je n'ai rien reçu. Je pense qu'il a été volé. Merci d'avance.",PERTE_VOL,,,,,PKG-2026-13208,fr,False,"Cher Service Client, Le colis PKG-2026-13208 est marqué livré, mais je n'ai rien reçu. Je pense qu'il a été volé. Merci d'avance.",cher service client le colis pkg 2026 13208 est marqué livré mais je n ai rien reçu je pense qu il a été volé merci d avance,PERTE_VOL__fr
1110,"Madame, Monsieur, Colis expédié vers Ettadhamen par erreur. Ma vraie adresse est à Hammamet. À corriger. Cordialement.",ERREUR_DESTINATION,,,,Ettadhamen,,fr,False,"Madame, Monsieur, Colis expédié vers Ettadhamen par erreur. Ma vraie adresse est à Hammamet. À corriger. Cordialement.",madame monsieur colis expédié vers ettadhamen par erreur ma vraie adresse est à hammamet à corriger cordialement,ERREUR_DESTINATION__fr
1802,"Je suis furieux, Simple question : puis-je changer l'adresse de livraison ? Je ne veux plus jamais utiliser vos services.",AUTRE,,,,,,fr,False,"Je suis furieux, Simple question : puis-je changer l'adresse de livraison ? Je ne veux plus jamais utiliser vos services.",je suis furieux simple question puis je changer l adresse de livraison je ne veux plus jamais utiliser vos services,AUTRE__fr
22,"Bonjour, Service client injoignable. Aucune réponse. Cordialement.",QUALITE_SERVICE,,,,,,fr,False,"Bonjour, Service client injoignable. Aucune réponse. Cordialement.",bonjour service client injoignable aucune réponse cordialement,QUALITE_SERVICE__fr
206,"Bonjour, Colis expédié vers Manouba par erreur. Ma vraie adresse est à Zaghouan (colis CMR-2024-36712). À corriger. Bien à vous.",ERREUR_DESTINATION,,,,Manouba,CMR-2024-36712,fr,False,"Bonjour, Colis expédié vers Manouba par erreur. Ma vraie adresse est à Zaghouan (colis CMR-2024-36712). À corriger. Bien à vous.",bonjour colis expédié vers manouba par erreur ma vraie adresse est à zaghouan colis cmr 2024 36712 à corriger bien à vous,ERREUR_DESTINATION__fr
1245,"Bonjour Madame, Monsieur, Je n'ai jamais reçu mon colis EXP-2025-46612. Perdu ? Dans l'attente de votre réponse.",PERTE_VOL,,,,,EXP-2025-46612,fr,False,"Bonjour Madame, Monsieur, Je n'ai jamais reçu mon colis EXP-2025-46612. Perdu ? Dans l'attente de votre réponse.",bonjour madame monsieur je n ai jamais reçu mon colis exp 2025 46612 perdu dans l attente de votre réponse,PERTE_VOL__fr
1174,"Bonjour Madame, Monsieur, Mon clavier est arrivé completement cassé. Sincères salutations.",PRODUIT_ENDOMMAGE,,,,,,fr,False,"Bonjour Madame, Monsieur, Mon clavier est arrivé completement cassé. Sincères salutations.",bonjour madame monsieur mon clavier est arrivé completement cassé sincères salutations,PRODUIT_ENDOMMAGE__fr
1290,"Bonjour, Ma commande LP-2026-28526 devait arriver, toujours rien reçu. Merci !",RETARD_LIVRAISON,,,,,LP-2026-28526,fr,False,"Bonjour, Ma commande LP-2026-28526 devait arriver, toujours rien reçu. Merci !",bonjour ma commande lp 2026 28526 devait arriver toujours rien reçu merci,RETARD_LIVRAISON__fr
2151,"Hello, Le colis sans ref est bloqué à Nice. Il devait aller à Ettadhamen. Merci beaucoup.",ERREUR_DESTINATION,,,,Nice,,fr,False,"Hello, Le colis sans ref est bloqué à Nice. Il devait aller à Ettadhamen. Merci beaucoup.",hello le colis sans ref est bloqué à nice il devait aller à ettadhamen merci beaucoup,ERREUR_DESTINATION__fr
1045,"Madame, Monsieur, La boîte du colis COL-2026-11785 est arrivée écrasée et le produit est cassé. Merci d'avance.",PRODUIT_ENDOMMAGE,,,,,COL-2026-11785,fr,False,"Madame, Monsieur, La boîte du colis COL-2026-11785 est arrivée écrasée et le produit est cassé. Merci d'avance.",madame monsieur la boîte du colis col 2026 11785 est arrivée écrasée et le produit est cassé merci d avance,PRODUIT_ENDOMMAGE__fr
1819,"Madame, Monsieur, Je n'ai jamais reçu mon colis ADR-2023-72611. Plus de nouvelles depuis 57 jours. Perdu ? Dans l'attente de votre réponse.",PERTE_VOL,,57.0,,,ADR-2023-72611,fr,False,"Madame, Monsieur, Je n'ai jamais reçu mon colis ADR-2023-72611. Plus de nouvelles depuis 57 jours. Perdu ? Dans l'attente de votre réponse.",madame monsieur je n ai jamais reçu mon colis adr 2023 72611 plus de nouvelles depuis 57 jours perdu dans l attente de votre réponse,PERTE_VOL__fr
1815,"Bonjour, On m'a livré à la mauvaise ville. Numéro TRK-2024-84389. Destination erronée : Casablanca. Correcte : Tunis. C'est inacceptable !",ERREUR_DESTINATION,,,,Casablanca,TRK-2024-84389,fr,False,"Bonjour, On m'a livré à la mauvaise ville. Numéro __TRACKING__-84389. Destination erronée : Casablanca. Correcte : Tunis. C'est inacceptable !",bonjour on m a livré à la mauvaise ville numéro __tracking__ 84389 destination erronée casablanca correcte tunis c est inacceptable,ERREUR_DESTINATION__fr
446,"Bonjour, Le colis RÉFÉRENCE inconnue est en retard de 58 jours. Dernière chance avant plainte officielle...",RETARD_LIVRAISON,,58.0,,,,fr,False,"Bonjour, Le colis RÉFÉRENCE inconnue est en retard de 58 jours. Dernière chance avant plainte officielle...",bonjour le colis référence inconnue est en retard de 58 jours dernière chance avant plainte officielle,RETARD_LIVRAISON__fr
2457,"Le livreur a été très impoli. Comportement inadmissible. Je veux parler à un responsable, IMMÉDIATEMENT.",QUALITE_SERVICE,,,,,,fr,False,"Le livreur a été très impoli. Comportement inadmissible. Je veux parler à un responsable, IMMÉDIATEMENT.",le livreur a été très impoli comportement inadmissible je veux parler à un responsable immédiatement,QUALITE_SERVICE__fr
2143,"Salut, Colis expédié vers Manouba par erreur le 2024-05-16. Ma vraie adresse est à Médenine (colis CMR-2023-16746). À corriger. Merci d'avance.",ERREUR_DESTINATION,16/05/2024,,,Manouba,CMR-2023-16746,fr,False,"Salut, Colis expédié vers Manouba par erreur le 2024-05-16. Ma vraie adresse est à Médenine (colis CMR-2023-16746). À corriger. Merci d'avance.",salut colis expédié vers manouba par erreur le 2024 05 16 ma vraie adresse est à médenine colis cmr 2023 16746 à corriger merci d avance,ERREUR_DESTINATION__fr
893,"Bonjour, Le colis TRK-2024-61014 est bloqué à Le Bardo. Il devait aller à Barcelone. Dans l'attente de votre réponse.",ERREUR_DESTINATION,,,,Le Bardo,TRK-2024-61014,fr,False,"Bonjour, Le colis __TRACKING__-61014 est bloqué à Le Bardo. Il devait aller à Barcelone. Dans l'attente de votre réponse.",bonjour le colis __tracking__ 61014 est bloqué à le bardo il devait aller à barcelone dans l attente de votre réponse,ERREUR_DESTINATION__fr
2102,"Hello, Demande de remboursement de 982.49euros. Produit non conforme.",RETOUR_REMBOURSEMENT,,,982.49euros,,,fr,True,"Hello, Demande de remboursement de 982.49euros. Produit non conforme.",hello demande de remboursement de 982 49euros produit non conforme,RETOUR_REMBOURSEMENT__fr
1222,"Bonjour, Le tracking indique 'livré' à Ariana, mais rien à la maison. Colis TRK-2026-78599 volé je pense. Cordialement.",PERTE_VOL,,,,Ariana,TRK-2026-78599,fr,False,"Bonjour, Le tracking indique 'livré' à Ariana, mais rien à la maison. Colis __TRACKING__-78599 volé je pense. Cordialement.",bonjour le tracking indique livré à ariana mais rien à la maison colis __tracking__ 78599 volé je pense cordialement,PERTE_VOL__fr
995,J'attends toujours mon remboursement de 1757.64TND. C'est long ! Merci beaucoup.,RETOUR_REMBOURSEMENT,,,1757.64TND,,,fr,False,J'attends toujours mon remboursement de 1757.64TND. C'est long ! Merci beaucoup.,j attends toujours mon remboursement de 1757 64tnd c est long merci beaucoup,RETOUR_REMBOURSEMENT__fr
1935,"Coucou, Mon écran d'une valeur de 1651€ est cassé à la réception. Colis LP-2026-55449.",PRODUIT_ENDOMMAGE,,,1 651 €,,LP-2026-55449,fr,True,"Coucou, Mon écran d'une valeur de 1651€ est cassé à la réception. Colis LP-2026-55449.",coucou mon écran d une valeur de 1651 est cassé à la réception colis lp 2026 55449,PRODUIT_ENDOMMAGE__fr
2155,"Bonjour Madame, Monsieur, Simple question : puis-je changer l'adresse de livraison pour Manouba ? Commande BL-2025-19573. Bien à vous.",AUTRE,,,,Manouba,BL-2025-19573,fr,False,"Bonjour Madame, Monsieur, Simple question : puis-je changer l'adresse de livraison pour Manouba ? Commande BL-2025-19573. Bien à vous.",bonjour madame monsieur simple question puis je changer l adresse de livraison pour manouba commande bl 2025 19573 bien à vous,AUTRE__fr
587,"Bonsoir, Demande de remboursement de 1245.63DT commandé le 15/12. Produit non conforme. Merci de votre retour.",RETOUR_REMBOURSEMENT,15-d?.,,1245.63DT,,,fr,False,"Bonsoir, Demande de remboursement de 1245.63DT commandé le 15/12. Produit non conforme. Merci de votre retour.",bonsoir demande de remboursement de 1245 63dt commandé le 15 12 produit non conforme merci de votre retour,RETOUR_REMBOURSEMENT__fr
2081,C'est inadmissible ! Le prix affiché était différent : 1858 € au lieu du montant annoncé. Je ne veux plus jamais utiliser vos services.,FACTURATION_PAIEMENT,,,1 858 €,,,fr,True,C'est inadmissible ! Le prix affiché était différent : 1858 € au lieu du montant annoncé. Je ne veux plus jamais utiliser vos services.,c est inadmissible le prix affiché était différent 1858 au lieu du montant annoncé je ne veux plus jamais utiliser vos services,FACTURATION_PAIEMENT__fr
475,"Bonjour Madame, Monsieur, Retour + remboursement svp. Ref EXP-2025-24046. Livraison Bordeaux. Le produit ne me convient pas. Merci de votre retour.",RETOUR_REMBOURSEMENT,,,,Bordeaux,EXP-2025-24046,fr,False,"Bonjour Madame, Monsieur, Retour + remboursement svp. Ref EXP-2025-24046. Livraison Bordeaux. Le produit ne me convient pas. Merci de votre retour.",bonjour madame monsieur retour remboursement svp ref exp 2025 24046 livraison bordeaux le produit ne me convient pas merci de votre retour,RETOUR_REMBOURSEMENT__fr
2028,"Madame, Monsieur, Colis expédié vers Ezzahra par erreur le le 14 déc.. Ma vraie adresse est à Milan (colis PKG-2023-79766). À corriger. Cordialement.",ERREUR_DESTINATION,le 14 déc.,,,Ezzahra,PKG-2023-79766,fr,False,"Madame, Monsieur, Colis expédié vers Ezzahra par erreur le le 14 déc.. Ma vraie adresse est à Milan (colis PKG-2023-79766). À corriger. Cordialement.",madame monsieur colis expédié vers ezzahra par erreur le le 14 déc ma vraie adresse est à milan colis pkg 2023 79766 à corriger cordialement,ERREUR_DESTINATION__fr
1478,"Bonsoir, Erreur d'adresse : le colis référence perdue est parti sur Médenine, moi je suis à Djerba. Que faire ? Merci de votre retour.",ERREUR_DESTINATION,,,,Médenine,,fr,False,"Bonsoir, Erreur d'adresse : le colis référence perdue est parti sur Médenine, moi je suis à Djerba. Que faire ? Merci de votre retour.",bonsoir erreur d adresse le colis référence perdue est parti sur médenine moi je suis à djerba que faire merci de votre retour,ERREUR_DESTINATION__fr
1075,"Bonjour, Je n'ai jamais reçu mon colis LP-2026-87738. Il devait arriver à Tozeur le 01/09/2025. Perdu ? Sincères salutations.",PERTE_VOL,01/09/2025,,,Tozeur,LP-2026-87738,fr,False,"Bonjour, Je n'ai jamais reçu mon colis LP-2026-87738. Il devait arriver à Tozeur le 01/09/2025. Perdu ? Sincères salutations.",bonjour je n ai jamais reçu mon colis lp 2026 87738 il devait arriver à tozeur le 01 09 2025 perdu sincères salutations,PERTE_VOL__fr
1550,"Cher Service Client, Ma commande a totalement disparu. Numéro : ADR-2024-43429. Livraison Ettadhamen. Enquête urgente demandée. Cordialement.",PERTE_VOL,,,,Ettadhamen,ADR-2024-43429,fr,False,"Cher Service Client, Ma commande a totalement disparu. Numéro : ADR-2024-43429. Livraison Ettadhamen. Enquête urgente demandée. Cordialement.",cher service client ma commande a totalement disparu numéro adr 2024 43429 livraison ettadhamen enquête urgente demandée cordialement,PERTE_VOL__fr
246,"Hello, Produit reçu abîmé. Emballage détruit. Numéro CMR-2026-57223. J attends depuis 3 semaines un geste. Merci !",PRODUIT_ENDOMMAGE,,21.0,,,CMR-2026-57223,fr,False,"Hello, Produit reçu abîmé. Emballage détruit. Numéro CMR-2026-57223. J attends depuis 3 semaines un geste. Merci !",hello produit reçu abîmé emballage détruit numéro cmr 2026 57223 j attends depuis 3 semaines un geste merci,PRODUIT_ENDOMMAGE__fr
653,"Écoutez, Ma commande a totalement disparu. Numéro : PKG-2026-80007. Livraison Ettadhamen. Enquête urgente demandée. Je ne veux plus jamais utiliser vos services...",PERTE_VOL,,,,Ettadhamen,PKG-2026-80007,fr,False,"Écoutez, Ma commande a totalement disparu. Numéro : PKG-2026-80007. Livraison Ettadhamen. Enquête urgente demandée. Je ne veux plus jamais utiliser vos services...",écoutez ma commande a totalement disparu numéro pkg 2026 80007 livraison ettadhamen enquête urgente demandée je ne veux plus jamais utiliser vos services,PERTE_VOL__fr
2466,"Ça suffit maintenant, Mon colis ADR-2023-78133 a été livré à Rabat alors que j'habite à Ariana. Dernière chance avant plainte officielle.",ERREUR_DESTINATION,,,,Rabat,ADR-2023-78133,fr,False,"Ça suffit maintenant, Mon colis ADR-2023-78133 a été livré à Rabat alors que j'habite à Ariana. Dernière chance avant plainte officielle.",ça suffit maintenant mon colis adr 2023 78133 a été livré à rabat alors que j habite à ariana dernière chance avant plainte officielle,ERREUR_DESTINATION__fr
1205,"Ça SUFFIT maintenant, Le colis TR-2025-55114 est en retard de 36h. Livraison prévue à Tozeur. Je saisirai un avocat si rien ne bouge.",RETARD_LIVRAISON,,1.0,,Tozeur,TR-2025-55114,fr,False,"Ça SUFFIT maintenant, Le colis TR-2025-55114 est en retard de 36h. Livraison prévue à Tozeur. Je saisirai un avocat si rien ne bouge.",ça suffit maintenant le colis tr 2025 55114 est en retard de 36h livraison prévue à tozeur je saisirai un avocat si rien ne bouge,RETARD_LIVRAISON__fr
621,"Bonjour, La boîte du colis CMR-2023-45711 est arrivée écrasée et l'écran est fissuré. Sincères salutations.",PRODUIT_ENDOMMAGE,,,,,CMR-2023-45711,fr,False,"Bonjour, La boîte du colis CMR-2023-45711 est arrivée écrasée et l'écran est fissuré. Sincères salutations.",bonjour la boîte du colis cmr 2023 45711 est arrivée écrasée et l écran est fissuré sincères salutations,PRODUIT_ENDOMMAGE__fr
1345,"Facture incorrecte : on m'a facturé 329.90eur pour la livraison PKG-2026-13898, ce n'est pas le tarif convenu. Merci d'avance.",FACTURATION_PAIEMENT,,,329.90eur,,PKG-2026-13898,fr,True,"Facture incorrecte : on m'a facturé 329.90eur pour la livraison PKG-2026-13898, ce n'est pas le tarif convenu. Merci d'avance.",facture incorrecte on m a facturé 329 90eur pour la livraison pkg 2026 13898 ce n est pas le tarif convenu merci d avance,FACTURATION_PAIEMENT__fr
1301,"Bonjour, Aucun professionnalisme à Sousse. Personne ne rappelle. Merci de votre retour.",QUALITE_SERVICE,,,,Sousse,,fr,False,"Bonjour, Aucun professionnalisme à Sousse. Personne ne rappelle. Merci de votre retour.",bonjour aucun professionnalisme à sousse personne ne rappelle merci de votre retour,QUALITE_SERVICE__fr
2040,"Écoutez, J'attends toujours mon remboursement de 1999,33 € promis le 14/12. C'est long ! Réagissez !!!!",RETOUR_REMBOURSEMENT,14-d?.,,"1 999,33 €",,,fr,True,"Écoutez, J'attends toujours mon remboursement de 1999,33 € promis le 14/12. C'est long ! Réagissez !!!!",écoutez j attends toujours mon remboursement de 1999 33 promis le 14 12 c est long réagissez,RETOUR_REMBOURSEMENT__fr
709,"Bonsoir, Ma commande COL-2023-71669 devait arriver le 5 février, toujours rien reçu, ça fait 27 jours. Bien à vous.",RETARD_LIVRAISON,05-févr.,27.0,,,COL-2023-71669,fr,False,"Bonsoir, Ma commande COL-2023-71669 devait arriver le 5 février, toujours rien reçu, ça fait 27 jours. Bien à vous.",bonsoir ma commande col 2023 71669 devait arriver le 5 février toujours rien reçu ça fait 27 jours bien à vous,RETARD_LIVRAISON__fr
372,"Cher Service Client, J'attends toujours mon remboursement de 1789.03TND promis le 2025-05-12. Cela fait 4 mois. C'est long ! Cordialement.",RETOUR_REMBOURSEMENT,12/05/2025,120.0,1789.03TND,,,fr,False,"Cher Service Client, J'attends toujours mon remboursement de 1789.03TND promis le 2025-05-12. Cela fait 4 mois. C'est long ! Cordialement.",cher service client j attends toujours mon remboursement de 1789 03tnd promis le 2025 05 12 cela fait 4 mois c est long cordialement,RETOUR_REMBOURSEMENT__fr
1318,"Franchement, Double prélèvement : 608.51 dt le jour même. À corriger d'urgence. Dernière chance avant plainte officielle.",FACTURATION_PAIEMENT,,,608.51 dt,,,fr,False,"Franchement, Double prélèvement : 608.51 dt le jour même. À corriger d'urgence. Dernière chance avant plainte officielle.",franchement double prélèvement 608 51 dt le jour même à corriger d urgence dernière chance avant plainte officielle,FACTURATION_PAIEMENT__fr
852,"Bonjour Madame, Monsieur, Le tracking indique 'livré' à Nabeul, mais rien à la maison. Colis LP-2023-72843 volé je pense. Cordialement.",PERTE_VOL,,,,Nabeul,LP-2023-72843,fr,False,"Bonjour Madame, Monsieur, Le tracking indique 'livré' à Nabeul, mais rien à la maison. Colis LP-2023-72843 volé je pense. Cordialement.",bonjour madame monsieur le tracking indique livré à nabeul mais rien à la maison colis lp 2023 72843 volé je pense cordialement,PERTE_VOL__fr
58,"Bonjour, Double prélèvement : 500 DT le 2024-05-23 et à nouveau 1215 eur. À corriger d'urgence. Merci de votre retour.",FACTURATION_PAIEMENT,23/05/2024,,500 DT,,,fr,True,"Bonjour, Double prélèvement : 500 DT le 2024-05-23 et à nouveau 1215 eur. À corriger d'urgence. Merci de votre retour.",bonjour double prélèvement 500 dt le 2024 05 23 et à nouveau 1215 eur à corriger d urgence merci de votre retour,FACTURATION_PAIEMENT__fr
2046,"Cher Service Client, On m'a livré à la mauvaise ville. Numéro BL-2023-10332. Destination erronée : Rabat. Correcte : Toulouse. Merci d'avance.",ERREUR_DESTINATION,,,,Rabat,BL-2023-10332,fr,False,"Cher Service Client, On m'a livré à la mauvaise ville. Numéro BL-2023-10332. Destination erronée : Rabat. Correcte : Toulouse. Merci d'avance.",cher service client on m a livré à la mauvaise ville numéro bl 2023 10332 destination erronée rabat correcte toulouse merci d avance,ERREUR_DESTINATION__fr
386,"Écoutez, Double prélèvement : 1362.71 TND le jeudi. À corriger d'urgence. Dernière chance avant plainte officielle.",FACTURATION_PAIEMENT,jeudi,,1362.71 TND,,,fr,False,"Écoutez, Double prélèvement : 1362.71 TND le jeudi. À corriger d'urgence. Dernière chance avant plainte officielle.",écoutez double prélèvement 1362 71 tnd le jeudi à corriger d urgence dernière chance avant plainte officielle,FACTURATION_PAIEMENT__fr
2171,"Bonjour Madame, Monsieur, Je veux annuler et être remboursé 588.13€. Commande EXP-2024-23693. Dans l'attente de votre réponse.",RETOUR_REMBOURSEMENT,,,588.13€,,EXP-2024-23693,fr,True,"Bonjour Madame, Monsieur, Je veux annuler et être remboursé 588.13€. Commande EXP-2024-23693. Dans l'attente de votre réponse.",bonjour madame monsieur je veux annuler et être remboursé 588 13 commande exp 2024 23693 dans l attente de votre réponse,RETOUR_REMBOURSEMENT__fr
1933,"Le tracking indique 'livré', mais rien à la maison. Colis LP-2023-49373 volé je pense. J'exige une réponse immédiate.",PERTE_VOL,,,,,LP-2023-49373,fr,False,"Le tracking indique 'livré', mais rien à la maison. Colis LP-2023-49373 volé je pense. J'exige une réponse immédiate.",le tracking indique livré mais rien à la maison colis lp 2023 49373 volé je pense j exige une réponse immédiate,PERTE_VOL__fr
16,"Salut, Bonjour, je devais recevoir mon colis à Ben Arous, et rien n'est arrivé. Merci d'avance.",RETARD_LIVRAISON,,,,Ben Arous,,fr,False,"Salut, Bonjour, je devais recevoir mon colis à Ben Arous, et rien n'est arrivé. Merci d'avance.",salut bonjour je devais recevoir mon colis à ben arous et rien n est arrivé merci d avance,RETARD_LIVRAISON__fr
2414,"Madame, Monsieur, Retard important sur ma commande. Numéro de suivi : LP-2025-23570. Destination : Ezzahra. Prévu le 18/04. 34 jours de retard. Sincères salutations.",RETARD_LIVRAISON,18-avr.,34.0,,Ezzahra,LP-2025-23570,fr,False,"Madame, Monsieur, Retard important sur ma commande. Numéro de suivi : LP-2025-23570. Destination : Ezzahra. Prévu le 18/04. 34 jours de retard. Sincères salutations.",madame monsieur retard important sur ma commande numéro de suivi lp 2025 23570 destination ezzahra prévu le 18 04 34 jours de retard sincères salutations,RETARD_LIVRAISON__fr
375,"Bonjour, Je souhaite retourner ma commande et être remboursé de 1593,34 DT. Merci. C'est inacceptable !",RETOUR_REMBOURSEMENT,,,"1593,34 DT",,,fr,False,"Bonjour, Je souhaite retourner ma commande et être remboursé de 1593,34 DT. Merci. C'est inacceptable !",bonjour je souhaite retourner ma commande et être remboursé de 1593 34 dt merci c est inacceptable,RETOUR_REMBOURSEMENT__fr
2018,"Madame, Monsieur, Comportement du livreur inacceptable à Ezzahra. Il a jeté le colis par-dessus le portail. Dans l'attente de votre réponse.",QUALITE_SERVICE,,,,Ezzahra,,fr,False,"Madame, Monsieur, Comportement du livreur inacceptable à Ezzahra. Il a jeté le colis par-dessus le portail. Dans l'attente de votre réponse.",madame monsieur comportement du livreur inacceptable à ezzahra il a jeté le colis par dessus le portail dans l attente de votre réponse,QUALITE_SERVICE__fr
1509,"Bonjour, Bonjour, je devais recevoir mon colis LP-2025-41398 à Bruxelles le 02/09, et rien n'est arrivé.",RETARD_LIVRAISON,02-sept.,,,Bruxelles,LP-2025-41398,fr,False,"Bonjour, Bonjour, je devais recevoir mon colis LP-2025-41398 à Bruxelles le 02/09, et rien n'est arrivé.",bonjour bonjour je devais recevoir mon colis lp 2025 41398 à bruxelles le 02 09 et rien n est arrivé,RETARD_LIVRAISON__fr
1621,Le colis TR-2024-88168 est bloqué à Kasserine. Il devait aller à Alger. Réagissez !,ERREUR_DESTINATION,,,,Kasserine,TR-2024-88168,fr,False,Le colis TR-2024-88168 est bloqué à Kasserine. Il devait aller à Alger. Réagissez !,le colis tr 2024 88168 est bloqué à kasserine il devait aller à alger réagissez,ERREUR_DESTINATION__fr
141,"Bonjour Madame, Monsieur, Colis LP-2024-79922 égaré dans le circuit. Départ Ezzahra. Cordialement.",PERTE_VOL,,,,Ezzahra,LP-2024-79922,fr,False,"Bonjour Madame, Monsieur, Colis LP-2024-79922 égaré dans le circuit. Départ Ezzahra. Cordialement.",bonjour madame monsieur colis lp 2024 79922 égaré dans le circuit départ ezzahra cordialement,PERTE_VOL__fr
1916,"Le prix affiché était différent : 1929,86 euros au lieu du montant annoncé. Commande EXP-2025-97966. Merci beaucoup.",FACTURATION_PAIEMENT,,,"1929,86 euros",,EXP-2025-97966,fr,True,"Le prix affiché était différent : 1929,86 euros au lieu du montant annoncé. Commande EXP-2025-97966. Merci beaucoup.",le prix affiché était différent 1929 86 euros au lieu du montant annoncé commande exp 2025 97966 merci beaucoup,FACTURATION_PAIEMENT__fr
762,"Bonsoir, J'attends toujours mon remboursement promis le 10 août. C'est long ! Dans l'attente de votre réponse.",RETOUR_REMBOURSEMENT,10-août,,,,,fr,False,"Bonsoir, J'attends toujours mon remboursement promis le 10 août. C'est long ! Dans l'attente de votre réponse.",bonsoir j attends toujours mon remboursement promis le 10 août c est long dans l attente de votre réponse,RETOUR_REMBOURSEMENT__fr
2468,"Cher Service Client, Le colis CMR-2026-73886 est marqué livré à Le Bardo le 20/08/2025, mais je n'ai rien reçu. Je pense qu'il a été volé. Sincères salutations.",PERTE_VOL,20/08/2025,,,Le Bardo,CMR-2026-73886,fr,False,"Cher Service Client, Le colis CMR-2026-73886 est marqué livré à Le Bardo le 20/08/2025, mais je n'ai rien reçu. Je pense qu'il a été volé. Sincères salutations.",cher service client le colis cmr 2026 73886 est marqué livré à le bardo le 20 08 2025 mais je n ai rien reçu je pense qu il a été volé sincères salutations,PERTE_VOL__fr
1406,"Bonjour Madame, Monsieur, Retour + remboursement svp. Ref BL-2026-48995. Sincères salutations.",RETOUR_REMBOURSEMENT,,,,,BL-2026-48995,fr,False,"Bonjour Madame, Monsieur, Retour + remboursement svp. Ref BL-2026-48995. Sincères salutations.",bonjour madame monsieur retour remboursement svp ref bl 2026 48995 sincères salutations,RETOUR_REMBOURSEMENT__fr
788,"Bonjour, Mon colis COL-2024-26663 a été livré à Barcelone alors que j'habite à Mahdia.",ERREUR_DESTINATION,,,,Barcelone,COL-2024-26663,fr,False,"Bonjour, Mon colis COL-2024-26663 a été livré à Barcelone alors que j'habite à Mahdia.",bonjour mon colis col 2024 26663 a été livré à barcelone alors que j habite à mahdia,ERREUR_DESTINATION__fr
1552,"Bonjour Madame, Monsieur, Colis ADR-2026-36007 égaré dans le circuit. Départ Tunis. Valeur : 1715 EUR. Bloqué depuis 53 jours. Bien à vous.",PERTE_VOL,,53.0,1715 EUR,Tunis,ADR-2026-36007,fr,True,"Bonjour Madame, Monsieur, Colis ADR-2026-36007 égaré dans le circuit. Départ Tunis. Valeur : 1715 EUR. Bloqué depuis 53 jours. Bien à vous.",bonjour madame monsieur colis adr 2026 36007 égaré dans le circuit départ tunis valeur 1715 eur bloqué depuis 53 jours bien à vous,PERTE_VOL__fr
238,"Cher Service Client, Je veux annuler et être remboursé Bien à vous.",RETOUR_REMBOURSEMENT,,,,,,fr,False,"Cher Service Client, Je veux annuler et être remboursé Bien à vous.",cher service client je veux annuler et être remboursé bien à vous,RETOUR_REMBOURSEMENT__fr
977,"Franchement, Je veux annuler et être remboursé Je saisirai un avocat si rien ne bouge.",RETOUR_REMBOURSEMENT,,,,,,fr,False,"Franchement, Je veux annuler et être remboursé Je saisirai un avocat si rien ne bouge.",franchement je veux annuler et être remboursé je saisirai un avocat si rien ne bouge,RETOUR_REMBOURSEMENT__fr
1720,"Franchement, Bonjour, comment procéder au retour de ma commande ? Je souhaite un remboursement intégral de 1734.14 DT. Je saisirai un avocat si rien ne bouge.",RETOUR_REMBOURSEMENT,,,1734.14 DT,,,fr,False,"Franchement, Bonjour, comment procéder au retour de ma commande ? Je souhaite un remboursement intégral de 1734.14 DT. Je saisirai un avocat si rien ne bouge.",franchement bonjour comment procéder au retour de ma commande je souhaite un remboursement intégral de 1734 14 dt je saisirai un avocat si rien ne bouge,RETOUR_REMBOURSEMENT__fr
1093,"Bonjour Madame, Monsieur, Souhaite ouvrir un compte pro pour mes envois. Volume mensuel estimé : 1793 dt de frais. Basé à Gafsa. Sincères salutations.",AUTRE,,,1793 dt,Gafsa,,fr,False,"Bonjour Madame, Monsieur, Souhaite ouvrir un compte pro pour mes envois. Volume mensuel estimé : 1793 dt de frais. Basé à Gafsa. Sincères salutations.",bonjour madame monsieur souhaite ouvrir un compte pro pour mes envois volume mensuel estimé 1793 dt de frais basé à gafsa sincères salutations,AUTRE__fr
1698,"Madame, Monsieur, Question facturation. On me demande 1941.80DT pour ADR-2025-67133, alors que rien n'a été livré. Explication ? Bien à vous.",FACTURATION_PAIEMENT,,,1941.80DT,,ADR-2025-67133,fr,False,"Madame, Monsieur, Question facturation. On me demande 1941.80DT pour ADR-2025-67133, alors que rien n'a été livré. Explication ? Bien à vous.",madame monsieur question facturation on me demande 1941 80dt pour adr 2025 67133 alors que rien n a été livré explication bien à vous,FACTURATION_PAIEMENT__fr
1220,Surcharges non expliquées de 1079 EUR sur ma facture pour Béja. Merci beaucoup.,FACTURATION_PAIEMENT,,,1079 EUR,Béja,,fr,True,Surcharges non expliquées de 1079 EUR sur ma facture pour Béja. Merci beaucoup.,surcharges non expliquées de 1079 eur sur ma facture pour béja merci beaucoup,FACTURATION_PAIEMENT__fr
2306,"Bonjour Madame, Monsieur, Toujours pas livré à El Menzah, 59 jours de retard. C'est long. Merci de votre retour.",RETARD_LIVRAISON,,59.0,,El Menzah,,fr,False,"Bonjour Madame, Monsieur, Toujours pas livré à El Menzah, 59 jours de retard. C'est long. Merci de votre retour.",bonjour madame monsieur toujours pas livré à el menzah 59 jours de retard c est long merci de votre retour,RETARD_LIVRAISON__fr
1299,Livraison en retard à Berlin. Attendu le 26/04/2024. Merci beaucoup.,RETARD_LIVRAISON,26/04/2024,,,Berlin,,fr,False,Livraison en retard à Berlin. Attendu le 26/04/2024. Merci beaucoup.,livraison en retard à berlin attendu le 26 04 2024 merci beaucoup,RETARD_LIVRAISON__fr
972,"Salut, Colis introuvable à Médenine. Ref COL-2023-94649. Merci d'avance.",PERTE_VOL,,,,Médenine,COL-2023-94649,fr,False,"Salut, Colis introuvable à Médenine. Ref COL-2023-94649. Merci d'avance.",salut colis introuvable à médenine ref col 2023 94649 merci d avance,PERTE_VOL__fr
2179,"Coucou, Colis COL-2024-98312 égaré dans le circuit. Départ Manouba. Bloqué depuis 96h. Merci beaucoup.",PERTE_VOL,,4.0,,Manouba,COL-2024-98312,fr,False,"Coucou, Colis COL-2024-98312 égaré dans le circuit. Départ Manouba. Bloqué depuis 96h. Merci beaucoup.",coucou colis col 2024 98312 égaré dans le circuit départ manouba bloqué depuis 96h merci beaucoup,PERTE_VOL__fr
951,"Salut, Le tracking indique 'livré', mais rien à la maison. Colis BL-2026-28314 volé je pense. Merci beaucoup.",PERTE_VOL,,,,,BL-2026-28314,fr,False,"Salut, Le tracking indique 'livré', mais rien à la maison. Colis BL-2026-28314 volé je pense. Merci beaucoup.",salut le tracking indique livré mais rien à la maison colis bl 2026 28314 volé je pense merci beaucoup,PERTE_VOL__fr
2398,"Bonsoir, Livreur arrivé à Milan, n'a même pas sonné. Colis déposé n'importe où. Cordialement.",QUALITE_SERVICE,,,,Milan,,fr,False,"Bonsoir, Livreur arrivé à Milan, n'a même pas sonné. Colis déposé n'importe où. Cordialement.",bonsoir livreur arrivé à milan n a même pas sonné colis déposé n importe où cordialement,QUALITE_SERVICE__fr
610,"Cher Service Client, Produit reçu abîmé. Emballage détruit. Livraison Kairouan. J attends depuis 46 jours un geste. Dans l'attente de votre réponse.",PRODUIT_ENDOMMAGE,,46.0,,Kairouan,,fr,False,"Cher Service Client, Produit reçu abîmé. Emballage détruit. Livraison Kairouan. J attends depuis 46 jours un geste. Dans l'attente de votre réponse.",cher service client produit reçu abîmé emballage détruit livraison kairouan j attends depuis 46 jours un geste dans l attente de votre réponse,PRODUIT_ENDOMMAGE__fr
1637,"Hello, Mon casque est arrivé le 26 janvier completement cassé. Ref TRK-2023-93122.",PRODUIT_ENDOMMAGE,26-janv.,,,,TRK-2023-93122,fr,False,"Hello, Mon casque est arrivé le 26 janvier completement cassé. Ref __TRACKING__-93122.",hello mon casque est arrivé le 26 janvier completement cassé ref __tracking__ 93122,PRODUIT_ENDOMMAGE__fr
1008,"Bonsoir, Surcharges non expliquées de 90 € sur ma facture. Ref PKG-2024-23156. Cordialement.",FACTURATION_PAIEMENT,,,90 €,,PKG-2024-23156,fr,True,"Bonsoir, Surcharges non expliquées de 90 € sur ma facture. Ref PKG-2024-23156. Cordialement.",bonsoir surcharges non expliquées de 90 sur ma facture ref pkg 2024 23156 cordialement,FACTURATION_PAIEMENT__fr
161,"Bonsoir, Comment obtenir une attestation de livraison ? Cordialement.",AUTRE,,,,,,fr,False,"Bonsoir, Comment obtenir une attestation de livraison ? Cordialement.",bonsoir comment obtenir une attestation de livraison cordialement,AUTRE__fr
2135,"Bonsoir, Le colis TRK-2025-37745 est marqué livré à Kasserine le 2025-12-13, mais je n'ai rien reçu. Je pense qu'il a été volé. Merci de votre retour.",PERTE_VOL,13/12/2025,,,Kasserine,TRK-2025-37745,fr,False,"Bonsoir, Le colis __TRACKING__-37745 est marqué livré à Kasserine le 2025-12-13, mais je n'ai rien reçu. Je pense qu'il a été volé. Merci de votre retour.",bonsoir le colis __tracking__ 37745 est marqué livré à kasserine le 2025 12 13 mais je n ai rien reçu je pense qu il a été volé merci de votre retour,PERTE_VOL__fr
1451,"Coucou, Aucun professionnalisme. Personne ne rappelle depuis 8 semaines. À bientôt.",QUALITE_SERVICE,,56.0,,,,fr,False,"Coucou, Aucun professionnalisme. Personne ne rappelle depuis 8 semaines. À bientôt.",coucou aucun professionnalisme personne ne rappelle depuis 8 semaines à bientôt,QUALITE_SERVICE__fr
491,"Cher Service Client, Colis expédié vers Tunis par erreur. Ma vraie adresse est à Manouba. À corriger. Merci d'avance.",ERREUR_DESTINATION,,,,Tunis,,fr,False,"Cher Service Client, Colis expédié vers Tunis par erreur. Ma vraie adresse est à Manouba. À corriger. Merci d'avance.",cher service client colis expédié vers tunis par erreur ma vraie adresse est à manouba à corriger merci d avance,ERREUR_DESTINATION__fr
1452,"Bonjour Madame, Monsieur, Prélèvement erroné de 1275.66 EUR. Je patiente depuis 43 jours. Merci de rectifier. Merci d'avance.",FACTURATION_PAIEMENT,,43.0,1275.66 EUR,,,fr,True,"Bonjour Madame, Monsieur, Prélèvement erroné de 1275.66 EUR. Je patiente depuis 43 jours. Merci de rectifier. Merci d'avance.",bonjour madame monsieur prélèvement erroné de 1275 66 eur je patiente depuis 43 jours merci de rectifier merci d avance,FACTURATION_PAIEMENT__fr
2106,"Bonjour, Demande de remboursement de 169 eur. Produit non conforme. Merci de votre retour.",RETOUR_REMBOURSEMENT,,,169 eur,,,fr,True,"Bonjour, Demande de remboursement de 169 eur. Produit non conforme. Merci de votre retour.",bonjour demande de remboursement de 169 eur produit non conforme merci de votre retour,RETOUR_REMBOURSEMENT__fr
2195,"Bonjour, Colis introuvable. Disparu depuis 51 jours. Merci d'avance.",PERTE_VOL,,51.0,,,,fr,False,"Bonjour, Colis introuvable. Disparu depuis 51 jours. Merci d'avance.",bonjour colis introuvable disparu depuis 51 jours merci d avance,PERTE_VOL__fr
146,"Bonjour Madame, Monsieur, Bonjour, comment procéder au retour de ma commande TR-2025-28350 ? Je souhaite un remboursement intégral de 1626.22 TND. Sincères salutations.",RETOUR_REMBOURSEMENT,,,1626.22 TND,,TR-2025-28350,fr,False,"Bonjour Madame, Monsieur, Bonjour, comment procéder au retour de ma commande TR-2025-28350 ? Je souhaite un remboursement intégral de 1626.22 TND. Sincères salutations.",bonjour madame monsieur bonjour comment procéder au retour de ma commande tr 2025 28350 je souhaite un remboursement intégral de 1626 22 tnd sincères salutations,RETOUR_REMBOURSEMENT__fr
278,"Coucou, Facture incorrecte : on m'a facturé 1580.15 EUR pour la livraison TR-2026-70106, ce n'est pas le tarif convenu. Merci d'avance.",FACTURATION_PAIEMENT,,,1580.15 EUR,,TR-2026-70106,fr,True,"Coucou, Facture incorrecte : on m'a facturé 1580.15 EUR pour la livraison TR-2026-70106, ce n'est pas le tarif convenu. Merci d'avance.",coucou facture incorrecte on m a facturé 1580 15 eur pour la livraison tr 2026 70106 ce n est pas le tarif convenu merci d avance,FACTURATION_PAIEMENT__fr
2061,"Ça suffit maintenant, J'attends toujours mon remboursement de 1182 DT. C'est long ! Je saisirai un avocat si rien ne bouge!!!",RETOUR_REMBOURSEMENT,,,1182 DT,,,fr,False,"Ça suffit maintenant, J'attends toujours mon remboursement de 1182 DT. C'est long ! Je saisirai un avocat si rien ne bouge!!!",ça suffit maintenant j attends toujours mon remboursement de 1182 dt c est long je saisirai un avocat si rien ne bouge,RETOUR_REMBOURSEMENT__fr
813,"Salut, Adresse de livraison ignorée. Envoi effectué vers Kairouan au lieu de Madrid. Ref : TR-2024-93947. Merci beaucoup.",ERREUR_DESTINATION,,,,Kairouan,TR-2024-93947,fr,False,"Salut, Adresse de livraison ignorée. Envoi effectué vers Kairouan au lieu de Madrid. Ref : TR-2024-93947. Merci beaucoup.",salut adresse de livraison ignorée envoi effectué vers kairouan au lieu de madrid ref tr 2024 93947 merci beaucoup,ERREUR_DESTINATION__fr
1789,"Coucou, Je souhaite retourner ma commande et être remboursé de 1993,84 €. Merci. Merci d'avance.",RETOUR_REMBOURSEMENT,,,"1 993,84 €",,,fr,True,"Coucou, Je souhaite retourner ma commande et être remboursé de 1993,84 €. Merci. Merci d'avance.",coucou je souhaite retourner ma commande et être remboursé de 1993 84 merci merci d avance,RETOUR_REMBOURSEMENT__fr
1675,"Bonjour, Service client injoignable. Ref TRK-2025-30576. Aucune réponse. Sincères salutations.",QUALITE_SERVICE,,,,,TRK-2025-30576,fr,False,"Bonjour, Service client injoignable. Ref __TRACKING__-30576. Aucune réponse. Sincères salutations.",bonjour service client injoignable ref __tracking__ 30576 aucune réponse sincères salutations,QUALITE_SERVICE__fr
2295,"Cher Service Client, La boîte est arrivée écrasée et le produit est cassé. Dans l'attente de votre réponse.",PRODUIT_ENDOMMAGE,,,,,,fr,False,"Cher Service Client, La boîte est arrivée écrasée et le produit est cassé. Dans l'attente de votre réponse.",cher service client la boîte est arrivée écrasée et le produit est cassé dans l attente de votre réponse,PRODUIT_ENDOMMAGE__fr
1856,"Hello, Colis introuvable. Ref TRK-2026-23779.",PERTE_VOL,,,,,TRK-2026-23779,en,False,"Hello, Colis introuvable. Ref __TRACKING__-23779.",hello colis introuvable ref __tracking__ 23779,PERTE_VOL__en
700,"Salut, Bonjour, comment vous joindre par téléphone ?. Merci beaucoup.",AUTRE,,,,,,fr,False,"Salut, Bonjour, comment vous joindre par téléphone ?. Merci beaucoup.",salut bonjour comment vous joindre par téléphone merci beaucoup,AUTRE__fr
1839,"Bonjour Madame, Monsieur, Colis EXP-2023-67259 égaré dans le circuit. Valeur : 794,14 EUR. Dans l'attente de votre réponse.",PERTE_VOL,,,"794,14 EUR",,EXP-2023-67259,fr,True,"Bonjour Madame, Monsieur, Colis EXP-2023-67259 égaré dans le circuit. Valeur : 794,14 EUR. Dans l'attente de votre réponse.",bonjour madame monsieur colis exp 2023 67259 égaré dans le circuit valeur 794 14 eur dans l attente de votre réponse,PERTE_VOL__fr
878,"Salut, Bonjour, comment procéder au retour de ma commande ? Je souhaite un remboursement intégral. Merci !",RETOUR_REMBOURSEMENT,,,,,,fr,False,"Salut, Bonjour, comment procéder au retour de ma commande ? Je souhaite un remboursement intégral. Merci !",salut bonjour comment procéder au retour de ma commande je souhaite un remboursement intégral merci,RETOUR_REMBOURSEMENT__fr
2215,"Bonsoir, J'attends toujours mon remboursement de 1033 dinars promis le 9 juin. C'est long ! Dans l'attente de votre réponse.",RETOUR_REMBOURSEMENT,09-juin,,1033 dinars,,,fr,False,"Bonsoir, J'attends toujours mon remboursement de 1033 dinars promis le 9 juin. C'est long ! Dans l'attente de votre réponse.",bonsoir j attends toujours mon remboursement de 1033 dinars promis le 9 juin c est long dans l attente de votre réponse,RETOUR_REMBOURSEMENT__fr
1953,"Bonjour Madame, Monsieur, On m'a livré à la mauvaise ville. Numéro ADR-2023-11570. Destination erronée : Ettadhamen. Correcte : Lyon. Bien à vous.",ERREUR_DESTINATION,,,,Ettadhamen,ADR-2023-11570,fr,False,"Bonjour Madame, Monsieur, On m'a livré à la mauvaise ville. Numéro ADR-2023-11570. Destination erronée : Ettadhamen. Correcte : Lyon. Bien à vous.",bonjour madame monsieur on m a livré à la mauvaise ville numéro adr 2023 11570 destination erronée ettadhamen correcte lyon bien à vous,ERREUR_DESTINATION__fr
65,"Hello, Mon montre est arrivé completement cassé. Il coûtait 1652,86 DT.",PRODUIT_ENDOMMAGE,,,"1652,86 DT",,,fr,False,"Hello, Mon montre est arrivé completement cassé. Il coûtait 1652,86 DT.",hello mon montre est arrivé completement cassé il coûtait 1652 86 dt,PRODUIT_ENDOMMAGE__fr
225,"Bonjour, Facture incorrecte : on m'a facturé 1230dt pour la livraison EXP-2026-89802, ce n'est pas le tarif convenu. Je vais résilier si ça continue!!",FACTURATION_PAIEMENT,,,1230dt,,EXP-2026-89802,fr,False,"Bonjour, Facture incorrecte : on m'a facturé 1230dt pour la livraison EXP-2026-89802, ce n'est pas le tarif convenu. Je vais résilier si ça continue!!",bonjour facture incorrecte on m a facturé 1230dt pour la livraison exp 2026 89802 ce n est pas le tarif convenu je vais résilier si ça continue,FACTURATION_PAIEMENT__fr
35,"Madame, Monsieur, Souhaite ouvrir un compte pro pour mes envois. Bien à vous.",AUTRE,,,,,,fr,False,"Madame, Monsieur, Souhaite ouvrir un compte pro pour mes envois. Bien à vous.",madame monsieur souhaite ouvrir un compte pro pour mes envois bien à vous,AUTRE__fr
1287,"Bonjour, Je n'ai jamais reçu mon colis CMR-2024-97522. Plus de nouvelles depuis 6 jours. Perdu ? Merci d'avance.",PERTE_VOL,,6.0,,,CMR-2024-97522,fr,False,"Bonjour, Je n'ai jamais reçu mon colis CMR-2024-97522. Plus de nouvelles depuis 6 jours. Perdu ? Merci d'avance.",bonjour je n ai jamais reçu mon colis cmr 2024 97522 plus de nouvelles depuis 6 jours perdu merci d avance,PERTE_VOL__fr
635,C'est inadmissible ! Mon colis a été livré à Tozeur alors que j'habite à Zaghouan. Réagissez !!!!,ERREUR_DESTINATION,,,,Tozeur,,fr,False,C'est inadmissible ! Mon colis a été livré à Tozeur alors que j'habite à Zaghouan. Réagissez !!!!,c est inadmissible mon colis a été livré à tozeur alors que j habite à zaghouan réagissez,ERREUR_DESTINATION__fr
55,"Bonsoir, Surcharges non expliquées de 186.94€ sur ma facture. Merci de votre retour.",FACTURATION_PAIEMENT,,,186.94€,,,fr,True,"Bonsoir, Surcharges non expliquées de 186.94€ sur ma facture. Merci de votre retour.",bonsoir surcharges non expliquées de 186 94 sur ma facture merci de votre retour,FACTURATION_PAIEMENT__fr
822,Le colis TRK-2024-27301 est bloqué à Mahdia. Il devait aller à Béja. Je ne veux plus jamais utiliser vos services!!!,ERREUR_DESTINATION,,,,Mahdia,TRK-2024-27301,fr,False,Le colis __TRACKING__-27301 est bloqué à Mahdia. Il devait aller à Béja. Je ne veux plus jamais utiliser vos services!!!,le colis __tracking__ 27301 est bloqué à mahdia il devait aller à béja je ne veux plus jamais utiliser vos services,ERREUR_DESTINATION__fr
52,"Cher Service Client, Retour + remboursement svp. Ref BL-2023-70089. Le produit ne me convient pas. Merci de votre retour.",RETOUR_REMBOURSEMENT,,,,,BL-2023-70089,fr,False,"Cher Service Client, Retour + remboursement svp. Ref BL-2023-70089. Le produit ne me convient pas. Merci de votre retour.",cher service client retour remboursement svp ref bl 2023 70089 le produit ne me convient pas merci de votre retour,RETOUR_REMBOURSEMENT__fr
949,"Bonjour Madame, Monsieur, Retard important sur ma commande. Numéro de suivi : BL-2023-18679. Destination : Sfax. Cordialement.",RETARD_LIVRAISON,,,,Sfax,BL-2023-18679,fr,False,"Bonjour Madame, Monsieur, Retard important sur ma commande. Numéro de suivi : BL-2023-18679. Destination : Sfax. Cordialement.",bonjour madame monsieur retard important sur ma commande numéro de suivi bl 2023 18679 destination sfax cordialement,RETARD_LIVRAISON__fr
312,"Bonjour, Surcharges non expliquées de 248.77dt sur ma facture. Cordialement.",FACTURATION_PAIEMENT,,,248.77dt,,,fr,False,"Bonjour, Surcharges non expliquées de 248.77dt sur ma facture. Cordialement.",bonjour surcharges non expliquées de 248 77dt sur ma facture cordialement,FACTURATION_PAIEMENT__fr
785,"Madame, Monsieur, Colis introuvable à Kasserine. Disparu depuis 31 jours. Sincères salutations.",PERTE_VOL,,31.0,,Kasserine,,fr,False,"Madame, Monsieur, Colis introuvable à Kasserine. Disparu depuis 31 jours. Sincères salutations.",madame monsieur colis introuvable à kasserine disparu depuis 31 jours sincères salutations,PERTE_VOL__fr
1893,"Écoutez, Mon vase est ARRIVÉ à Lyon completement cassé. Réagissez !...",PRODUIT_ENDOMMAGE,,,,Lyon,,fr,False,"Écoutez, Mon vase est ARRIVÉ à Lyon completement cassé. Réagissez !...",écoutez mon vase est arrivé à lyon completement cassé réagissez,PRODUIT_ENDOMMAGE__fr
376,"Bonjour, Retard important sur ma commande. Numéro de suivi : EXP-2024-42150. Destination : Alger. 35 jours de retard. Merci beaucoup.",RETARD_LIVRAISON,,35.0,,Alger,EXP-2024-42150,fr,False,"Bonjour, Retard important sur ma commande. Numéro de suivi : EXP-2024-42150. Destination : Alger. 35 jours de retard. Merci beaucoup.",bonjour retard important sur ma commande numéro de suivi exp 2024 42150 destination alger 35 jours de retard merci beaucoup,RETARD_LIVRAISON__fr
187,"Bonjour, Colis reçu endommagé à El Menzah. Le carton était perforé, le contenu est HS. Cordialement.",PRODUIT_ENDOMMAGE,,,,El Menzah,,fr,False,"Bonjour, Colis reçu endommagé à El Menzah. Le carton était perforé, le contenu est HS. Cordialement.",bonjour colis reçu endommagé à el menzah le carton était perforé le contenu est hs cordialement,PRODUIT_ENDOMMAGE__fr
2093,"Je suis furieux, Service client injoignable. Attente depuis 1 semaine. Aucune réponse. Réagissez !",QUALITE_SERVICE,,7.0,,,,fr,False,"Je suis furieux, Service client injoignable. Attente depuis 1 semaine. Aucune réponse. Réagissez !",je suis furieux service client injoignable attente depuis 1 semaine aucune réponse réagissez,QUALITE_SERVICE__fr
1463,"Cher Service Client, Bonjour, comment vous joindre par téléphone ?. Cordialement.",AUTRE,,,,,,fr,False,"Cher Service Client, Bonjour, comment vous joindre par téléphone ?. Cordialement.",cher service client bonjour comment vous joindre par téléphone cordialement,AUTRE__fr
1085,"Franchement, Bonjour, demande de devis pour un envoi de 1 tonnes. Je vais résilier si ça continue.",AUTRE,,,,,,fr,False,"Franchement, Bonjour, demande de devis pour un envoi de 1 tonnes. Je vais résilier si ça continue.",franchement bonjour demande de devis pour un envoi de 1 tonnes je vais résilier si ça continue,AUTRE__fr
2277,"Bonsoir, Mon téléphone est arrivé completement cassé. Il coûtait 602.89EUR. Cordialement.",PRODUIT_ENDOMMAGE,,,602.89EUR,,,fr,True,"Bonsoir, Mon téléphone est arrivé completement cassé. Il coûtait 602.89EUR. Cordialement.",bonsoir mon téléphone est arrivé completement cassé il coûtait 602 89eur cordialement,PRODUIT_ENDOMMAGE__fr
1968,"Écoutez, Le tracking indique 'livré' à Monastir le 04/09, mais rien à la maison. Colis LP-2024-65976 volé je pense. Je veux parler à un responsable, IMMÉDIATEMENT.",PERTE_VOL,04-sept.,,,Monastir,LP-2024-65976,fr,False,"Écoutez, Le tracking indique 'livré' à Monastir le 04/09, mais rien à la maison. Colis LP-2024-65976 volé je pense. Je veux parler à un responsable, IMMÉDIATEMENT.",écoutez le tracking indique livré à monastir le 04 09 mais rien à la maison colis lp 2024 65976 volé je pense je veux parler à un responsable immédiatement,PERTE_VOL__fr
296,"Cher Service Client, Toujours pas livré, 20 jours de retard. C'est long. Cordialement.",RETARD_LIVRAISON,,20.0,,,,fr,False,"Cher Service Client, Toujours pas livré, 20 jours de retard. C'est long. Cordialement.",cher service client toujours pas livré 20 jours de retard c est long cordialement,RETARD_LIVRAISON__fr
2449,"Bonjour, Simple question : puis-je changer l'adresse de livraison ? Bien à vous.",AUTRE,,,,,,fr,False,"Bonjour, Simple question : puis-je changer l'adresse de livraison ? Bien à vous.",bonjour simple question puis je changer l adresse de livraison bien à vous,AUTRE__fr
1823,"Bonjour, comment procéder au retour de ma commande ? Je souhaite un remboursement intégral de 390,47 dt. Réagissez !!!",RETOUR_REMBOURSEMENT,,,"390,47 dt",,,fr,False,"Bonjour, comment procéder au retour de ma commande ? Je souhaite un remboursement intégral de 390,47 dt. Réagissez !!!",bonjour comment procéder au retour de ma commande je souhaite un remboursement intégral de 390 47 dt réagissez,RETOUR_REMBOURSEMENT__fr
1630,"Bonjour, Je n'ai jamais reçu mon colis BL-2024-24104. Il devait arriver à Ariana le 05/04/2024. Perdu ? Bien à vous.",PERTE_VOL,05/04/2024,,,Ariana,BL-2024-24104,fr,False,"Bonjour, Je n'ai jamais reçu mon colis BL-2024-24104. Il devait arriver à Ariana le 05/04/2024. Perdu ? Bien à vous.",bonjour je n ai jamais reçu mon colis bl 2024 24104 il devait arriver à ariana le 05 04 2024 perdu bien à vous,PERTE_VOL__fr
1227,"Je suis furieux, Colis COL-2026-84494 endommagé à Mahdia. Le carton était perforé, le contenu est HS. Je vais résilier si ça continue...",PRODUIT_ENDOMMAGE,,,,Mahdia,COL-2026-84494,fr,False,"Je suis furieux, Colis COL-2026-84494 endommagé à Mahdia. Le carton était perforé, le contenu est HS. Je vais résilier si ça continue...",je suis furieux colis col 2026 84494 endommagé à mahdia le carton était perforé le contenu est hs je vais résilier si ça continue,PRODUIT_ENDOMMAGE__fr
1183,"C'est inadmissible ! Le tracking indique 'livré', mais rien à la maison. Colis TR-2023-71742 volé je pense. Je vais résilier si ça continue.",PERTE_VOL,,,,,TR-2023-71742,fr,False,"C'est inadmissible ! Le tracking indique 'livré', mais rien à la maison. Colis TR-2023-71742 volé je pense. Je vais résilier si ça continue.",c est inadmissible le tracking indique livré mais rien à la maison colis tr 2023 71742 volé je pense je vais résilier si ça continue,PERTE_VOL__fr
1510,"Cher Service Client, Marchandise arrivée déchirée. Colis LP-2025-87641. Plusieurs articles sont rayés et inutilisables. Sincères salutations.",PRODUIT_ENDOMMAGE,,,,,LP-2025-87641,fr,False,"Cher Service Client, Marchandise arrivée déchirée. Colis LP-2025-87641. Plusieurs articles sont rayés et inutilisables. Sincères salutations.",cher service client marchandise arrivée déchirée colis lp 2025 87641 plusieurs articles sont rayés et inutilisables sincères salutations,PRODUIT_ENDOMMAGE__fr
703,"Bonjour Madame, Monsieur, Aucun professionnalisme à Nabeul. Personne ne rappelle. Cordialement.",QUALITE_SERVICE,,,,Nabeul,,fr,False,"Bonjour Madame, Monsieur, Aucun professionnalisme à Nabeul. Personne ne rappelle. Cordialement.",bonjour madame monsieur aucun professionnalisme à nabeul personne ne rappelle cordialement,QUALITE_SERVICE__fr
886,"Bonjour Madame, Monsieur, La boîte est arrivée écrasée à Ettadhamen et tout est en miettes. Merci de votre retour.",PRODUIT_ENDOMMAGE,,,,Ettadhamen,,fr,False,"Bonjour Madame, Monsieur, La boîte est arrivée écrasée à Ettadhamen et tout est en miettes. Merci de votre retour.",bonjour madame monsieur la boîte est arrivée écrasée à ettadhamen et tout est en miettes merci de votre retour,PRODUIT_ENDOMMAGE__fr
2031,"Bonsoir, Surcharges non expliquées de 458,03 euros sur ma facture. Bien à vous.",FACTURATION_PAIEMENT,,,"458,03 euros",,,fr,True,"Bonsoir, Surcharges non expliquées de 458,03 euros sur ma facture. Bien à vous.",bonsoir surcharges non expliquées de 458 03 euros sur ma facture bien à vous,FACTURATION_PAIEMENT__fr
1484,"Cher Service Client, Colis EXP-2023-38210 égaré dans le circuit. Départ La Marsa. Bloqué depuis 3 semaines. Merci d'avance.",PERTE_VOL,,21.0,,La Marsa,EXP-2023-38210,fr,False,"Cher Service Client, Colis EXP-2023-38210 égaré dans le circuit. Départ La Marsa. Bloqué depuis 3 semaines. Merci d'avance.",cher service client colis exp 2023 38210 égaré dans le circuit départ la marsa bloqué depuis 3 semaines merci d avance,PERTE_VOL__fr
358,"Bonjour, Le colis TR-2026-26920 est bloqué à Gabès. Il devait aller à Bizerte. Merci d'avance.",ERREUR_DESTINATION,,,,Gabès,TR-2026-26920,fr,False,"Bonjour, Le colis TR-2026-26920 est bloqué à Gabès. Il devait aller à Bizerte. Merci d'avance.",bonjour le colis tr 2026 26920 est bloqué à gabès il devait aller à bizerte merci d avance,ERREUR_DESTINATION__fr
1944,"Hello, Souhaite ouvrir un compte pro pour mes envois. Volume mensuel estimé : 1553 DT de frais. Basé à La Marsa.",AUTRE,,,1553 DT,La Marsa,,fr,False,"Hello, Souhaite ouvrir un compte pro pour mes envois. Volume mensuel estimé : 1553 DT de frais. Basé à La Marsa.",hello souhaite ouvrir un compte pro pour mes envois volume mensuel estimé 1553 dt de frais basé à la marsa,AUTRE__fr
1428,"Question facturation. On me demande 889eur pour EXP-2024-70194, alors que rien n'a été livré. Explication ? Merci !",FACTURATION_PAIEMENT,,,889eur,,EXP-2024-70194,fr,True,"Question facturation. On me demande 889eur pour EXP-2024-70194, alors que rien n'a été livré. Explication ? Merci !",question facturation on me demande 889eur pour exp 2024 70194 alors que rien n a été livré explication merci,FACTURATION_PAIEMENT__fr
2025,"Bonjour Madame, Monsieur, Mon vase est arrivé à Béja completement cassé. Ref PKG-2024-99034. Sincères salutations.",PRODUIT_ENDOMMAGE,,,,Béja,PKG-2024-99034,fr,False,"Bonjour Madame, Monsieur, Mon vase est arrivé à Béja completement cassé. Ref PKG-2024-99034. Sincères salutations.",bonjour madame monsieur mon vase est arrivé à béja completement cassé ref pkg 2024 99034 sincères salutations,PRODUIT_ENDOMMAGE__fr
1107,"Bonjour, Surcharges non expliquées de 923.71eur sur ma facture. Ref BL-2025-63197. Sincères salutations.",FACTURATION_PAIEMENT,,,923.71eur,,BL-2025-63197,fr,True,"Bonjour, Surcharges non expliquées de 923.71eur sur ma facture. Ref BL-2025-63197. Sincères salutations.",bonjour surcharges non expliquées de 923 71eur sur ma facture ref bl 2025 63197 sincères salutations,FACTURATION_PAIEMENT__fr
939,"Coucou, Aucun professionnalisme. Personne ne rappelle. Merci !",QUALITE_SERVICE,,,,,,fr,False,"Coucou, Aucun professionnalisme. Personne ne rappelle. Merci !",coucou aucun professionnalisme personne ne rappelle merci,QUALITE_SERVICE__fr
1964,"Coucou, Double prélèvement : 131,04 dt le 7 août et à nouveau 221.29€. À corriger d'urgence. Merci !",FACTURATION_PAIEMENT,07-août,,"131,04 dt",,,fr,True,"Coucou, Double prélèvement : 131,04 dt le 7 août et à nouveau 221.29€. À corriger d'urgence. Merci !",coucou double prélèvement 131 04 dt le 7 août et à nouveau 221 29 à corriger d urgence merci,FACTURATION_PAIEMENT__fr
471,"Bonsoir, Bonjour, demande de devis pour un envoi de 14 tonnes vers Ettadhamen début 2024-04-05. Merci d'avance.",AUTRE,05/04/2024,,,Ettadhamen,,fr,False,"Bonsoir, Bonjour, demande de devis pour un envoi de 14 tonnes vers Ettadhamen début 2024-04-05. Merci d'avance.",bonsoir bonjour demande de devis pour un envoi de 14 tonnes vers ettadhamen début 2024 04 05 merci d avance,AUTRE__fr
1235,"Cher Service Client, Livraison en retard à Toulouse. Dans l'attente de votre réponse.",RETARD_LIVRAISON,,,,Toulouse,,fr,False,"Cher Service Client, Livraison en retard à Toulouse. Dans l'attente de votre réponse.",cher service client livraison en retard à toulouse dans l attente de votre réponse,RETARD_LIVRAISON__fr
1806,"Franchement, On m'a livré à la mauvaise ville. Numéro CMR-2023-12854. Destination erronée : Monastir. Correcte : Berlin. Je saisirai un avocat si rien ne bouge!!!",ERREUR_DESTINATION,,,,Monastir,CMR-2023-12854,fr,False,"Franchement, On m'a livré à la mauvaise ville. Numéro CMR-2023-12854. Destination erronée : Monastir. Correcte : Berlin. Je saisirai un avocat si rien ne bouge!!!",franchement on m a livré à la mauvaise ville numéro cmr 2023 12854 destination erronée monastir correcte berlin je saisirai un avocat si rien ne bouge,ERREUR_DESTINATION__fr
251,"Bonjour, Marchandise arrivée déchirée. Colis LP-2025-65183. Livrée à Milan. Plusieurs articles sont rayés et inutilisables. Merci d'avance.",PRODUIT_ENDOMMAGE,,,,Milan,LP-2025-65183,fr,False,"Bonjour, Marchandise arrivée déchirée. Colis LP-2025-65183. Livrée à Milan. Plusieurs articles sont rayés et inutilisables. Merci d'avance.",bonjour marchandise arrivée déchirée colis lp 2025 65183 livrée à milan plusieurs articles sont rayés et inutilisables merci d avance,PRODUIT_ENDOMMAGE__fr
1084,"Bonjour, Colis perdu égaré dans le circuit. Départ Le Bardo. Valeur : 568DT. Bloqué depuis 6 semaines. Je saisirai un avocat si rien ne bouge.",PERTE_VOL,,42.0,568DT,Le Bardo,,fr,False,"Bonjour, Colis perdu égaré dans le circuit. Départ Le Bardo. Valeur : 568DT. Bloqué depuis 6 semaines. Je saisirai un avocat si rien ne bouge.",bonjour colis perdu égaré dans le circuit départ le bardo valeur 568dt bloqué depuis 6 semaines je saisirai un avocat si rien ne bouge,PERTE_VOL__fr
1040,"Franchement, Livraison en retard. Ref ADR-2023-65725. Attendu le 2024-05-13. Réagissez !",RETARD_LIVRAISON,13/05/2024,,,,ADR-2023-65725,fr,False,"Franchement, Livraison en retard. Ref ADR-2023-65725. Attendu le 2024-05-13. Réagissez !",franchement livraison en retard ref adr 2023 65725 attendu le 2024 05 13 réagissez,RETARD_LIVRAISON__fr
521,"Cher Service Client, Colis introuvable à Tozeur. Dernier suivi le 2024-10-31. Disparu depuis 31 jours. Dans l'attente de votre réponse.",PERTE_VOL,31/10/2024,31.0,,Tozeur,,fr,False,"Cher Service Client, Colis introuvable à Tozeur. Dernier suivi le 2024-10-31. Disparu depuis 31 jours. Dans l'attente de votre réponse.",cher service client colis introuvable à tozeur dernier suivi le 2024 10 31 disparu depuis 31 jours dans l attente de votre réponse,PERTE_VOL__fr
1125,Colis expédié vers Ariana par erreur. Ma vraie adresse est à Kasserine. À corriger. Je saisirai un avocat si rien ne bouge.,ERREUR_DESTINATION,,,,Ariana,,fr,False,Colis expédié vers Ariana par erreur. Ma vraie adresse est à Kasserine. À corriger. Je saisirai un avocat si rien ne bouge.,colis expédié vers ariana par erreur ma vraie adresse est à kasserine à corriger je saisirai un avocat si rien ne bouge,ERREUR_DESTINATION__fr
339,"Madame, Monsieur, Prélèvement erroné de 1756 €. Merci de rectifier. Dans l'attente de votre réponse.",FACTURATION_PAIEMENT,,,1 756 €,,,fr,True,"Madame, Monsieur, Prélèvement erroné de 1756 €. Merci de rectifier. Dans l'attente de votre réponse.",madame monsieur prélèvement erroné de 1756 merci de rectifier dans l attente de votre réponse,FACTURATION_PAIEMENT__fr
1477,"Madame, Monsieur, J'attends toujours mon remboursement. C'est long ! Merci de votre retour.",RETOUR_REMBOURSEMENT,,,,,,fr,False,"Madame, Monsieur, J'attends toujours mon remboursement. C'est long ! Merci de votre retour.",madame monsieur j attends toujours mon remboursement c est long merci de votre retour,RETOUR_REMBOURSEMENT__fr
1557,"Bonsoir, Je souhaite retourner ma commande et être remboursé de 796.95 eur. Merci. Cordialement.",RETOUR_REMBOURSEMENT,,,796.95 eur,,,fr,True,"Bonsoir, Je souhaite retourner ma commande et être remboursé de 796.95 eur. Merci. Cordialement.",bonsoir je souhaite retourner ma commande et être remboursé de 796 95 eur merci cordialement,RETOUR_REMBOURSEMENT__fr
217,"Coucou, Ma commande a totalement disparu. Numéro : BL-2026-77649.. Enquête urgente demandée. Merci d'avance.",PERTE_VOL,,,,,BL-2026-77649,fr,False,"Coucou, Ma commande a totalement disparu. Numéro : BL-2026-77649.. Enquête urgente demandée. Merci d'avance.",coucou ma commande a totalement disparu numéro bl 2026 77649 enquête urgente demandée merci d avance,PERTE_VOL__fr
1280,"Coucou, Ma commande devait arriver le 2025-07-02, toujours rien reçu, ça fait 15 jours. Merci beaucoup.",RETARD_LIVRAISON,02/07/2025,15.0,,,,fr,False,"Coucou, Ma commande devait arriver le 2025-07-02, toujours rien reçu, ça fait 15 jours. Merci beaucoup.",coucou ma commande devait arriver le 2025 07 02 toujours rien reçu ça fait 15 jours merci beaucoup,RETARD_LIVRAISON__fr
1429,"Cher Service Client, J'ai été débité deux fois 831.57eur pour la même commande EXP-2024-60001. Sincères salutations.",FACTURATION_PAIEMENT,,,831.57eur,,EXP-2024-60001,fr,True,"Cher Service Client, J'ai été débité deux fois 831.57eur pour la même commande EXP-2024-60001. Sincères salutations.",cher service client j ai été débité deux fois 831 57eur pour la même commande exp 2024 60001 sincères salutations,FACTURATION_PAIEMENT__fr
1743,"Madame, Monsieur, Mon colis PKG-2026-14426 a été livré à Béja alors que j'habite à Alger. Sincères salutations.",ERREUR_DESTINATION,,,,Béja,PKG-2026-14426,fr,False,"Madame, Monsieur, Mon colis PKG-2026-14426 a été livré à Béja alors que j'habite à Alger. Sincères salutations.",madame monsieur mon colis pkg 2026 14426 a été livré à béja alors que j habite à alger sincères salutations,ERREUR_DESTINATION__fr
2360,"Coucou, Question : est-ce que vous livrez le dimanche à El Menzah ?",AUTRE,,,,El Menzah,,fr,False,"Coucou, Question : est-ce que vous livrez le dimanche à El Menzah ?",coucou question est ce que vous livrez le dimanche à el menzah,AUTRE__fr
721,"Bonjour Madame, Monsieur, Reception d'un colis défectueux. L'article est brisé, inutilisable en l'état. Cordialement.",PRODUIT_ENDOMMAGE,,,,,,fr,False,"Bonjour Madame, Monsieur, Reception d'un colis défectueux. L'article est brisé, inutilisable en l'état. Cordialement.",bonjour madame monsieur reception d un colis défectueux l article est brisé inutilisable en l état cordialement,PRODUIT_ENDOMMAGE__fr
233,"Bonjour, Mon clavier est arrivé le 5 novembre completement cassé. Ref TR-2025-71194. À bientôt.",PRODUIT_ENDOMMAGE,05-nov.,,,,TR-2025-71194,fr,False,"Bonjour, Mon clavier est arrivé le 5 novembre completement cassé. Ref TR-2025-71194. À bientôt.",bonjour mon clavier est arrivé le 5 novembre completement cassé ref tr 2025 71194 à bientôt,PRODUIT_ENDOMMAGE__fr
2315,"Cher Service Client, Ma commande TR-2023-31586 devait arriver le 2024-11-22, toujours rien reçu, ça fait 4 semaines. Cordialement.",RETARD_LIVRAISON,22/11/2024,28.0,,,TR-2023-31586,fr,False,"Cher Service Client, Ma commande TR-2023-31586 devait arriver le 2024-11-22, toujours rien reçu, ça fait 4 semaines. Cordialement.",cher service client ma commande tr 2023 31586 devait arriver le 2024 11 22 toujours rien reçu ça fait 4 semaines cordialement,RETARD_LIVRAISON__fr
1857,"Hello, Comment obtenir une attestation de livraison ?",AUTRE,,,,,,fr,False,"Hello, Comment obtenir une attestation de livraison ?",hello comment obtenir une attestation de livraison,AUTRE__fr
1139,"Bonsoir, Question facturation. On me demande 814.94 TND, alors que rien n'a été livré. Explication ? Merci de votre retour.",FACTURATION_PAIEMENT,,,814.94 TND,,,fr,False,"Bonsoir, Question facturation. On me demande 814.94 TND, alors que rien n'a été livré. Explication ? Merci de votre retour.",bonsoir question facturation on me demande 814 94 tnd alors que rien n a été livré explication merci de votre retour,FACTURATION_PAIEMENT__fr
2164,Aucune nouvelle de ma livraison CMR-2025-27604. Attendue à El Menzah. Cela fait plusieurs jours d'attente. Merci beaucoup.,RETARD_LIVRAISON,,,,El Menzah,CMR-2025-27604,fr,False,Aucune nouvelle de ma livraison CMR-2025-27604. Attendue à El Menzah. Cela fait plusieurs jours d'attente. Merci beaucoup.,aucune nouvelle de ma livraison cmr 2025 27604 attendue à el menzah cela fait plusieurs jours d attente merci beaucoup,RETARD_LIVRAISON__fr
2125,"Coucou, Ma commande a totalement disparu. Numéro : PKG-2024-23180. Livraison Hammamet. Enquête urgente demandée. Merci !",PERTE_VOL,,,,Hammamet,PKG-2024-23180,fr,False,"Coucou, Ma commande a totalement disparu. Numéro : PKG-2024-23180. Livraison Hammamet. Enquête urgente demandée. Merci !",coucou ma commande a totalement disparu numéro pkg 2024 23180 livraison hammamet enquête urgente demandée merci,PERTE_VOL__fr
466,"Cher Service Client, Reception d'un colis défectueux. L'article est brisé, inutilisable en l'état. Cordialement.",PRODUIT_ENDOMMAGE,,,,,,fr,False,"Cher Service Client, Reception d'un colis défectueux. L'article est brisé, inutilisable en l'état. Cordialement.",cher service client reception d un colis défectueux l article est brisé inutilisable en l état cordialement,PRODUIT_ENDOMMAGE__fr
159,"Bonsoir, Mon vase est arrivé completement cassé. Ref ADR-2026-43263. Il coûtait 280EUR. Bien à vous.",PRODUIT_ENDOMMAGE,,,280EUR,,ADR-2026-43263,fr,True,"Bonsoir, Mon vase est arrivé completement cassé. Ref ADR-2026-43263. Il coûtait 280EUR. Bien à vous.",bonsoir mon vase est arrivé completement cassé ref adr 2026 43263 il coûtait 280eur bien à vous,PRODUIT_ENDOMMAGE__fr
663,"Je suis furieux, J'attends toujours mon remboursement de 1148 eur. C'est long ! Je saisirai un avocat si rien ne bouge.",RETOUR_REMBOURSEMENT,,,1148 eur,,,fr,True,"Je suis furieux, J'attends toujours mon remboursement de 1148 eur. C'est long ! Je saisirai un avocat si rien ne bouge.",je suis furieux j attends toujours mon remboursement de 1148 eur c est long je saisirai un avocat si rien ne bouge,RETOUR_REMBOURSEMENT__fr
930,"Bonjour, Le tracking indique 'livré', mais rien à la maison. Colis BL-2023-50793 volé je pense. Merci !",PERTE_VOL,,,,,BL-2023-50793,fr,False,"Bonjour, Le tracking indique 'livré', mais rien à la maison. Colis BL-2023-50793 volé je pense. Merci !",bonjour le tracking indique livré mais rien à la maison colis bl 2023 50793 volé je pense merci,PERTE_VOL__fr
2060,"Madame, Monsieur, Facture incorrecte : on m'a facturé 659,16 dinars, ce n'est pas le tarif convenu. Merci de votre retour.",FACTURATION_PAIEMENT,,,"659,16 dinars",,,fr,False,"Madame, Monsieur, Facture incorrecte : on m'a facturé 659,16 dinars, ce n'est pas le tarif convenu. Merci de votre retour.",madame monsieur facture incorrecte on m a facturé 659 16 dinars ce n est pas le tarif convenu merci de votre retour,FACTURATION_PAIEMENT__fr
929,"Bonjour, Le colis sans ref est bloqué à Ettadhamen. Il devait aller à Paris.",ERREUR_DESTINATION,,,,Ettadhamen,,fr,False,"Bonjour, Le colis sans ref est bloqué à Ettadhamen. Il devait aller à Paris.",bonjour le colis sans ref est bloqué à ettadhamen il devait aller à paris,ERREUR_DESTINATION__fr
1949,"Madame, Monsieur, Le tracking indique 'livré' le 17/08/2025, mais rien à la maison. Colis ADR-2025-96261 volé je pense. Dans l'attente de votre réponse.",PERTE_VOL,17/08/2025,,,,ADR-2025-96261,fr,False,"Madame, Monsieur, Le tracking indique 'livré' le 17/08/2025, mais rien à la maison. Colis ADR-2025-96261 volé je pense. Dans l'attente de votre réponse.",madame monsieur le tracking indique livré le 17 08 2025 mais rien à la maison colis adr 2025 96261 volé je pense dans l attente de votre réponse,PERTE_VOL__fr
230,"Madame, Monsieur, Prélèvement erroné de 1412 DT constaté le le 29 avr.. Merci de rectifier. Dans l'attente de votre réponse.",FACTURATION_PAIEMENT,le 29 avr.,,1412 DT,,,fr,False,"Madame, Monsieur, Prélèvement erroné de 1412 DT constaté le le 29 avr.. Merci de rectifier. Dans l'attente de votre réponse.",madame monsieur prélèvement erroné de 1412 dt constaté le le 29 avr merci de rectifier dans l attente de votre réponse,FACTURATION_PAIEMENT__fr
1354,"Bonjour, Je n'ai jamais reçu mon colis LP-2026-61368. Il devait arriver à La Marsa le 2024-01-18. Plus de nouvelles depuis 49 jours. Perdu ? Je vais résilier si ça continue...",PERTE_VOL,18/01/2024,49.0,,La Marsa,LP-2026-61368,fr,False,"Bonjour, Je n'ai jamais reçu mon colis LP-2026-61368. Il devait arriver à La Marsa le 2024-01-18. Plus de nouvelles depuis 49 jours. Perdu ? Je vais résilier si ça continue...",bonjour je n ai jamais reçu mon colis lp 2026 61368 il devait arriver à la marsa le 2024 01 18 plus de nouvelles depuis 49 jours perdu je vais résilier si ça continue,PERTE_VOL__fr
419,"Cher Service Client, J'ai contacté votre support, personne ne répond. C'est très décevant. Merci de votre retour.",QUALITE_SERVICE,,,,,,fr,False,"Cher Service Client, J'ai contacté votre support, personne ne répond. C'est très décevant. Merci de votre retour.",cher service client j ai contacté votre support personne ne répond c est très décevant merci de votre retour,QUALITE_SERVICE__fr
2342,"Je suis furieux, Bonjour, comment vous joindre par téléphone ? Je patiente depuis 5 semaines. Je vais résilier si ça continue.",AUTRE,,35.0,,,,fr,False,"Je suis furieux, Bonjour, comment vous joindre par téléphone ? Je patiente depuis 5 semaines. Je vais résilier si ça continue.",je suis furieux bonjour comment vous joindre par téléphone je patiente depuis 5 semaines je vais résilier si ça continue,AUTRE__fr
992,"Bonjour, Ma commande LP-2023-34483 devait arriver le 2025-08-07, toujours rien reçu. C'est inacceptable !",RETARD_LIVRAISON,07/08/2025,,,,LP-2023-34483,fr,False,"Bonjour, Ma commande LP-2023-34483 devait arriver le 2025-08-07, toujours rien reçu. C'est inacceptable !",bonjour ma commande lp 2023 34483 devait arriver le 2025 08 07 toujours rien reçu c est inacceptable,RETARD_LIVRAISON__fr
1225,"Bonjour, Produit reçu abîmé. Emballage détruit. Numéro PKG-2023-25930. Livraison Djerba. J attends depuis 8 semaines un geste. Sincères salutations.",PRODUIT_ENDOMMAGE,,56.0,,Djerba,PKG-2023-25930,fr,False,"Bonjour, Produit reçu abîmé. Emballage détruit. Numéro PKG-2023-25930. Livraison Djerba. J attends depuis 8 semaines un geste. Sincères salutations.",bonjour produit reçu abîmé emballage détruit numéro pkg 2023 25930 livraison djerba j attends depuis 8 semaines un geste sincères salutations,PRODUIT_ENDOMMAGE__fr
2128,"Bonjour Madame, Monsieur, Marchandise arrivée déchirée. Colis TRK-2023-74233. Plusieurs articles sont rayés et inutilisables. Merci d'avance.",PRODUIT_ENDOMMAGE,,,,,TRK-2023-74233,fr,False,"Bonjour Madame, Monsieur, Marchandise arrivée déchirée. Colis __TRACKING__-74233. Plusieurs articles sont rayés et inutilisables. Merci d'avance.",bonjour madame monsieur marchandise arrivée déchirée colis __tracking__ 74233 plusieurs articles sont rayés et inutilisables merci d avance,PRODUIT_ENDOMMAGE__fr
841,"Bonsoir, Reception d'un colis défectueux. PKG-2023-74350. L'article est brisé, inutilisable en l'état. Merci d'avance.",PRODUIT_ENDOMMAGE,,,,,PKG-2023-74350,fr,False,"Bonsoir, Reception d'un colis défectueux. PKG-2023-74350. L'article est brisé, inutilisable en l'état. Merci d'avance.",bonsoir reception d un colis défectueux pkg 2023 74350 l article est brisé inutilisable en l état merci d avance,PRODUIT_ENDOMMAGE__fr
1734,"Bonsoir, Le colis LP-2023-74589 est marqué livré le 12 mai, mais je n'ai rien reçu. Je pense qu'il a été volé. Dans l'attente de votre réponse.",PERTE_VOL,12-mai,,,,LP-2023-74589,fr,False,"Bonsoir, Le colis LP-2023-74589 est marqué livré le 12 mai, mais je n'ai rien reçu. Je pense qu'il a été volé. Dans l'attente de votre réponse.",bonsoir le colis lp 2023 74589 est marqué livré le 12 mai mais je n ai rien reçu je pense qu il a été volé dans l attente de votre réponse,PERTE_VOL__fr
821,"Cher Service Client, Colis expédié vers Gafsa par erreur. Ma vraie adresse est à Le Bardo (colis TRK-2026-15750). À corriger. Merci d'avance.",ERREUR_DESTINATION,,,,Gafsa,TRK-2026-15750,fr,False,"Cher Service Client, Colis expédié vers Gafsa par erreur. Ma vraie adresse est à Le Bardo (colis __TRACKING__-15750). À corriger. Merci d'avance.",cher service client colis expédié vers gafsa par erreur ma vraie adresse est à le bardo colis __tracking__ 15750 à corriger merci d avance,ERREUR_DESTINATION__fr
1295,Mon vase est arrivé à Tunis completement cassé. Ref COL-2025-40843. Merci beaucoup.,PRODUIT_ENDOMMAGE,,,,Tunis,COL-2025-40843,fr,False,Mon vase est arrivé à Tunis completement cassé. Ref COL-2025-40843. Merci beaucoup.,mon vase est arrivé à tunis completement cassé ref col 2025 40843 merci beaucoup,PRODUIT_ENDOMMAGE__fr
1170,"Bonjour, Colis expédié vers Bizerte par erreur. Ma vraie adresse est à Kairouan. À corriger. Merci d'avance.",ERREUR_DESTINATION,,,,Bizerte,,fr,False,"Bonjour, Colis expédié vers Bizerte par erreur. Ma vraie adresse est à Kairouan. À corriger. Merci d'avance.",bonjour colis expédié vers bizerte par erreur ma vraie adresse est à kairouan à corriger merci d avance,ERREUR_DESTINATION__fr
294,C'est inadmissible ! Livraison en RETARD à Nice. J'exige une réponse immédiate.,RETARD_LIVRAISON,,,,Nice,,fr,False,C'est inadmissible ! Livraison en RETARD à Nice. J'exige une réponse immédiate.,c est inadmissible livraison en retard à nice j exige une réponse immédiate,RETARD_LIVRAISON__fr
2236,"Bonsoir, Retard important sur ma commande. Numéro de suivi : COL-2024-86823. Prévu le 22/03/2025. 2 mois de retard. Sincères salutations.",RETARD_LIVRAISON,22/03/2025,60.0,,,COL-2024-86823,fr,False,"Bonsoir, Retard important sur ma commande. Numéro de suivi : COL-2024-86823. Prévu le 22/03/2025. 2 mois de retard. Sincères salutations.",bonsoir retard important sur ma commande numéro de suivi col 2024 86823 prévu le 22 03 2025 2 mois de retard sincères salutations,RETARD_LIVRAISON__fr
1330,"Bonjour Madame, Monsieur, J'ai contacté votre support 7 jours, personne ne répond. C'est très décevant. Dans l'attente de votre réponse.",QUALITE_SERVICE,,7.0,,,,fr,False,"Bonjour Madame, Monsieur, J'ai contacté votre support 7 jours, personne ne répond. C'est très décevant. Dans l'attente de votre réponse.",bonjour madame monsieur j ai contacté votre support 7 jours personne ne répond c est très décevant dans l attente de votre réponse,QUALITE_SERVICE__fr
991,"Écoutez, Adresse de livraison ignorée. Envoi effectué vers Ettadhamen au lieu de Barcelone. Ref : TR-2026-94489. Je vais résilier si ça continue.",ERREUR_DESTINATION,,,,Ettadhamen,TR-2026-94489,fr,False,"Écoutez, Adresse de livraison ignorée. Envoi effectué vers Ettadhamen au lieu de Barcelone. Ref : TR-2026-94489. Je vais résilier si ça continue.",écoutez adresse de livraison ignorée envoi effectué vers ettadhamen au lieu de barcelone ref tr 2026 94489 je vais résilier si ça continue,ERREUR_DESTINATION__fr
470,"Salut, Reception d'un colis défectueux. COL-2026-75828. L'article est brisé, inutilisable en l'état. À bientôt.",PRODUIT_ENDOMMAGE,,,,,COL-2026-75828,fr,False,"Salut, Reception d'un colis défectueux. COL-2026-75828. L'article est brisé, inutilisable en l'état. À bientôt.",salut reception d un colis défectueux col 2026 75828 l article est brisé inutilisable en l état à bientôt,PRODUIT_ENDOMMAGE__fr
1375,"C'est inadmissible ! J'attends toujours mon remboursement de 1081,45 EUR. C'est long ! Je saisirai un avocat si RIEN ne bouge.",RETOUR_REMBOURSEMENT,,,"1081,45 EUR",,,fr,True,"C'est inadmissible ! J'attends toujours mon remboursement de 1081,45 EUR. C'est long ! Je saisirai un avocat si RIEN ne bouge.",c est inadmissible j attends toujours mon remboursement de 1081 45 eur c est long je saisirai un avocat si rien ne bouge,RETOUR_REMBOURSEMENT__fr
513,"Bonjour, comment procéder au retour de ma commande ADR-2025-68652 ? Je souhaite un remboursement intégral de 1426.96TND. Merci !",RETOUR_REMBOURSEMENT,,,1426.96TND,,ADR-2025-68652,fr,False,"Bonjour, comment procéder au retour de ma commande ADR-2025-68652 ? Je souhaite un remboursement intégral de 1426.96TND. Merci !",bonjour comment procéder au retour de ma commande adr 2025 68652 je souhaite un remboursement intégral de 1426 96tnd merci,RETOUR_REMBOURSEMENT__fr
574,"Hello, Bonjour, comment procéder au retour de ma commande TRK-2025-95974 ? Je souhaite un remboursement intégral de 790dt.",RETOUR_REMBOURSEMENT,,,790dt,,TRK-2025-95974,fr,False,"Hello, Bonjour, comment procéder au retour de ma commande __TRACKING__-95974 ? Je souhaite un remboursement intégral de 790dt.",hello bonjour comment procéder au retour de ma commande __tracking__ 95974 je souhaite un remboursement intégral de 790dt,RETOUR_REMBOURSEMENT__fr
1523,"Bonjour, Le prix affiché était différent : 1341dt au lieu du montant annoncé. Commande COL-2024-98824. Dans l'attente de votre réponse.",FACTURATION_PAIEMENT,,,1341dt,,COL-2024-98824,fr,False,"Bonjour, Le prix affiché était différent : 1341dt au lieu du montant annoncé. Commande COL-2024-98824. Dans l'attente de votre réponse.",bonjour le prix affiché était différent 1341dt au lieu du montant annoncé commande col 2024 98824 dans l attente de votre réponse,FACTURATION_PAIEMENT__fr
2276,J'attends toujours mon remboursement. C'est long ! À bientôt.,RETOUR_REMBOURSEMENT,,,,,,fr,False,J'attends toujours mon remboursement. C'est long ! À bientôt.,j attends toujours mon remboursement c est long à bientôt,RETOUR_REMBOURSEMENT__fr
2297,"Bonjour, Le colis EXP-2023-68698 est marqué livré, mais je n'ai rien reçu. Je pense qu'il a été volé. À bientôt.",PERTE_VOL,,,,,EXP-2023-68698,fr,False,"Bonjour, Le colis EXP-2023-68698 est marqué livré, mais je n'ai rien reçu. Je pense qu'il a été volé. À bientôt.",bonjour le colis exp 2023 68698 est marqué livré mais je n ai rien reçu je pense qu il a été volé à bientôt,PERTE_VOL__fr
8,"Cher Service Client, Colis PKG-2025-18357 égaré dans le circuit. Départ Sousse. Bloqué depuis 12 jours. Dans l'attente de votre réponse.",PERTE_VOL,,12.0,,Sousse,PKG-2025-18357,fr,False,"Cher Service Client, Colis PKG-2025-18357 égaré dans le circuit. Départ Sousse. Bloqué depuis 12 jours. Dans l'attente de votre réponse.",cher service client colis pkg 2025 18357 égaré dans le circuit départ sousse bloqué depuis 12 jours dans l attente de votre réponse,PERTE_VOL__fr
728,"Cher Service Client, Colis expédié vers Mahdia par erreur le 2024-11-09. Ma vraie adresse est à Gafsa (colis TRK-2026-21648). À corriger. Dans l'attente de votre réponse.",ERREUR_DESTINATION,09/11/2024,,,Mahdia,TRK-2026-21648,fr,False,"Cher Service Client, Colis expédié vers Mahdia par erreur le 2024-11-09. Ma vraie adresse est à Gafsa (colis __TRACKING__-21648). À corriger. Dans l'attente de votre réponse.",cher service client colis expédié vers mahdia par erreur le 2024 11 09 ma vraie adresse est à gafsa colis __tracking__ 21648 à corriger dans l attente de votre réponse,ERREUR_DESTINATION__fr
1695,"Bonjour Madame, Monsieur, Le livreur a été très impoli lors de la livraison à Mahdia. Comportement inadmissible. Merci d'avance.",QUALITE_SERVICE,,,,Mahdia,,fr,False,"Bonjour Madame, Monsieur, Le livreur a été très impoli lors de la livraison à Mahdia. Comportement inadmissible. Merci d'avance.",bonjour madame monsieur le livreur a été très impoli lors de la livraison à mahdia comportement inadmissible merci d avance,QUALITE_SERVICE__fr
331,"Bonjour, Bonjour, comment vous joindre par téléphone ? Je patiente depuis 4 mois. Merci beaucoup.",AUTRE,,120.0,,,,fr,False,"Bonjour, Bonjour, comment vous joindre par téléphone ? Je patiente depuis 4 mois. Merci beaucoup.",bonjour bonjour comment vous joindre par téléphone je patiente depuis 4 mois merci beaucoup,AUTRE__fr
1389,Le livreur a été très impoli le mardi. Comportement inadmissible. Merci !,QUALITE_SERVICE,mardi,,,,,fr,False,Le livreur a été très impoli le mardi. Comportement inadmissible. Merci !,le livreur a été très impoli le mardi comportement inadmissible merci,QUALITE_SERVICE__fr
327,"Madame, Monsieur, La boîte du colis COL-2025-86588 est arrivée écrasée et l'écran est fissuré. Merci de votre retour.",PRODUIT_ENDOMMAGE,,,,,COL-2025-86588,fr,False,"Madame, Monsieur, La boîte du colis COL-2025-86588 est arrivée écrasée et l'écran est fissuré. Merci de votre retour.",madame monsieur la boîte du colis col 2025 86588 est arrivée écrasée et l écran est fissuré merci de votre retour,PRODUIT_ENDOMMAGE__fr
2461,"Madame, Monsieur, Adresse de livraison ignorée. Envoi effectué vers Mahdia au lieu de Hammamet. Ref : ADR-2026-71443. Sincères salutations.",ERREUR_DESTINATION,,,,Mahdia,ADR-2026-71443,fr,False,"Madame, Monsieur, Adresse de livraison ignorée. Envoi effectué vers Mahdia au lieu de Hammamet. Ref : ADR-2026-71443. Sincères salutations.",madame monsieur adresse de livraison ignorée envoi effectué vers mahdia au lieu de hammamet ref adr 2026 71443 sincères salutations,ERREUR_DESTINATION__fr
28,"Cher Service Client, Produit reçu abîmé. Emballage détruit. Livraison Mahdia. J attends un geste. Merci de votre retour.",PRODUIT_ENDOMMAGE,,,,Mahdia,,fr,False,"Cher Service Client, Produit reçu abîmé. Emballage détruit. Livraison Mahdia. J attends un geste. Merci de votre retour.",cher service client produit reçu abîmé emballage détruit livraison mahdia j attends un geste merci de votre retour,PRODUIT_ENDOMMAGE__fr
2012,"Bonjour, On m'a livré à la mauvaise ville. Numéro BL-2023-90109. Destination erronée : Bizerte. Correcte : Manouba.",ERREUR_DESTINATION,,,,Bizerte,BL-2023-90109,fr,False,"Bonjour, On m'a livré à la mauvaise ville. Numéro BL-2023-90109. Destination erronée : Bizerte. Correcte : Manouba.",bonjour on m a livré à la mauvaise ville numéro bl 2023 90109 destination erronée bizerte correcte manouba,ERREUR_DESTINATION__fr
1710,"Cher Service Client, Le prix affiché était différent : 1075,13 dinars au lieu du montant annoncé. Commande EXP-2026-50503. Dans l'attente de votre réponse.",FACTURATION_PAIEMENT,,,"1075,13 dinars",,EXP-2026-50503,fr,False,"Cher Service Client, Le prix affiché était différent : 1075,13 dinars au lieu du montant annoncé. Commande EXP-2026-50503. Dans l'attente de votre réponse.",cher service client le prix affiché était différent 1075 13 dinars au lieu du montant annoncé commande exp 2026 50503 dans l attente de votre réponse,FACTURATION_PAIEMENT__fr
1366,"Franchement, Je n'ai jamais reçu mon colis BL-2025-62730. Il devait arriver à Lyon. Plus de nouvelles depuis 1 semaine. Perdu ? J'exige une réponse immédiate.",PERTE_VOL,,7.0,,Lyon,BL-2025-62730,fr,False,"Franchement, Je n'ai jamais reçu mon colis BL-2025-62730. Il devait arriver à Lyon. Plus de nouvelles depuis 1 semaine. Perdu ? J'exige une réponse immédiate.",franchement je n ai jamais reçu mon colis bl 2025 62730 il devait arriver à lyon plus de nouvelles depuis 1 semaine perdu j exige une réponse immédiate,PERTE_VOL__fr
1690,"Bonsoir, Reception d'un colis défectueux. ADR-2024-87139. L'article est brisé, inutilisable en l'état. Sincères salutations.",PRODUIT_ENDOMMAGE,,,,,ADR-2024-87139,fr,False,"Bonsoir, Reception d'un colis défectueux. ADR-2024-87139. L'article est brisé, inutilisable en l'état. Sincères salutations.",bonsoir reception d un colis défectueux adr 2024 87139 l article est brisé inutilisable en l état sincères salutations,PRODUIT_ENDOMMAGE__fr
803,"Bonjour, Mon colis CMR-2024-65465 a été livré à Kasserine alors que j'habite à Tozeur. Dans l'attente de votre réponse.",ERREUR_DESTINATION,,,,Kasserine,CMR-2024-65465,fr,False,"Bonjour, Mon colis CMR-2024-65465 a été livré à Kasserine alors que j'habite à Tozeur. Dans l'attente de votre réponse.",bonjour mon colis cmr 2024 65465 a été livré à kasserine alors que j habite à tozeur dans l attente de votre réponse,ERREUR_DESTINATION__fr
1490,"Bonjour Madame, Monsieur, Colis introuvable. Ref CMR-2025-75790. Disparu depuis 10 jours. Merci de votre retour.",PERTE_VOL,,10.0,,,CMR-2025-75790,fr,False,"Bonjour Madame, Monsieur, Colis introuvable. Ref CMR-2025-75790. Disparu depuis 10 jours. Merci de votre retour.",bonjour madame monsieur colis introuvable ref cmr 2025 75790 disparu depuis 10 jours merci de votre retour,PERTE_VOL__fr
1361,Le prix affiché était différent : 149.98dt au lieu du montant annoncé. Merci beaucoup.,FACTURATION_PAIEMENT,,,149.98dt,,,fr,False,Le prix affiché était différent : 149.98dt au lieu du montant annoncé. Merci beaucoup.,le prix affiché était différent 149 98dt au lieu du montant annoncé merci beaucoup,FACTURATION_PAIEMENT__fr
1432,Aucun professionnalisme à Tozeur. Personne ne rappelle depuis 2 semaines.,QUALITE_SERVICE,,14.0,,Tozeur,,fr,False,Aucun professionnalisme à Tozeur. Personne ne rappelle depuis 2 semaines.,aucun professionnalisme à tozeur personne ne rappelle depuis 2 semaines,QUALITE_SERVICE__fr
286,"Bonjour, Je veux annuler et être remboursé 1895,16 dt. Commande COL-2026-68177. Merci beaucoup.",RETOUR_REMBOURSEMENT,,,"1895,16 dt",,COL-2026-68177,fr,False,"Bonjour, Je veux annuler et être remboursé 1895,16 dt. Commande COL-2026-68177. Merci beaucoup.",bonjour je veux annuler et être remboursé 1895 16 dt commande col 2026 68177 merci beaucoup,RETOUR_REMBOURSEMENT__fr
128,"Ça suffit maintenant, Colis LP-2024-85832 égaré dans le circuit. Départ Toulouse. Bloqué depuis 4 mois. Dernière chance avant plainte officielle.",PERTE_VOL,,120.0,,Toulouse,LP-2024-85832,fr,False,"Ça suffit maintenant, Colis LP-2024-85832 égaré dans le circuit. Départ Toulouse. Bloqué depuis 4 mois. Dernière chance avant plainte officielle.",ça suffit maintenant colis lp 2024 85832 égaré dans le circuit départ toulouse bloqué depuis 4 mois dernière chance avant plainte officielle,PERTE_VOL__fr
1563,"Cher Service Client, Bonjour, comment procéder au retour de ma commande CMR-2026-88416 ? Je souhaite un remboursement intégral de 1446.15 EUR. Sincères salutations.",RETOUR_REMBOURSEMENT,,,1446.15 EUR,,CMR-2026-88416,fr,True,"Cher Service Client, Bonjour, comment procéder au retour de ma commande CMR-2026-88416 ? Je souhaite un remboursement intégral de 1446.15 EUR. Sincères salutations.",cher service client bonjour comment procéder au retour de ma commande cmr 2026 88416 je souhaite un remboursement intégral de 1446 15 eur sincères salutations,RETOUR_REMBOURSEMENT__fr
433,La boîte du colis TR-2025-88011 est arrivée écrasée à Gabès et l'écran est fissuré. À bientôt.,PRODUIT_ENDOMMAGE,,,,Gabès,TR-2025-88011,fr,False,La boîte du colis TR-2025-88011 est arrivée écrasée à Gabès et l'écran est fissuré. À bientôt.,la boîte du colis tr 2025 88011 est arrivée écrasée à gabès et l écran est fissuré à bientôt,PRODUIT_ENDOMMAGE__fr
118,"Bonjour, Colis introuvable. Ref TRK-2025-56861. Disparu depuis 6 semaines. Bien à vous.",PERTE_VOL,,42.0,,,TRK-2025-56861,fr,False,"Bonjour, Colis introuvable. Ref __TRACKING__-56861. Disparu depuis 6 semaines. Bien à vous.",bonjour colis introuvable ref __tracking__ 56861 disparu depuis 6 semaines bien à vous,PERTE_VOL__fr
305,"Bonjour, Le livreur a été très impoli. Comportement inadmissible. Sincères salutations.",QUALITE_SERVICE,,,,,,fr,False,"Bonjour, Le livreur a été très impoli. Comportement inadmissible. Sincères salutations.",bonjour le livreur a été très impoli comportement inadmissible sincères salutations,QUALITE_SERVICE__fr
291,"Bonsoir, Service client injoignable. Attente depuis 42 jours. Aucune réponse. Sincères salutations.",QUALITE_SERVICE,,42.0,,,,fr,False,"Bonsoir, Service client injoignable. Attente depuis 42 jours. Aucune réponse. Sincères salutations.",bonsoir service client injoignable attente depuis 42 jours aucune réponse sincères salutations,QUALITE_SERVICE__fr
32,"Bonjour Madame, Monsieur, Le colis PKG-2025-65194 est en retard de 41 jours. Livraison prévue à Sousse. Cordialement.",RETARD_LIVRAISON,,41.0,,Sousse,PKG-2025-65194,fr,False,"Bonjour Madame, Monsieur, Le colis PKG-2025-65194 est en retard de 41 jours. Livraison prévue à Sousse. Cordialement.",bonjour madame monsieur le colis pkg 2025 65194 est en retard de 41 jours livraison prévue à sousse cordialement,RETARD_LIVRAISON__fr
364,"Franchement, Erreur d'adresse : le colis COL-2023-68009 est parti sur Tunis, moi je suis à La Marsa. Que faire ? C'est inacceptable !...",ERREUR_DESTINATION,,,,Tunis,COL-2023-68009,fr,False,"Franchement, Erreur d'adresse : le colis COL-2023-68009 est parti sur Tunis, moi je suis à La Marsa. Que faire ? C'est inacceptable !...",franchement erreur d adresse le colis col 2023 68009 est parti sur tunis moi je suis à la marsa que faire c est inacceptable,ERREUR_DESTINATION__fr
1767,"Madame, Monsieur, Surcharges non expliquées de 300.88 € sur ma facture pour Marseille. Bien à vous.",FACTURATION_PAIEMENT,,,300.88 €,Marseille,,fr,True,"Madame, Monsieur, Surcharges non expliquées de 300.88 € sur ma facture pour Marseille. Bien à vous.",madame monsieur surcharges non expliquées de 300 88 sur ma facture pour marseille bien à vous,FACTURATION_PAIEMENT__fr
428,"Bonjour, Ma commande BL-2023-50481 devait arriver, toujours rien reçu. Merci de votre retour.",RETARD_LIVRAISON,,,,,BL-2023-50481,fr,False,"Bonjour, Ma commande BL-2023-50481 devait arriver, toujours rien reçu. Merci de votre retour.",bonjour ma commande bl 2023 50481 devait arriver toujours rien reçu merci de votre retour,RETARD_LIVRAISON__fr
1938,"Bonjour, Erreur d'adresse : le colis COL-2023-13463 est parti sur Sousse, moi je suis à Sfax. Que faire ? Bien à vous.",ERREUR_DESTINATION,,,,Sousse,COL-2023-13463,fr,False,"Bonjour, Erreur d'adresse : le colis COL-2023-13463 est parti sur Sousse, moi je suis à Sfax. Que faire ? Bien à vous.",bonjour erreur d adresse le colis col 2023 13463 est parti sur sousse moi je suis à sfax que faire bien à vous,ERREUR_DESTINATION__fr
1315,"Bonjour, Bonjour, je devais recevoir mon colis à Monastir, et rien n'est arrivé depuis 9 jours. Merci de votre retour.",RETARD_LIVRAISON,,9.0,,Monastir,,fr,False,"Bonjour, Bonjour, je devais recevoir mon colis à Monastir, et rien n'est arrivé depuis 9 jours. Merci de votre retour.",bonjour bonjour je devais recevoir mon colis à monastir et rien n est arrivé depuis 9 jours merci de votre retour,RETARD_LIVRAISON__fr
2202,"Coucou, Ma commande COL-2024-99873 devait arriver à Genève, toujours rien reçu.",RETARD_LIVRAISON,,,,Genève,COL-2024-99873,fr,False,"Coucou, Ma commande COL-2024-99873 devait arriver à Genève, toujours rien reçu.",coucou ma commande col 2024 99873 devait arriver à genève toujours rien reçu,RETARD_LIVRAISON__fr
2231,"Bonjour Madame, Monsieur, J'attends toujours mon remboursement de 1003.64eur promis le 06/03/2024. C'est long ! Merci d'avance.",RETOUR_REMBOURSEMENT,06/03/2024,,1003.64eur,,,fr,True,"Bonjour Madame, Monsieur, J'attends toujours mon remboursement de 1003.64eur promis le 06/03/2024. C'est long ! Merci d'avance.",bonjour madame monsieur j attends toujours mon remboursement de 1003 64eur promis le 06 03 2024 c est long merci d avance,RETOUR_REMBOURSEMENT__fr
313,On m'a livré à la mauvaise ville. Destination erronée : Tunis. Correcte : Bruxelles.,ERREUR_DESTINATION,,,,Tunis,,fr,False,On m'a livré à la mauvaise ville. Destination erronée : Tunis. Correcte : Bruxelles.,on m a livré à la mauvaise ville destination erronée tunis correcte bruxelles,ERREUR_DESTINATION__fr
2038,"Coucou, Question facturation. On me demande 1731,10 eur, alors que rien n'a été livré. Explication ? Merci d'avance.",FACTURATION_PAIEMENT,,,"1731,10 eur",,,fr,True,"Coucou, Question facturation. On me demande 1731,10 eur, alors que rien n'a été livré. Explication ? Merci d'avance.",coucou question facturation on me demande 1731 10 eur alors que rien n a été livré explication merci d avance,FACTURATION_PAIEMENT__fr
553,"Madame, Monsieur, Mon montre d'une valeur de quelques centaines est cassé à la réception. Colis PKG-2024-48535. Adresse : Monastir. Cordialement.",PRODUIT_ENDOMMAGE,,,,Monastir,PKG-2024-48535,fr,False,"Madame, Monsieur, Mon montre d'une valeur de quelques centaines est cassé à la réception. Colis PKG-2024-48535. Adresse : Monastir. Cordialement.",madame monsieur mon montre d une valeur de quelques centaines est cassé à la réception colis pkg 2024 48535 adresse monastir cordialement,PRODUIT_ENDOMMAGE__fr
1255,C'est inadmissible ! Colis expédié vers Djerba par erreur. Ma vraie adresse est à Manouba (colis LP-2024-69866). À corriger. C'est inacceptable !,ERREUR_DESTINATION,,,,Djerba,LP-2024-69866,fr,False,C'est inadmissible ! Colis expédié vers Djerba par erreur. Ma vraie adresse est à Manouba (colis LP-2024-69866). À corriger. C'est inacceptable !,c est inadmissible colis expédié vers djerba par erreur ma vraie adresse est à manouba colis lp 2024 69866 à corriger c est inacceptable,ERREUR_DESTINATION__fr
350,"Bonjour, Le colis EXP-2025-43405 est marqué livré à Tunis le 08/11, mais je n'ai rien reçu. Je pense qu'il a été volé. Bien à vous.",PERTE_VOL,08-nov.,,,Tunis,EXP-2025-43405,fr,False,"Bonjour, Le colis EXP-2025-43405 est marqué livré à Tunis le 08/11, mais je n'ai rien reçu. Je pense qu'il a été volé. Bien à vous.",bonjour le colis exp 2025 43405 est marqué livré à tunis le 08 11 mais je n ai rien reçu je pense qu il a été volé bien à vous,PERTE_VOL__fr
1003,"Cher Service Client, Mon clavier est arrivé à Kairouan le 28/01/2024 completement cassé. Ref COL-2025-80731. Il coûtait 1980.25 eur. Merci de votre retour.",PRODUIT_ENDOMMAGE,28/01/2024,,1980.25 eur,Kairouan,COL-2025-80731,fr,True,"Cher Service Client, Mon clavier est arrivé à Kairouan le 28/01/2024 completement cassé. Ref COL-2025-80731. Il coûtait 1980.25 eur. Merci de votre retour.",cher service client mon clavier est arrivé à kairouan le 28 01 2024 completement cassé ref col 2025 80731 il coûtait 1980 25 eur merci de votre retour,PRODUIT_ENDOMMAGE__fr
784,"Bonjour, Mon livre est arrivé à Monastir completement cassé. Ref TRK-2024-22431. Je veux parler à un responsable, IMMÉDIATEMENT.",PRODUIT_ENDOMMAGE,,,,Monastir,TRK-2024-22431,fr,False,"Bonjour, Mon livre est arrivé à Monastir completement cassé. Ref __TRACKING__-22431. Je veux parler à un responsable, IMMÉDIATEMENT.",bonjour mon livre est arrivé à monastir completement cassé ref __tracking__ 22431 je veux parler à un responsable immédiatement,PRODUIT_ENDOMMAGE__fr
1071,C'est inadmissible ! Marchandise arrivée déchirée. Colis PKG-2024-54849. Livrée à Alger. Plusieurs articles sont rayés et inutilisables. Je ne veux plus jamais utiliser vos services.,PRODUIT_ENDOMMAGE,,,,Alger,PKG-2024-54849,fr,False,C'est inadmissible ! Marchandise arrivée déchirée. Colis PKG-2024-54849. Livrée à Alger. Plusieurs articles sont rayés et inutilisables. Je ne veux plus jamais utiliser vos services.,c est inadmissible marchandise arrivée déchirée colis pkg 2024 54849 livrée à alger plusieurs articles sont rayés et inutilisables je ne veux plus jamais utiliser vos services,PRODUIT_ENDOMMAGE__fr
1447,"Bonsoir, Le colis COL-2025-96755 est marqué livré à Gafsa le 2024-11-03, mais je n'ai rien reçu. Je pense qu'il a été volé. Dans l'attente de votre réponse.",PERTE_VOL,03/11/2024,,,Gafsa,COL-2025-96755,fr,False,"Bonsoir, Le colis COL-2025-96755 est marqué livré à Gafsa le 2024-11-03, mais je n'ai rien reçu. Je pense qu'il a été volé. Dans l'attente de votre réponse.",bonsoir le colis col 2025 96755 est marqué livré à gafsa le 2024 11 03 mais je n ai rien reçu je pense qu il a été volé dans l attente de votre réponse,PERTE_VOL__fr
1756,"Bonjour Madame, Monsieur, Mon colis COL-2026-28580 a été livré à Madrid alors que j'habite à El Menzah. Dans l'attente de votre réponse.",ERREUR_DESTINATION,,,,Madrid,COL-2026-28580,fr,False,"Bonjour Madame, Monsieur, Mon colis COL-2026-28580 a été livré à Madrid alors que j'habite à El Menzah. Dans l'attente de votre réponse.",bonjour madame monsieur mon colis col 2026 28580 a été livré à madrid alors que j habite à el menzah dans l attente de votre réponse,ERREUR_DESTINATION__fr
2175,"Cher Service Client, Reception d'un colis défectueux. COL-2023-86929. L'article est brisé, inutilisable en l'état. Merci d'avance.",PRODUIT_ENDOMMAGE,,,,,COL-2023-86929,fr,False,"Cher Service Client, Reception d'un colis défectueux. COL-2023-86929. L'article est brisé, inutilisable en l'état. Merci d'avance.",cher service client reception d un colis défectueux col 2023 86929 l article est brisé inutilisable en l état merci d avance,PRODUIT_ENDOMMAGE__fr
528,"Bonjour, Mon colis CMR-2025-45076 a été livré à Rome alors que j'habite à Tozeur. Merci de votre retour.",ERREUR_DESTINATION,,,,Rome,CMR-2025-45076,fr,False,"Bonjour, Mon colis CMR-2025-45076 a été livré à Rome alors que j'habite à Tozeur. Merci de votre retour.",bonjour mon colis cmr 2025 45076 a été livré à rome alors que j habite à tozeur merci de votre retour,ERREUR_DESTINATION__fr
2253,"Écoutez, On m'a livré à la mauvaise ville. Numéro LP-2026-92522. Destination erronée : Zaghouan. Correcte : Ben Arous. Reçu le 2025-02-11. Je vais résilier si ça continue!!!",ERREUR_DESTINATION,11/02/2025,,,Zaghouan,LP-2026-92522,fr,False,"Écoutez, On m'a livré à la mauvaise ville. Numéro LP-2026-92522. Destination erronée : Zaghouan. Correcte : Ben Arous. Reçu le 2025-02-11. Je vais résilier si ça continue!!!",écoutez on m a livré à la mauvaise ville numéro lp 2026 92522 destination erronée zaghouan correcte ben arous reçu le 2025 02 11 je vais résilier si ça continue,ERREUR_DESTINATION__fr
545,"Ça suffit maintenant, Ma commande COL-2026-90258 devait arriver à Nabeul le jeudi, TOUJOURS rien reçu, ça fait 1 mois. C'est inacceptable !",RETARD_LIVRAISON,jeudi,30.0,,Nabeul,COL-2026-90258,fr,False,"Ça suffit maintenant, Ma commande COL-2026-90258 devait arriver à Nabeul le jeudi, TOUJOURS rien reçu, ça fait 1 mois. C'est inacceptable !",ça suffit maintenant ma commande col 2026 90258 devait arriver à nabeul le jeudi toujours rien reçu ça fait 1 mois c est inacceptable,RETARD_LIVRAISON__fr
1257,"Bonsoir, Le livreur a été très impoli lors de la livraison à Bizerte. Comportement inadmissible. Cordialement.",QUALITE_SERVICE,,,,Bizerte,,fr,False,"Bonsoir, Le livreur a été très impoli lors de la livraison à Bizerte. Comportement inadmissible. Cordialement.",bonsoir le livreur a été très impoli lors de la livraison à bizerte comportement inadmissible cordialement,QUALITE_SERVICE__fr
2453,C'est inadmissible ! Livraison en retard à Ezzahra. Ref COL-2025-74226. Attendu le 2025-02-10. Dernière chance avant plainte officielle.,RETARD_LIVRAISON,10/02/2025,,,Ezzahra,COL-2025-74226,fr,False,C'est inadmissible ! Livraison en retard à Ezzahra. Ref COL-2025-74226. Attendu le 2025-02-10. Dernière chance avant plainte officielle.,c est inadmissible livraison en retard à ezzahra ref col 2025 74226 attendu le 2025 02 10 dernière chance avant plainte officielle,RETARD_LIVRAISON__fr
1115,"Salut, Aucun professionnalisme à Ettadhamen. Personne ne rappelle. Merci beaucoup.",QUALITE_SERVICE,,,,Ettadhamen,,fr,False,"Salut, Aucun professionnalisme à Ettadhamen. Personne ne rappelle. Merci beaucoup.",salut aucun professionnalisme à ettadhamen personne ne rappelle merci beaucoup,QUALITE_SERVICE__fr
2456,"Bonjour, Bonjour, comment procéder au retour de ma commande TR-2024-71605 ? Je souhaite un remboursement intégral de 1506dinars. Merci de votre retour.",RETOUR_REMBOURSEMENT,,,1506dinars,,TR-2024-71605,fr,False,"Bonjour, Bonjour, comment procéder au retour de ma commande TR-2024-71605 ? Je souhaite un remboursement intégral de 1506dinars. Merci de votre retour.",bonjour bonjour comment procéder au retour de ma commande tr 2024 71605 je souhaite un remboursement intégral de 1506dinars merci de votre retour,RETOUR_REMBOURSEMENT__fr
660,"Cher Service Client, Le prix affiché était différent : 256eur au lieu du montant annoncé. Commande EXP-2023-88089. Merci d'avance.",FACTURATION_PAIEMENT,,,256eur,,EXP-2023-88089,fr,True,"Cher Service Client, Le prix affiché était différent : 256eur au lieu du montant annoncé. Commande EXP-2023-88089. Merci d'avance.",cher service client le prix affiché était différent 256eur au lieu du montant annoncé commande exp 2023 88089 merci d avance,FACTURATION_PAIEMENT__fr
1506,"Cher Service Client, Marchandise arrivée déchirée. Plusieurs articles sont rayés et inutilisables. Sincères salutations.",PRODUIT_ENDOMMAGE,,,,,,fr,False,"Cher Service Client, Marchandise arrivée déchirée. Plusieurs articles sont rayés et inutilisables. Sincères salutations.",cher service client marchandise arrivée déchirée plusieurs articles sont rayés et inutilisables sincères salutations,PRODUIT_ENDOMMAGE__fr
1530,"Bonjour Madame, Monsieur, Le colis sans référence est marqué livré à Tozeur le 27/03, mais je n'ai rien reçu. Je pense qu'il a été volé. Bien à vous.",PERTE_VOL,27-mars,,,Tozeur,,fr,False,"Bonjour Madame, Monsieur, Le colis sans référence est marqué livré à Tozeur le 27/03, mais je n'ai rien reçu. Je pense qu'il a été volé. Bien à vous.",bonjour madame monsieur le colis sans référence est marqué livré à tozeur le 27 03 mais je n ai rien reçu je pense qu il a été volé bien à vous,PERTE_VOL__fr
1426,"Salut, Le colis ADR-2026-45036 est en retard de 1 an.",RETARD_LIVRAISON,,365.0,,,ADR-2026-45036,fr,False,"Salut, Le colis ADR-2026-45036 est en retard de 1 an.",salut le colis adr 2026 45036 est en retard de 1 an,RETARD_LIVRAISON__fr
2189,"Franchement, Le colis BL-2025-37523 est marqué livré à Hammamet, mais je n'ai rien reçu. Je pense qu'il a été volé. C'est inacceptable !!!!",PERTE_VOL,,,,Hammamet,BL-2025-37523,fr,False,"Franchement, Le colis BL-2025-37523 est marqué livré à Hammamet, mais je n'ai rien reçu. Je pense qu'il a été volé. C'est inacceptable !!!!",franchement le colis bl 2025 37523 est marqué livré à hammamet mais je n ai rien reçu je pense qu il a été volé c est inacceptable,PERTE_VOL__fr
923,Mon téléphone est arrivé à Rabat completement cassé.,PRODUIT_ENDOMMAGE,,,,Rabat,,fr,False,Mon téléphone est arrivé à Rabat completement cassé.,mon téléphone est arrivé à rabat completement cassé,PRODUIT_ENDOMMAGE__fr
80,"Bonjour Madame, Monsieur, Retard important sur ma commande. Numéro de suivi : LP-2025-32833. Destination : Ezzahra. Prévu le le 11 déc.. Merci de votre retour.",RETARD_LIVRAISON,le 11 déc.,,,Ezzahra,LP-2025-32833,fr,False,"Bonjour Madame, Monsieur, Retard important sur ma commande. Numéro de suivi : LP-2025-32833. Destination : Ezzahra. Prévu le le 11 déc.. Merci de votre retour.",bonjour madame monsieur retard important sur ma commande numéro de suivi lp 2025 32833 destination ezzahra prévu le le 11 déc merci de votre retour,RETARD_LIVRAISON__fr
1670,"Coucou, Expérience terrible avec votre service à Hammamet. J'exige des explications. Merci beaucoup.",QUALITE_SERVICE,,,,Hammamet,,fr,False,"Coucou, Expérience terrible avec votre service à Hammamet. J'exige des explications. Merci beaucoup.",coucou expérience terrible avec votre service à hammamet j exige des explications merci beaucoup,QUALITE_SERVICE__fr
1633,"Bonjour, Erreur d'adresse : le colis EXP-2024-48866 est parti sur Ezzahra, moi je suis à Rome. Que faire ? Merci !",ERREUR_DESTINATION,,,,Ezzahra,EXP-2024-48866,fr,False,"Bonjour, Erreur d'adresse : le colis EXP-2024-48866 est parti sur Ezzahra, moi je suis à Rome. Que faire ? Merci !",bonjour erreur d adresse le colis exp 2024 48866 est parti sur ezzahra moi je suis à rome que faire merci,ERREUR_DESTINATION__fr
1596,"Je suis furieux, Le colis TRK-2024-24033 est marqué livré à Kasserine, mais je n'ai rien reçu. Je pense qu'il a été volé. Je ne veux plus jamais utiliser vos services!!!",PERTE_VOL,,,,Kasserine,TRK-2024-24033,fr,False,"Je suis furieux, Le colis __TRACKING__-24033 est marqué livré à Kasserine, mais je n'ai rien reçu. Je pense qu'il a été volé. Je ne veux plus jamais utiliser vos services!!!",je suis furieux le colis __tracking__ 24033 est marqué livré à kasserine mais je n ai rien reçu je pense qu il a été volé je ne veux plus jamais utiliser vos services,PERTE_VOL__fr
1651,C'est inadmissible ! Colis introuvable à Médenine. Ref CMR-2025-74291. Disparu depuis 1 an. Je vais résilier si ça continue.,PERTE_VOL,,365.0,,Médenine,CMR-2025-74291,fr,False,C'est inadmissible ! Colis introuvable à Médenine. Ref CMR-2025-74291. Disparu depuis 1 an. Je vais résilier si ça continue.,c est inadmissible colis introuvable à médenine ref cmr 2025 74291 disparu depuis 1 an je vais résilier si ça continue,PERTE_VOL__fr
2416,"Salut, Adresse de livraison ignorée. Envoi effectué vers Madrid au lieu de Bizerte. Merci beaucoup.",ERREUR_DESTINATION,,,,Madrid,,fr,False,"Salut, Adresse de livraison ignorée. Envoi effectué vers Madrid au lieu de Bizerte. Merci beaucoup.",salut adresse de livraison ignorée envoi effectué vers madrid au lieu de bizerte merci beaucoup,ERREUR_DESTINATION__fr
1862,"Madame, Monsieur, Le colis EXP-2023-74068 est marqué livré, mais je n'ai rien reçu. Je pense qu'il a été volé. Dans l'attente de votre réponse.",PERTE_VOL,,,,,EXP-2023-74068,fr,False,"Madame, Monsieur, Le colis EXP-2023-74068 est marqué livré, mais je n'ai rien reçu. Je pense qu'il a été volé. Dans l'attente de votre réponse.",madame monsieur le colis exp 2023 74068 est marqué livré mais je n ai rien reçu je pense qu il a été volé dans l attente de votre réponse,PERTE_VOL__fr
394,"Cher Service Client, Je n'ai jamais reçu mon colis BL-2025-59998. Il devait arriver à Tozeur le 5 septembre. Perdu ? Sincères salutations.",PERTE_VOL,05-sept.,,,Tozeur,BL-2025-59998,fr,False,"Cher Service Client, Je n'ai jamais reçu mon colis BL-2025-59998. Il devait arriver à Tozeur le 5 septembre. Perdu ? Sincères salutations.",cher service client je n ai jamais reçu mon colis bl 2025 59998 il devait arriver à tozeur le 5 septembre perdu sincères salutations,PERTE_VOL__fr
527,"Coucou, Le colis sans ref est bloqué à Manouba. Il devait aller à Médenine. Merci beaucoup.",ERREUR_DESTINATION,,,,Manouba,,fr,False,"Coucou, Le colis sans ref est bloqué à Manouba. Il devait aller à Médenine. Merci beaucoup.",coucou le colis sans ref est bloqué à manouba il devait aller à médenine merci beaucoup,ERREUR_DESTINATION__fr
1335,"Bonjour, Le tracking indique 'livré' à Béja le 12/06/2025, mais rien à la maison. Colis TRK-2026-83323 volé je pense. À bientôt.",PERTE_VOL,12/06/2025,,,Béja,TRK-2026-83323,fr,False,"Bonjour, Le tracking indique 'livré' à Béja le 12/06/2025, mais rien à la maison. Colis __TRACKING__-83323 volé je pense. À bientôt.",bonjour le tracking indique livré à béja le 12 06 2025 mais rien à la maison colis __tracking__ 83323 volé je pense à bientôt,PERTE_VOL__fr
914,"Coucou, Ma commande a totalement disparu. Numéro : COL-2023-92686.. Enquête urgente demandée. Merci !",PERTE_VOL,,,,,COL-2023-92686,fr,False,"Coucou, Ma commande a totalement disparu. Numéro : COL-2023-92686.. Enquête urgente demandée. Merci !",coucou ma commande a totalement disparu numéro col 2023 92686 enquête urgente demandée merci,PERTE_VOL__fr
191,"Bonsoir, Le colis référence inconnue est en retard de 36 jours. Dans l'attente de votre réponse.",RETARD_LIVRAISON,,36.0,,,,fr,False,"Bonsoir, Le colis référence inconnue est en retard de 36 jours. Dans l'attente de votre réponse.",bonsoir le colis référence inconnue est en retard de 36 jours dans l attente de votre réponse,RETARD_LIVRAISON__fr
1909,"Bonjour, Mon casque d'une valeur de 887.82dt est cassé à la réception. Adresse : Médenine. Merci d'avance.",PRODUIT_ENDOMMAGE,,,887.82dt,Médenine,,fr,False,"Bonjour, Mon casque d'une valeur de 887.82dt est cassé à la réception. Adresse : Médenine. Merci d'avance.",bonjour mon casque d une valeur de 887 82dt est cassé à la réception adresse médenine merci d avance,PRODUIT_ENDOMMAGE__fr
844,Colis introuvable. Dernier suivi le 19 juillet. Disparu depuis 3 mois. Merci !,PERTE_VOL,19-juil.,90.0,,,,fr,False,Colis introuvable. Dernier suivi le 19 juillet. Disparu depuis 3 mois. Merci !,colis introuvable dernier suivi le 19 juillet disparu depuis 3 mois merci,PERTE_VOL__fr
169,"Bonjour Madame, Monsieur, Facture incorrecte : on m'a facturé 245.13 dinars pour la livraison PKG-2026-80879 à Le Bardo, ce n'est pas le tarif convenu. Merci de votre retour.",FACTURATION_PAIEMENT,,,245.13 dinars,Le Bardo,PKG-2026-80879,fr,False,"Bonjour Madame, Monsieur, Facture incorrecte : on m'a facturé 245.13 dinars pour la livraison PKG-2026-80879 à Le Bardo, ce n'est pas le tarif convenu. Merci de votre retour.",bonjour madame monsieur facture incorrecte on m a facturé 245 13 dinars pour la livraison pkg 2026 80879 à le bardo ce n est pas le tarif convenu merci de votre retour,FACTURATION_PAIEMENT__fr
828,"Ça suffit maintenant, Bonjour, comment procéder au retour de ma commande ? Je souhaite un remboursement intégral de 1344dt. Dernière chance avant plainte officielle...",RETOUR_REMBOURSEMENT,,,1344dt,,,fr,False,"Ça suffit maintenant, Bonjour, comment procéder au retour de ma commande ? Je souhaite un remboursement intégral de 1344dt. Dernière chance avant plainte officielle...",ça suffit maintenant bonjour comment procéder au retour de ma commande je souhaite un remboursement intégral de 1344dt dernière chance avant plainte officielle,RETOUR_REMBOURSEMENT__fr
1182,"Coucou, Je veux annuler et être remboursé 572.22 TND. Commande TRK-2023-90021.",RETOUR_REMBOURSEMENT,,,572.22 TND,,TRK-2023-90021,fr,False,"Coucou, Je veux annuler et être remboursé 572.22 TND. Commande __TRACKING__-90021.",coucou je veux annuler et être remboursé 572 22 tnd commande __tracking__ 90021,RETOUR_REMBOURSEMENT__fr
496,"Bonjour, Comment obtenir une attestation de livraison ? Merci beaucoup.",AUTRE,,,,,,fr,False,"Bonjour, Comment obtenir une attestation de livraison ? Merci beaucoup.",bonjour comment obtenir une attestation de livraison merci beaucoup,AUTRE__fr
1118,"Madame, Monsieur, Souhaite ouvrir un compte pro pour mes envois. Volume mensuel estimé : 1620.14dt de frais. Basé à Ariana. Cordialement.",AUTRE,,,1620.14dt,Ariana,,fr,False,"Madame, Monsieur, Souhaite ouvrir un compte pro pour mes envois. Volume mensuel estimé : 1620.14dt de frais. Basé à Ariana. Cordialement.",madame monsieur souhaite ouvrir un compte pro pour mes envois volume mensuel estimé 1620 14dt de frais basé à ariana cordialement,AUTRE__fr
1399,"Bonsoir, Mon tablette est arrivé à Zaghouan le le 13 jui. completement cassé. Ref TR-2024-31488. Il coûtait 1366 eur. Merci de votre retour.",PRODUIT_ENDOMMAGE,le 13 jui.,,1366 eur,Zaghouan,TR-2024-31488,fr,True,"Bonsoir, Mon tablette est arrivé à Zaghouan le le 13 jui. completement cassé. Ref TR-2024-31488. Il coûtait 1366 eur. Merci de votre retour.",bonsoir mon tablette est arrivé à zaghouan le le 13 jui completement cassé ref tr 2024 31488 il coûtait 1366 eur merci de votre retour,PRODUIT_ENDOMMAGE__fr
1781,"Bonjour, Prélèvement erroné de 632dinars. Je patiente depuis 4 jours. Merci de rectifier. Dans l'attente de votre réponse.",FACTURATION_PAIEMENT,,4.0,632dinars,,,fr,False,"Bonjour, Prélèvement erroné de 632dinars. Je patiente depuis 4 jours. Merci de rectifier. Dans l'attente de votre réponse.",bonjour prélèvement erroné de 632dinars je patiente depuis 4 jours merci de rectifier dans l attente de votre réponse,FACTURATION_PAIEMENT__fr
237,"Ça suffit maintenant, Toujours pas livré à Béja. C'est long. Je veux parler à un responsable, IMMÉDIATEMENT.",RETARD_LIVRAISON,,,,Béja,,fr,False,"Ça suffit maintenant, Toujours pas livré à Béja. C'est long. Je veux parler à un responsable, IMMÉDIATEMENT.",ça suffit maintenant toujours pas livré à béja c est long je veux parler à un responsable immédiatement,RETARD_LIVRAISON__fr
508,"Reception d'un colis défectueux. TR-2026-26401. L'article est brisé, inutilisable en l'état. Je veux parler à un responsable, IMMÉDIATEMENT.",PRODUIT_ENDOMMAGE,,,,,TR-2026-26401,fr,False,"Reception d'un colis défectueux. TR-2026-26401. L'article est brisé, inutilisable en l'état. Je veux parler à un responsable, IMMÉDIATEMENT.",reception d un colis défectueux tr 2026 26401 l article est brisé inutilisable en l état je veux parler à un responsable immédiatement,PRODUIT_ENDOMMAGE__fr
1879,"Bonjour, J'ai été débité deux fois 147.05 dinars pour la même commande. Merci d'avance.",FACTURATION_PAIEMENT,,,147.05 dinars,,,fr,False,"Bonjour, J'ai été débité deux fois 147.05 dinars pour la même commande. Merci d'avance.",bonjour j ai été débité deux fois 147 05 dinars pour la même commande merci d avance,FACTURATION_PAIEMENT__fr
164,"Bonsoir, Le prix affiché était différent : 1119.47 dinars au lieu du montant annoncé. Sincères salutations.",FACTURATION_PAIEMENT,,,1119.47 dinars,,,fr,False,"Bonsoir, Le prix affiché était différent : 1119.47 dinars au lieu du montant annoncé. Sincères salutations.",bonsoir le prix affiché était différent 1119 47 dinars au lieu du montant annoncé sincères salutations,FACTURATION_PAIEMENT__fr
1439,"Salut, Colis introuvable. Ref LP-2026-40949. À bientôt.",PERTE_VOL,,,,,LP-2026-40949,fr,False,"Salut, Colis introuvable. Ref LP-2026-40949. À bientôt.",salut colis introuvable ref lp 2026 40949 à bientôt,PERTE_VOL__fr
1102,"Hello, Ma commande BL-2024-92221 devait arriver, toujours rien reçu, ça fait 3 semaines. Merci !",RETARD_LIVRAISON,,21.0,,,BL-2024-92221,fr,False,"Hello, Ma commande BL-2024-92221 devait arriver, toujours rien reçu, ça fait 3 semaines. Merci !",hello ma commande bl 2024 92221 devait arriver toujours rien reçu ça fait 3 semaines merci,RETARD_LIVRAISON__fr
432,"Cher Service Client, Reception d'un colis défectueux. EXP-2026-93309. L'article est brisé, inutilisable en l'état. Cordialement.",PRODUIT_ENDOMMAGE,,,,,EXP-2026-93309,fr,False,"Cher Service Client, Reception d'un colis défectueux. EXP-2026-93309. L'article est brisé, inutilisable en l'état. Cordialement.",cher service client reception d un colis défectueux exp 2026 93309 l article est brisé inutilisable en l état cordialement,PRODUIT_ENDOMMAGE__fr
1313,"Cher Service Client, Je veux annuler et être remboursé Dans l'attente de votre réponse.",RETOUR_REMBOURSEMENT,,,,,,fr,False,"Cher Service Client, Je veux annuler et être remboursé Dans l'attente de votre réponse.",cher service client je veux annuler et être remboursé dans l attente de votre réponse,RETOUR_REMBOURSEMENT__fr
1196,"Bonjour, Mon casque est arrivé completement cassé. Ref EXP-2026-43411. Il coûtait 555.22 euros. Merci beaucoup.",PRODUIT_ENDOMMAGE,,,555.22 euros,,EXP-2026-43411,fr,True,"Bonjour, Mon casque est arrivé completement cassé. Ref EXP-2026-43411. Il coûtait 555.22 euros. Merci beaucoup.",bonjour mon casque est arrivé completement cassé ref exp 2026 43411 il coûtait 555 22 euros merci beaucoup,PRODUIT_ENDOMMAGE__fr
2144,"Madame, Monsieur, Toujours pas livré à Monastir, colis ADR-2023-89609, 59 jours de retard. C'est long. Bien à vous.",RETARD_LIVRAISON,,59.0,,Monastir,ADR-2023-89609,fr,False,"Madame, Monsieur, Toujours pas livré à Monastir, colis ADR-2023-89609, 59 jours de retard. C'est long. Bien à vous.",madame monsieur toujours pas livré à monastir colis adr 2023 89609 59 jours de retard c est long bien à vous,RETARD_LIVRAISON__fr
860,Le livreur a été très impoli. Comportement inadmissible. J'exige une réponse immédiate...,QUALITE_SERVICE,,,,,,fr,False,Le livreur a été très impoli. Comportement inadmissible. J'exige une réponse immédiate...,le livreur a été très impoli comportement inadmissible j exige une réponse immédiate,QUALITE_SERVICE__fr
228,"Bonsoir, Je veux annuler et être remboursé. Commande ADR-2025-70616. Merci d'avance.",RETOUR_REMBOURSEMENT,,,,,ADR-2025-70616,fr,False,"Bonsoir, Je veux annuler et être remboursé. Commande ADR-2025-70616. Merci d'avance.",bonsoir je veux annuler et être remboursé commande adr 2025 70616 merci d avance,RETOUR_REMBOURSEMENT__fr
1966,"Bonsoir, Ma commande a totalement disparu. Numéro : CMR-2024-14795. Livraison Marseille. Enquête urgente demandée. Dans l'attente de votre réponse.",PERTE_VOL,,,,Marseille,CMR-2024-14795,fr,False,"Bonsoir, Ma commande a totalement disparu. Numéro : CMR-2024-14795. Livraison Marseille. Enquête urgente demandée. Dans l'attente de votre réponse.",bonsoir ma commande a totalement disparu numéro cmr 2024 14795 livraison marseille enquête urgente demandée dans l attente de votre réponse,PERTE_VOL__fr
223,"Écoutez, Bonjour, je devais recevoir mon colis EXP-2024-69682 le 15/08/2025, et rien n'est arrivé depuis 50 jours. Je ne veux plus jamais utiliser vos services.",RETARD_LIVRAISON,15/08/2025,50.0,,,EXP-2024-69682,fr,False,"Écoutez, Bonjour, je devais recevoir mon colis EXP-2024-69682 le 15/08/2025, et rien n'est arrivé depuis 50 jours. Je ne veux plus jamais utiliser vos services.",écoutez bonjour je devais recevoir mon colis exp 2024 69682 le 15 08 2025 et rien n est arrivé depuis 50 jours je ne veux plus jamais utiliser vos services,RETARD_LIVRAISON__fr
638,"Bonjour, J'ai contacté votre support, personne ne répond. C'est très décevant. Je veux parler à un responsable, IMMÉDIATEMENT.",QUALITE_SERVICE,,,,,,fr,False,"Bonjour, J'ai contacté votre support, personne ne répond. C'est très décevant. Je veux parler à un responsable, IMMÉDIATEMENT.",bonjour j ai contacté votre support personne ne répond c est très décevant je veux parler à un responsable immédiatement,QUALITE_SERVICE__fr
2260,"Bonsoir, Je n'ai jamais reçu mon colis BL-2023-70737 le 28/03/2025. Perdu ? Cordialement.",PERTE_VOL,28/03/2025,,,,BL-2023-70737,fr,False,"Bonsoir, Je n'ai jamais reçu mon colis BL-2023-70737 le 28/03/2025. Perdu ? Cordialement.",bonsoir je n ai jamais reçu mon colis bl 2023 70737 le 28 03 2025 perdu cordialement,PERTE_VOL__fr
2379,"Cher Service Client, Produit reçu abîmé. Emballage détruit. Numéro BL-2026-26044. Livraison Sousse. J attends depuis 56 jours un geste. Bien à vous.",PRODUIT_ENDOMMAGE,,56.0,,Sousse,BL-2026-26044,fr,False,"Cher Service Client, Produit reçu abîmé. Emballage détruit. Numéro BL-2026-26044. Livraison Sousse. J attends depuis 56 jours un geste. Bien à vous.",cher service client produit reçu abîmé emballage détruit numéro bl 2026 26044 livraison sousse j attends depuis 56 jours un geste bien à vous,PRODUIT_ENDOMMAGE__fr
604,"Bonjour Madame, Monsieur, Le prix affiché était différent : 1060 dt au lieu du montant annoncé. Commande ADR-2026-23237. Sincères salutations.",FACTURATION_PAIEMENT,,,1060 dt,,ADR-2026-23237,fr,False,"Bonjour Madame, Monsieur, Le prix affiché était différent : 1060 dt au lieu du montant annoncé. Commande ADR-2026-23237. Sincères salutations.",bonjour madame monsieur le prix affiché était différent 1060 dt au lieu du montant annoncé commande adr 2026 23237 sincères salutations,FACTURATION_PAIEMENT__fr
320,"Salut, J'attends toujours mon remboursement de 99,83 TND. Cela fait 2 mois. C'est long !",RETOUR_REMBOURSEMENT,,60.0,"99,83 TND",,,fr,False,"Salut, J'attends toujours mon remboursement de 99,83 TND. Cela fait 2 mois. C'est long !",salut j attends toujours mon remboursement de 99 83 tnd cela fait 2 mois c est long,RETOUR_REMBOURSEMENT__fr
2086,Livraison en retard à Marseille. Merci d'avance.,RETARD_LIVRAISON,,,,Marseille,,fr,False,Livraison en retard à Marseille. Merci d'avance.,livraison en retard à marseille merci d avance,RETARD_LIVRAISON__fr
937,"Bonsoir, Colis TR-2023-23431 endommagé. Le carton était perforé, le contenu est HS. Sincères salutations.",PRODUIT_ENDOMMAGE,,,,,TR-2023-23431,fr,False,"Bonsoir, Colis TR-2023-23431 endommagé. Le carton était perforé, le contenu est HS. Sincères salutations.",bonsoir colis tr 2023 23431 endommagé le carton était perforé le contenu est hs sincères salutations,PRODUIT_ENDOMMAGE__fr
1665,"Bonjour Madame, Monsieur, Mon colis LP-2026-65712 a été livré à Rabat alors que j'habite à Hammamet. Merci d'avance.",ERREUR_DESTINATION,,,,Rabat,LP-2026-65712,fr,False,"Bonjour Madame, Monsieur, Mon colis LP-2026-65712 a été livré à Rabat alors que j'habite à Hammamet. Merci d'avance.",bonjour madame monsieur mon colis lp 2026 65712 a été livré à rabat alors que j habite à hammamet merci d avance,ERREUR_DESTINATION__fr
467,"Bonjour, Simple question : puis-je changer l'adresse de livraison ? Merci beaucoup.",AUTRE,,,,,,fr,False,"Bonjour, Simple question : puis-je changer l'adresse de livraison ? Merci beaucoup.",bonjour simple question puis je changer l adresse de livraison merci beaucoup,AUTRE__fr
1067,"Cher Service Client, Aucun professionnalisme à Berlin. Personne ne rappelle. Dans l'attente de votre réponse.",QUALITE_SERVICE,,,,Berlin,,fr,False,"Cher Service Client, Aucun professionnalisme à Berlin. Personne ne rappelle. Dans l'attente de votre réponse.",cher service client aucun professionnalisme à berlin personne ne rappelle dans l attente de votre réponse,QUALITE_SERVICE__fr
98,"Je suis furieux, Question générale : quels sont vos horaires d'ouverture ? C'est inacceptable !",AUTRE,,,,,,fr,False,"Je suis furieux, Question générale : quels sont vos horaires d'ouverture ? C'est inacceptable !",je suis furieux question générale quels sont vos horaires d ouverture c est inacceptable,AUTRE__fr
318,"Bonsoir, Bonjour, comment procéder au retour de ma commande ? Je souhaite un remboursement intégral de 1079eur. Bien à vous.",RETOUR_REMBOURSEMENT,,,1079eur,,,fr,True,"Bonsoir, Bonjour, comment procéder au retour de ma commande ? Je souhaite un remboursement intégral de 1079eur. Bien à vous.",bonsoir bonjour comment procéder au retour de ma commande je souhaite un remboursement intégral de 1079eur bien à vous,RETOUR_REMBOURSEMENT__fr
2393,"Bonjour Madame, Monsieur, Colis introuvable à Gafsa. Ref ADR-2024-51719. Dernier suivi le 2024-01-04. Disparu depuis 2 jours. Merci d'avance.",PERTE_VOL,04/01/2024,2.0,,Gafsa,ADR-2024-51719,fr,False,"Bonjour Madame, Monsieur, Colis introuvable à Gafsa. Ref ADR-2024-51719. Dernier suivi le 2024-01-04. Disparu depuis 2 jours. Merci d'avance.",bonjour madame monsieur colis introuvable à gafsa ref adr 2024 51719 dernier suivi le 2024 01 04 disparu depuis 2 jours merci d avance,PERTE_VOL__fr
617,"Bonjour, Livreur arrivé à Médenine le 25/02/2024, n'a même pas sonné. Colis déposé n'importe où. Dans l'attente de votre réponse.",QUALITE_SERVICE,25/02/2024,,,Médenine,,fr,False,"Bonjour, Livreur arrivé à Médenine le 25/02/2024, n'a même pas sonné. Colis déposé n'importe où. Dans l'attente de votre réponse.",bonjour livreur arrivé à médenine le 25 02 2024 n a même pas sonné colis déposé n importe où dans l attente de votre réponse,QUALITE_SERVICE__fr
430,"Bonsoir, Bonjour, comment vous joindre par téléphone ? Je patiente depuis 4 semaines. Dans l'attente de votre réponse.",AUTRE,,28.0,,,,fr,False,"Bonsoir, Bonjour, comment vous joindre par téléphone ? Je patiente depuis 4 semaines. Dans l'attente de votre réponse.",bonsoir bonjour comment vous joindre par téléphone je patiente depuis 4 semaines dans l attente de votre réponse,AUTRE__fr
2183,"Madame, Monsieur, Colis introuvable à Casablanca. Ref PKG-2024-48318. Dernier suivi le 21/09. Disparu depuis 52 jours. Merci de votre retour.",PERTE_VOL,21-sept.,52.0,,Casablanca,PKG-2024-48318,fr,False,"Madame, Monsieur, Colis introuvable à Casablanca. Ref PKG-2024-48318. Dernier suivi le 21/09. Disparu depuis 52 jours. Merci de votre retour.",madame monsieur colis introuvable à casablanca ref pkg 2024 48318 dernier suivi le 21 09 disparu depuis 52 jours merci de votre retour,PERTE_VOL__fr
1537,"Écoutez, Le tracking indique 'livré' le le 20 fév., mais rien à la maison. Colis inconnu volé je pense. Je saisirai un avocat si rien ne bouge...",PERTE_VOL,le 20 fév.,,,,,fr,False,"Écoutez, Le tracking indique 'livré' le le 20 fév., mais rien à la maison. Colis inconnu volé je pense. Je saisirai un avocat si rien ne bouge...",écoutez le tracking indique livré le le 20 fév mais rien à la maison colis inconnu volé je pense je saisirai un avocat si rien ne bouge,PERTE_VOL__fr
1786,"Salut, Colis expédié vers Béja par erreur le 22/04. Ma vraie adresse est à Tozeur (colis EXP-2026-30229). À corriger.",ERREUR_DESTINATION,22-avr.,,,Béja,EXP-2026-30229,fr,False,"Salut, Colis expédié vers Béja par erreur le 22/04. Ma vraie adresse est à Tozeur (colis EXP-2026-30229). À corriger.",salut colis expédié vers béja par erreur le 22 04 ma vraie adresse est à tozeur colis exp 2026 30229 à corriger,ERREUR_DESTINATION__fr
1845,"Je suis furieux, J'attends toujours mon REMBOURSEMENT de 1221.63 dt promis le 01/05/2024. C'est long ! Dernière chance avant plainte officielle.",RETOUR_REMBOURSEMENT,01/05/2024,,1221.63 dt,,,fr,False,"Je suis furieux, J'attends toujours mon REMBOURSEMENT de 1221.63 dt promis le 01/05/2024. C'est long ! Dernière chance avant plainte officielle.",je suis furieux j attends toujours mon remboursement de 1221 63 dt promis le 01 05 2024 c est long dernière chance avant plainte officielle,RETOUR_REMBOURSEMENT__fr
1835,"Salut, J'ai été débité deux fois 301dt pour la même commande TRK-2025-69171 le jeudi. Merci d'avance.",FACTURATION_PAIEMENT,jeudi,,301dt,,TRK-2025-69171,fr,False,"Salut, J'ai été débité deux fois 301dt pour la même commande __TRACKING__-69171 le jeudi. Merci d'avance.",salut j ai été débité deux fois 301dt pour la même commande __tracking__ 69171 le jeudi merci d avance,FACTURATION_PAIEMENT__fr
690,"Madame, Monsieur, Erreur d'adresse : le colis COL-2026-23489 est parti sur Mahdia, moi je suis à Le Bardo. Que faire ? Sincères salutations.",ERREUR_DESTINATION,,,,Mahdia,COL-2026-23489,fr,False,"Madame, Monsieur, Erreur d'adresse : le colis COL-2026-23489 est parti sur Mahdia, moi je suis à Le Bardo. Que faire ? Sincères salutations.",madame monsieur erreur d adresse le colis col 2026 23489 est parti sur mahdia moi je suis à le bardo que faire sincères salutations,ERREUR_DESTINATION__fr
185,"Salut, Mon clavier d'une valeur de quelques centaines est cassé à la réception. Colis BL-2024-70402.",PRODUIT_ENDOMMAGE,,,,,BL-2024-70402,fr,False,"Salut, Mon clavier d'une valeur de quelques centaines est cassé à la réception. Colis BL-2024-70402.",salut mon clavier d une valeur de quelques centaines est cassé à la réception colis bl 2024 70402,PRODUIT_ENDOMMAGE__fr
365,"Bonjour, On m'a livré à la mauvaise ville. Numéro ADR-2025-64959. Destination erronée : Le Bardo. Correcte : Nabeul. Dans l'attente de votre réponse.",ERREUR_DESTINATION,,,,Le Bardo,ADR-2025-64959,fr,False,"Bonjour, On m'a livré à la mauvaise ville. Numéro ADR-2025-64959. Destination erronée : Le Bardo. Correcte : Nabeul. Dans l'attente de votre réponse.",bonjour on m a livré à la mauvaise ville numéro adr 2025 64959 destination erronée le bardo correcte nabeul dans l attente de votre réponse,ERREUR_DESTINATION__fr
1061,"Bonjour, La boîte du colis BL-2026-62989 est arrivée écrasée et le produit est cassé. Bien à vous.",PRODUIT_ENDOMMAGE,,,,,BL-2026-62989,fr,False,"Bonjour, La boîte du colis BL-2026-62989 est arrivée écrasée et le produit est cassé. Bien à vous.",bonjour la boîte du colis bl 2026 62989 est arrivée écrasée et le produit est cassé bien à vous,PRODUIT_ENDOMMAGE__fr
806,"Coucou, J'attends toujours mon remboursement de 1621,66 eur promis le 2024-09-30. Cela fait 2 mois. C'est long ! Merci d'avance.",RETOUR_REMBOURSEMENT,30/09/2024,60.0,"1621,66 eur",,,fr,True,"Coucou, J'attends toujours mon remboursement de 1621,66 eur promis le 2024-09-30. Cela fait 2 mois. C'est long ! Merci d'avance.",coucou j attends toujours mon remboursement de 1621 66 eur promis le 2024 09 30 cela fait 2 mois c est long merci d avance,RETOUR_REMBOURSEMENT__fr
1104,"Bonsoir, La boîte du colis BL-2026-43222 est arrivée écrasée à Sfax et tout est en miettes. Sincères salutations.",PRODUIT_ENDOMMAGE,,,,Sfax,BL-2026-43222,fr,False,"Bonsoir, La boîte du colis BL-2026-43222 est arrivée écrasée à Sfax et tout est en miettes. Sincères salutations.",bonsoir la boîte du colis bl 2026 43222 est arrivée écrasée à sfax et tout est en miettes sincères salutations,PRODUIT_ENDOMMAGE__fr
1355,"Madame, Monsieur, Le prix affiché était différent : 1800.48 EUR au lieu du montant annoncé. Dans l'attente de votre réponse.",FACTURATION_PAIEMENT,,,1800.48 EUR,,,fr,True,"Madame, Monsieur, Le prix affiché était différent : 1800.48 EUR au lieu du montant annoncé. Dans l'attente de votre réponse.",madame monsieur le prix affiché était différent 1800 48 eur au lieu du montant annoncé dans l attente de votre réponse,FACTURATION_PAIEMENT__fr
1747,"Le colis COL-2024-34999 est marqué livré à Médenine le 23/05, mais je n'ai rien reçu. Je pense qu'il a été volé. Réagissez !...",PERTE_VOL,23-mai,,,Médenine,COL-2024-34999,fr,False,"Le colis COL-2024-34999 est marqué livré à Médenine le 23/05, mais je n'ai rien reçu. Je pense qu'il a été volé. Réagissez !...",le colis col 2024 34999 est marqué livré à médenine le 23 05 mais je n ai rien reçu je pense qu il a été volé réagissez,PERTE_VOL__fr
993,"Salut, Reception d'un colis défectueux. L'article est brisé, inutilisable en l'état. Merci d'avance.",PRODUIT_ENDOMMAGE,,,,,,fr,False,"Salut, Reception d'un colis défectueux. L'article est brisé, inutilisable en l'état. Merci d'avance.",salut reception d un colis défectueux l article est brisé inutilisable en l état merci d avance,PRODUIT_ENDOMMAGE__fr
1031,"Bonjour Madame, Monsieur, Ma commande a totalement disparu. Numéro : TRK-2024-15739. prévue le 2025-06-07. Enquête urgente demandée. Dans l'attente de votre réponse.",PERTE_VOL,07/06/2025,,,,TRK-2024-15739,fr,False,"Bonjour Madame, Monsieur, Ma commande a totalement disparu. Numéro : __TRACKING__-15739. prévue le 2025-06-07. Enquête urgente demandée. Dans l'attente de votre réponse.",bonjour madame monsieur ma commande a totalement disparu numéro __tracking__ 15739 prévue le 2025 06 07 enquête urgente demandée dans l attente de votre réponse,PERTE_VOL__fr
335,Produit reçu abîmé. Emballage détruit. Numéro PKG-2025-33840. Livraison Djerba. J attends un geste. Merci beaucoup.,PRODUIT_ENDOMMAGE,,,,Djerba,PKG-2025-33840,fr,False,Produit reçu abîmé. Emballage détruit. Numéro PKG-2025-33840. Livraison Djerba. J attends un geste. Merci beaucoup.,produit reçu abîmé emballage détruit numéro pkg 2025 33840 livraison djerba j attends un geste merci beaucoup,PRODUIT_ENDOMMAGE__fr
2389,"Je suis furieux, Ma commande TRK-2025-98766 devait arriver à Kairouan, toujours rien reçu, ça fait 25 jours. Réagissez !",RETARD_LIVRAISON,,25.0,,Kairouan,TRK-2025-98766,fr,False,"Je suis furieux, Ma commande __TRACKING__-98766 devait arriver à Kairouan, toujours rien reçu, ça fait 25 jours. Réagissez !",je suis furieux ma commande __tracking__ 98766 devait arriver à kairouan toujours rien reçu ça fait 25 jours réagissez,RETARD_LIVRAISON__fr
2234,"Bonjour, Aucune nouvelle de ma livraison. Attendue à Bruxelles. Cela fait plusieurs jours d'attente. Dans l'attente de votre réponse.",RETARD_LIVRAISON,,,,Bruxelles,,fr,False,"Bonjour, Aucune nouvelle de ma livraison. Attendue à Bruxelles. Cela fait plusieurs jours d'attente. Dans l'attente de votre réponse.",bonjour aucune nouvelle de ma livraison attendue à bruxelles cela fait plusieurs jours d attente dans l attente de votre réponse,RETARD_LIVRAISON__fr
99,"Madame, Monsieur, Mon montre d'une valeur de 776.20EUR est cassé à la réception. Adresse : Kasserine. Dans l'attente de votre réponse.",PRODUIT_ENDOMMAGE,,,776.20EUR,Kasserine,,fr,True,"Madame, Monsieur, Mon montre d'une valeur de 776.20EUR est cassé à la réception. Adresse : Kasserine. Dans l'attente de votre réponse.",madame monsieur mon montre d une valeur de 776 20eur est cassé à la réception adresse kasserine dans l attente de votre réponse,PRODUIT_ENDOMMAGE__fr
457,"Cher Service Client, J'attends toujours mon remboursement de 1491eur. Cela fait 8 semaines. C'est long ! Dans l'attente de votre réponse.",RETOUR_REMBOURSEMENT,,56.0,1491eur,,,fr,True,"Cher Service Client, J'attends toujours mon remboursement de 1491eur. Cela fait 8 semaines. C'est long ! Dans l'attente de votre réponse.",cher service client j attends toujours mon remboursement de 1491eur cela fait 8 semaines c est long dans l attente de votre réponse,RETOUR_REMBOURSEMENT__fr
919,C'est inadmissible ! Service client injoignable. Attente depuis 72h. Aucune réponse. Dernière chance avant plainte officielle.,QUALITE_SERVICE,,3.0,,,,fr,False,C'est inadmissible ! Service client injoignable. Attente depuis 72h. Aucune réponse. Dernière chance avant plainte officielle.,c est inadmissible service client injoignable attente depuis 72h aucune réponse dernière chance avant plainte officielle,QUALITE_SERVICE__fr
1308,"Bonjour, Je souhaite retourner ma commande BL-2024-42070 et être remboursé. Merci. Sincères salutations.",RETOUR_REMBOURSEMENT,,,,,BL-2024-42070,fr,False,"Bonjour, Je souhaite retourner ma commande BL-2024-42070 et être remboursé. Merci. Sincères salutations.",bonjour je souhaite retourner ma commande bl 2024 42070 et être remboursé merci sincères salutations,RETOUR_REMBOURSEMENT__fr
1289,"Colis TR-2024-40698 égaré dans le circuit. Départ Zaghouan. Bloqué depuis 25 jours. Je VEUX parler à un responsable, IMMÉDIATEMENT!!!",PERTE_VOL,,25.0,,Zaghouan,TR-2024-40698,fr,False,"Colis TR-2024-40698 égaré dans le circuit. Départ Zaghouan. Bloqué depuis 25 jours. Je VEUX parler à un responsable, IMMÉDIATEMENT!!!",colis tr 2024 40698 égaré dans le circuit départ zaghouan bloqué depuis 25 jours je veux parler à un responsable immédiatement,PERTE_VOL__fr
109,"Bonjour, Le tracking indique 'livré' à Sousse, mais rien à la maison. Colis TRK-2023-60272 volé je pense. Merci beaucoup.",PERTE_VOL,,,,Sousse,TRK-2023-60272,fr,False,"Bonjour, Le tracking indique 'livré' à Sousse, mais rien à la maison. Colis __TRACKING__-60272 volé je pense. Merci beaucoup.",bonjour le tracking indique livré à sousse mais rien à la maison colis __tracking__ 60272 volé je pense merci beaucoup,PERTE_VOL__fr
870,"Bonsoir, Double prélèvement : 1987.29 eur le jour même. À corriger d'urgence. Sincères salutations.",FACTURATION_PAIEMENT,,,1987.29 eur,,,fr,True,"Bonsoir, Double prélèvement : 1987.29 eur le jour même. À corriger d'urgence. Sincères salutations.",bonsoir double prélèvement 1987 29 eur le jour même à corriger d urgence sincères salutations,FACTURATION_PAIEMENT__fr
323,"Ça suffit maintenant, Mon téléphone est arrivé à Gafsa le 2 décembre completement cassé. Ref PKG-2023-78454. Réagissez !!!",PRODUIT_ENDOMMAGE,02-d?.,,,Gafsa,PKG-2023-78454,fr,False,"Ça suffit maintenant, Mon téléphone est arrivé à Gafsa le 2 décembre completement cassé. Ref PKG-2023-78454. Réagissez !!!",ça suffit maintenant mon téléphone est arrivé à gafsa le 2 décembre completement cassé ref pkg 2023 78454 réagissez,PRODUIT_ENDOMMAGE__fr
1780,"Bonjour Madame, Monsieur, Demande de remboursement de 272euros pour le colis PKG-2026-40227 commandé le 11/10/2024. Produit non conforme. Merci de votre retour.",RETOUR_REMBOURSEMENT,11/10/2024,,272euros,,PKG-2026-40227,fr,True,"Bonjour Madame, Monsieur, Demande de remboursement de 272euros pour le colis PKG-2026-40227 commandé le 11/10/2024. Produit non conforme. Merci de votre retour.",bonjour madame monsieur demande de remboursement de 272euros pour le colis pkg 2026 40227 commandé le 11 10 2024 produit non conforme merci de votre retour,RETOUR_REMBOURSEMENT__fr
1840,"Madame, Monsieur, Produit reçu abîmé. Emballage détruit. Numéro BL-2023-57635. J attends un geste. Merci de votre retour.",PRODUIT_ENDOMMAGE,,,,,BL-2023-57635,fr,False,"Madame, Monsieur, Produit reçu abîmé. Emballage détruit. Numéro BL-2023-57635. J attends un geste. Merci de votre retour.",madame monsieur produit reçu abîmé emballage détruit numéro bl 2023 57635 j attends un geste merci de votre retour,PRODUIT_ENDOMMAGE__fr
969,"Cher Service Client, On m'a livré à la mauvaise ville. Numéro TRK-2025-90135. Destination erronée : Hammamet. Correcte : Kairouan. Merci de votre retour.",ERREUR_DESTINATION,,,,Hammamet,TRK-2025-90135,fr,False,"Cher Service Client, On m'a livré à la mauvaise ville. Numéro __TRACKING__-90135. Destination erronée : Hammamet. Correcte : Kairouan. Merci de votre retour.",cher service client on m a livré à la mauvaise ville numéro __tracking__ 90135 destination erronée hammamet correcte kairouan merci de votre retour,ERREUR_DESTINATION__fr
1914,"Bonjour, Produit reçu abîmé. Emballage détruit. Numéro TRK-2025-54850. Livraison Rabat. J attends un geste. Dans l'attente de votre réponse.",PRODUIT_ENDOMMAGE,,,,Rabat,TRK-2025-54850,fr,False,"Bonjour, Produit reçu abîmé. Emballage détruit. Numéro __TRACKING__-54850. Livraison Rabat. J attends un geste. Dans l'attente de votre réponse.",bonjour produit reçu abîmé emballage détruit numéro __tracking__ 54850 livraison rabat j attends un geste dans l attente de votre réponse,PRODUIT_ENDOMMAGE__fr
1724,"Madame, Monsieur, Facture incorrecte : on m'a facturé 1949.68€ à Rome, ce n'est pas le tarif convenu. Bien à vous.",FACTURATION_PAIEMENT,,,1949.68€,Rome,,fr,True,"Madame, Monsieur, Facture incorrecte : on m'a facturé 1949.68€ à Rome, ce n'est pas le tarif convenu. Bien à vous.",madame monsieur facture incorrecte on m a facturé 1949 68 à rome ce n est pas le tarif convenu bien à vous,FACTURATION_PAIEMENT__fr
1905,"Bonjour Madame, Monsieur, Simple question : puis-je changer l'adresse de livraison pour El Menzah ? Merci de votre retour.",AUTRE,,,,El Menzah,,fr,False,"Bonjour Madame, Monsieur, Simple question : puis-je changer l'adresse de livraison pour El Menzah ? Merci de votre retour.",bonjour madame monsieur simple question puis je changer l adresse de livraison pour el menzah merci de votre retour,AUTRE__fr
1135,"Salut, Souhaite ouvrir un compte pro pour mes envois. À bientôt.",AUTRE,,,,,,fr,False,"Salut, Souhaite ouvrir un compte pro pour mes envois. À bientôt.",salut souhaite ouvrir un compte pro pour mes envois à bientôt,AUTRE__fr
403,"Bonjour, Demande de remboursement de la somme payée. Produit non conforme. Bien à vous.",RETOUR_REMBOURSEMENT,,,,,,fr,False,"Bonjour, Demande de remboursement de la somme payée. Produit non conforme. Bien à vous.",bonjour demande de remboursement de la somme payée produit non conforme bien à vous,RETOUR_REMBOURSEMENT__fr
2431,"Cher Service Client, Ma commande LP-2026-37917 devait arriver à Ben Arous, toujours rien reçu. Dans l'attente de votre réponse.",RETARD_LIVRAISON,,,,Ben Arous,LP-2026-37917,fr,False,"Cher Service Client, Ma commande LP-2026-37917 devait arriver à Ben Arous, toujours rien reçu. Dans l'attente de votre réponse.",cher service client ma commande lp 2026 37917 devait arriver à ben arous toujours rien reçu dans l attente de votre réponse,RETARD_LIVRAISON__fr
2113,"Madame, Monsieur, Marchandise arrivée déchirée. Colis BL-2025-19020. Plusieurs articles sont rayés et inutilisables. Merci de votre retour.",PRODUIT_ENDOMMAGE,,,,,BL-2025-19020,fr,False,"Madame, Monsieur, Marchandise arrivée déchirée. Colis BL-2025-19020. Plusieurs articles sont rayés et inutilisables. Merci de votre retour.",madame monsieur marchandise arrivée déchirée colis bl 2025 19020 plusieurs articles sont rayés et inutilisables merci de votre retour,PRODUIT_ENDOMMAGE__fr
1755,Mon clavier d'une valeur de quelques centaines est cassé à la réception. Colis TR-2025-32428. Adresse : Béja. Merci d'avance.,PRODUIT_ENDOMMAGE,,,,Béja,TR-2025-32428,fr,False,Mon clavier d'une valeur de quelques centaines est cassé à la réception. Colis TR-2025-32428. Adresse : Béja. Merci d'avance.,mon clavier d une valeur de quelques centaines est cassé à la réception colis tr 2025 32428 adresse béja merci d avance,PRODUIT_ENDOMMAGE__fr
1448,"Hello, Le colis CMR-2026-60995 est bloqué à Béja. Il devait aller à Milan. Merci !",ERREUR_DESTINATION,,,,Béja,CMR-2026-60995,fr,False,"Hello, Le colis CMR-2026-60995 est bloqué à Béja. Il devait aller à Milan. Merci !",hello le colis cmr 2026 60995 est bloqué à béja il devait aller à milan merci,ERREUR_DESTINATION__fr
1421,"Madame, Monsieur, Marchandise arrivée déchirée. Colis EXP-2025-30169. Plusieurs articles sont rayés et inutilisables. Cordialement.",PRODUIT_ENDOMMAGE,,,,,EXP-2025-30169,fr,False,"Madame, Monsieur, Marchandise arrivée déchirée. Colis EXP-2025-30169. Plusieurs articles sont rayés et inutilisables. Cordialement.",madame monsieur marchandise arrivée déchirée colis exp 2025 30169 plusieurs articles sont rayés et inutilisables cordialement,PRODUIT_ENDOMMAGE__fr
184,"Madame, Monsieur, Bonjour, demande de devis pour un envoi de 4 tonnes vers Ariana. Bien à vous.",AUTRE,,,,Ariana,,fr,False,"Madame, Monsieur, Bonjour, demande de devis pour un envoi de 4 tonnes vers Ariana. Bien à vous.",madame monsieur bonjour demande de devis pour un envoi de 4 tonnes vers ariana bien à vous,AUTRE__fr
297,"Bonjour, Mon téléphone d'une valeur de quelques centaines est cassé à la réception. Adresse : El Menzah.",PRODUIT_ENDOMMAGE,,,,El Menzah,,fr,False,"Bonjour, Mon téléphone d'une valeur de quelques centaines est cassé à la réception. Adresse : El Menzah.",bonjour mon téléphone d une valeur de quelques centaines est cassé à la réception adresse el menzah,PRODUIT_ENDOMMAGE__fr
59,"Madame, Monsieur, Retour + remboursement svp. Ref LP-2023-79243. Le produit ne me convient pas. Bien à vous.",RETOUR_REMBOURSEMENT,,,,,LP-2023-79243,fr,False,"Madame, Monsieur, Retour + remboursement svp. Ref LP-2023-79243. Le produit ne me convient pas. Bien à vous.",madame monsieur retour remboursement svp ref lp 2023 79243 le produit ne me convient pas bien à vous,RETOUR_REMBOURSEMENT__fr
2156,"Ça suffit maintenant, Le colis ADR-2024-87794 est en retard de 6 semaines. Livraison prévue à Tozeur. Dernière chance avant plainte officielle.",RETARD_LIVRAISON,,42.0,,Tozeur,ADR-2024-87794,fr,False,"Ça suffit maintenant, Le colis ADR-2024-87794 est en retard de 6 semaines. Livraison prévue à Tozeur. Dernière chance avant plainte officielle.",ça suffit maintenant le colis adr 2024 87794 est en retard de 6 semaines livraison prévue à tozeur dernière chance avant plainte officielle,RETARD_LIVRAISON__fr
2266,"C'est inadmissible ! Livreur arrivé à Ettadhamen, n'a même pas sonné. Colis déposé n'importe où. Je vais résilier si ça continue...",QUALITE_SERVICE,,,,Ettadhamen,,fr,False,"C'est inadmissible ! Livreur arrivé à Ettadhamen, n'a même pas sonné. Colis déposé n'importe où. Je vais résilier si ça continue...",c est inadmissible livreur arrivé à ettadhamen n a même pas sonné colis déposé n importe où je vais résilier si ça continue,QUALITE_SERVICE__fr
2147,"Bonjour, Ma commande PKG-2024-86085 devait arriver à Gabès le 26/02/2025, toujours rien reçu. Merci de votre retour.",RETARD_LIVRAISON,26/02/2025,,,Gabès,PKG-2024-86085,fr,False,"Bonjour, Ma commande PKG-2024-86085 devait arriver à Gabès le 26/02/2025, toujours rien reçu. Merci de votre retour.",bonjour ma commande pkg 2024 86085 devait arriver à gabès le 26 02 2025 toujours rien reçu merci de votre retour,RETARD_LIVRAISON__fr
2074,"Cher Service Client, Adresse de livraison ignorée. Envoi effectué vers Ettadhamen au lieu de Munich. Ref : ADR-2023-85390. Bien à vous.",ERREUR_DESTINATION,,,,Ettadhamen,ADR-2023-85390,fr,False,"Cher Service Client, Adresse de livraison ignorée. Envoi effectué vers Ettadhamen au lieu de Munich. Ref : ADR-2023-85390. Bien à vous.",cher service client adresse de livraison ignorée envoi effectué vers ettadhamen au lieu de munich ref adr 2023 85390 bien à vous,ERREUR_DESTINATION__fr
541,"C'est inadmissible ! Colis TRK-2025-42154 endommagé à Kasserine. Le carton était perforé, le contenu est HS. Dernière chance avant plainte officielle!!!",PRODUIT_ENDOMMAGE,,,,Kasserine,TRK-2025-42154,fr,False,"C'est inadmissible ! Colis __TRACKING__-42154 endommagé à Kasserine. Le carton était perforé, le contenu est HS. Dernière chance avant plainte officielle!!!",c est inadmissible colis __tracking__ 42154 endommagé à kasserine le carton était perforé le contenu est hs dernière chance avant plainte officielle,PRODUIT_ENDOMMAGE__fr
183,"Bonjour, Ma commande a totalement disparu. Numéro : TR-2024-11930. Livraison Nabeul. Enquête urgente demandée. Merci de votre retour.",PERTE_VOL,,,,Nabeul,TR-2024-11930,fr,False,"Bonjour, Ma commande a totalement disparu. Numéro : TR-2024-11930. Livraison Nabeul. Enquête urgente demandée. Merci de votre retour.",bonjour ma commande a totalement disparu numéro tr 2024 11930 livraison nabeul enquête urgente demandée merci de votre retour,PERTE_VOL__fr
1918,"Bonsoir, Comportement du livreur inacceptable à Kairouan. Il a jeté le colis par-dessus le portail. Cordialement.",QUALITE_SERVICE,,,,Kairouan,,fr,False,"Bonsoir, Comportement du livreur inacceptable à Kairouan. Il a jeté le colis par-dessus le portail. Cordialement.",bonsoir comportement du livreur inacceptable à kairouan il a jeté le colis par dessus le portail cordialement,QUALITE_SERVICE__fr
551,"Cher Service Client, Mon montre est arrivé à Mahdia completement cassé. Ref TRK-2024-57663. Il coûtait 559,29 euros. Cordialement.",PRODUIT_ENDOMMAGE,,,"559,29 euros",Mahdia,TRK-2024-57663,fr,True,"Cher Service Client, Mon montre est arrivé à Mahdia completement cassé. Ref __TRACKING__-57663. Il coûtait 559,29 euros. Cordialement.",cher service client mon montre est arrivé à mahdia completement cassé ref __tracking__ 57663 il coûtait 559 29 euros cordialement,PRODUIT_ENDOMMAGE__fr
2259,"Bonjour Madame, Monsieur, La boîte du colis PKG-2025-38257 est arrivée écrasée à Ariana et tout est en miettes. Merci de votre retour.",PRODUIT_ENDOMMAGE,,,,Ariana,PKG-2025-38257,fr,False,"Bonjour Madame, Monsieur, La boîte du colis PKG-2025-38257 est arrivée écrasée à Ariana et tout est en miettes. Merci de votre retour.",bonjour madame monsieur la boîte du colis pkg 2025 38257 est arrivée écrasée à ariana et tout est en miettes merci de votre retour,PRODUIT_ENDOMMAGE__fr
1154,"Bonsoir, Bonjour, je devais recevoir mon colis ADR-2026-34944, et rien n'est arrivé. Dans l'attente de votre réponse.",RETARD_LIVRAISON,,,,,ADR-2026-34944,fr,False,"Bonsoir, Bonjour, je devais recevoir mon colis ADR-2026-34944, et rien n'est arrivé. Dans l'attente de votre réponse.",bonsoir bonjour je devais recevoir mon colis adr 2026 34944 et rien n est arrivé dans l attente de votre réponse,RETARD_LIVRAISON__fr
2428,"C'est inadmissible ! Reception d'un colis défectueux. LP-2024-63876. L'article est brisé, inutilisable en l'état. Dernière chance avant plainte officielle.",PRODUIT_ENDOMMAGE,,,,,LP-2024-63876,fr,False,"C'est inadmissible ! Reception d'un colis défectueux. LP-2024-63876. L'article est brisé, inutilisable en l'état. Dernière chance avant plainte officielle.",c est inadmissible reception d un colis défectueux lp 2024 63876 l article est brisé inutilisable en l état dernière chance avant plainte officielle,PRODUIT_ENDOMMAGE__fr
1634,"Bonjour, Aucune nouvelle de ma livraison ADR-2026-96162. Attendue à Ben Arous. Cela fait plusieurs jours d'attente. Merci !",RETARD_LIVRAISON,,,,Ben Arous,ADR-2026-96162,fr,False,"Bonjour, Aucune nouvelle de ma livraison ADR-2026-96162. Attendue à Ben Arous. Cela fait plusieurs jours d'attente. Merci !",bonjour aucune nouvelle de ma livraison adr 2026 96162 attendue à ben arous cela fait plusieurs jours d attente merci,RETARD_LIVRAISON__fr
1311,"Bonjour, Je n'ai jamais reçu mon colis BL-2026-53691 le 18 septembre. Plus de nouvelles depuis 10 jours. Perdu ?",PERTE_VOL,18-sept.,10.0,,,BL-2026-53691,fr,False,"Bonjour, Je n'ai jamais reçu mon colis BL-2026-53691 le 18 septembre. Plus de nouvelles depuis 10 jours. Perdu ?",bonjour je n ai jamais reçu mon colis bl 2026 53691 le 18 septembre plus de nouvelles depuis 10 jours perdu,PERTE_VOL__fr
1502,"Cher Service Client, Le colis LP-2023-10674 est marqué livré à Tozeur, mais je n'ai rien reçu. Je pense qu'il a été volé. Merci de votre retour.",PERTE_VOL,,,,Tozeur,LP-2023-10674,fr,False,"Cher Service Client, Le colis LP-2023-10674 est marqué livré à Tozeur, mais je n'ai rien reçu. Je pense qu'il a été volé. Merci de votre retour.",cher service client le colis lp 2023 10674 est marqué livré à tozeur mais je n ai rien reçu je pense qu il a été volé merci de votre retour,PERTE_VOL__fr
1449,"Bonjour, Produit reçu abîmé. Emballage détruit. Numéro COL-2025-95236. Livraison Monastir. J attends un geste. Dans l'attente de votre réponse.",PRODUIT_ENDOMMAGE,,,,Monastir,COL-2025-95236,fr,False,"Bonjour, Produit reçu abîmé. Emballage détruit. Numéro COL-2025-95236. Livraison Monastir. J attends un geste. Dans l'attente de votre réponse.",bonjour produit reçu abîmé emballage détruit numéro col 2025 95236 livraison monastir j attends un geste dans l attente de votre réponse,PRODUIT_ENDOMMAGE__fr
2213,"Madame, Monsieur, Surcharges non expliquées de 1691.31dinars sur ma facture. Merci de votre retour.",FACTURATION_PAIEMENT,,,1691.31dinars,,,fr,False,"Madame, Monsieur, Surcharges non expliquées de 1691.31dinars sur ma facture. Merci de votre retour.",madame monsieur surcharges non expliquées de 1691 31dinars sur ma facture merci de votre retour,FACTURATION_PAIEMENT__fr
607,"Bonjour Madame, Monsieur, Le colis EXP-2023-40443 est bloqué à Ben Arous. Il devait aller à La Marsa. Dans l'attente de votre réponse.",ERREUR_DESTINATION,,,,Ben Arous,EXP-2023-40443,fr,False,"Bonjour Madame, Monsieur, Le colis EXP-2023-40443 est bloqué à Ben Arous. Il devait aller à La Marsa. Dans l'attente de votre réponse.",bonjour madame monsieur le colis exp 2023 40443 est bloqué à ben arous il devait aller à la marsa dans l attente de votre réponse,ERREUR_DESTINATION__fr
1842,"Ça suffit maintenant, Prélèvement erroné de 1536,20 €. Merci de rectifier. Réagissez !",FACTURATION_PAIEMENT,,,"1 536,20 €",,,fr,True,"Ça suffit maintenant, Prélèvement erroné de 1536,20 €. Merci de rectifier. Réagissez !",ça suffit maintenant prélèvement erroné de 1536 20 merci de rectifier réagissez,FACTURATION_PAIEMENT__fr
1042,"Bonjour Madame, Monsieur, Colis introuvable. Ref TRK-2026-66122. Sincères salutations.",PERTE_VOL,,,,,TRK-2026-66122,fr,False,"Bonjour Madame, Monsieur, Colis introuvable. Ref __TRACKING__-66122. Sincères salutations.",bonjour madame monsieur colis introuvable ref __tracking__ 66122 sincères salutations,PERTE_VOL__fr
763,"Ça suffit maintenant, LIVRAISON en retard. Ref TRK-2026-24240. Attendu le 9 juillet. Réagissez !",RETARD_LIVRAISON,09-juil.,,,,TRK-2026-24240,fr,False,"Ça suffit maintenant, LIVRAISON en retard. Ref __TRACKING__-24240. Attendu le 9 juillet. Réagissez !",ça suffit maintenant livraison en retard ref __tracking__ 24240 attendu le 9 juillet réagissez,RETARD_LIVRAISON__fr
316,"J'ai contacté votre support 17 jours, personne ne répond. C'est très décevant. Merci beaucoup.",QUALITE_SERVICE,,17.0,,,,fr,False,"J'ai contacté votre support 17 jours, personne ne répond. C'est très décevant. Merci beaucoup.",j ai contacté votre support 17 jours personne ne répond c est très décevant merci beaucoup,QUALITE_SERVICE__fr
2169,"Bonjour, Mon montre est arrivé à Tozeur completement cassé. Ref BL-2024-77868. Dans l'attente de votre réponse.",PRODUIT_ENDOMMAGE,,,,Tozeur,BL-2024-77868,fr,False,"Bonjour, Mon montre est arrivé à Tozeur completement cassé. Ref BL-2024-77868. Dans l'attente de votre réponse.",bonjour mon montre est arrivé à tozeur completement cassé ref bl 2024 77868 dans l attente de votre réponse,PRODUIT_ENDOMMAGE__fr
454,"Hello, Je souhaite un renseignement sur vos tarifs internationaux à partir de 279.43dinars ? Merci d'avance.",AUTRE,,,279.43dinars,,,fr,False,"Hello, Je souhaite un renseignement sur vos tarifs internationaux à partir de 279.43dinars ? Merci d'avance.",hello je souhaite un renseignement sur vos tarifs internationaux à partir de 279 43dinars merci d avance,AUTRE__fr
473,"Bonjour Madame, Monsieur, Mon colis COL-2023-65407 a été livré à Gabès alors que j'habite à Bizerte. Dans l'attente de votre réponse.",ERREUR_DESTINATION,,,,Gabès,COL-2023-65407,fr,False,"Bonjour Madame, Monsieur, Mon colis COL-2023-65407 a été livré à Gabès alors que j'habite à Bizerte. Dans l'attente de votre réponse.",bonjour madame monsieur mon colis col 2023 65407 a été livré à gabès alors que j habite à bizerte dans l attente de votre réponse,ERREUR_DESTINATION__fr
732,"Hello, Ma commande de 455.54 EUR a totalement disparu. Numéro : CMR-2026-15344. Livraison Monastir prévue le le 17 aoû.. Enquête urgente demandée. Merci !",PERTE_VOL,le 17 aoû.,,455.54 EUR,Monastir,CMR-2026-15344,fr,True,"Hello, Ma commande de 455.54 EUR a totalement disparu. Numéro : CMR-2026-15344. Livraison Monastir prévue le le 17 aoû.. Enquête urgente demandée. Merci !",hello ma commande de 455 54 eur a totalement disparu numéro cmr 2026 15344 livraison monastir prévue le le 17 aoû enquête urgente demandée merci,PERTE_VOL__fr
113,"Coucou, Simple question : puis-je changer l'adresse de livraison pour Hammamet ? Merci !",AUTRE,,,,Hammamet,,fr,False,"Coucou, Simple question : puis-je changer l'adresse de livraison pour Hammamet ? Merci !",coucou simple question puis je changer l adresse de livraison pour hammamet merci,AUTRE__fr
1940,"Cher Service Client, Adresse de livraison ignorée. Envoi effectué vers Ben Arous au lieu de Kasserine. Ref : COL-2024-99901. Cordialement.",ERREUR_DESTINATION,,,,Ben Arous,COL-2024-99901,fr,False,"Cher Service Client, Adresse de livraison ignorée. Envoi effectué vers Ben Arous au lieu de Kasserine. Ref : COL-2024-99901. Cordialement.",cher service client adresse de livraison ignorée envoi effectué vers ben arous au lieu de kasserine ref col 2024 99901 cordialement,ERREUR_DESTINATION__fr
2340,"Bonjour Madame, Monsieur, Service client injoignable. Attente depuis 3 semaines. Aucune réponse. Sincères salutations.",QUALITE_SERVICE,,21.0,,,,fr,False,"Bonjour Madame, Monsieur, Service client injoignable. Attente depuis 3 semaines. Aucune réponse. Sincères salutations.",bonjour madame monsieur service client injoignable attente depuis 3 semaines aucune réponse sincères salutations,QUALITE_SERVICE__fr
299,"Bonjour Madame, Monsieur, Colis reçu endommagé à La Marsa. Le carton était perforé, le contenu est HS. Cordialement.",PRODUIT_ENDOMMAGE,,,,La Marsa,,fr,False,"Bonjour Madame, Monsieur, Colis reçu endommagé à La Marsa. Le carton était perforé, le contenu est HS. Cordialement.",bonjour madame monsieur colis reçu endommagé à la marsa le carton était perforé le contenu est hs cordialement,PRODUIT_ENDOMMAGE__fr
1123,"Hello, Livraison en retard à Kairouan. Attendu le 08/03/2024. Merci !",RETARD_LIVRAISON,08/03/2024,,,Kairouan,,fr,False,"Hello, Livraison en retard à Kairouan. Attendu le 08/03/2024. Merci !",hello livraison en retard à kairouan attendu le 08 03 2024 merci,RETARD_LIVRAISON__fr
917,"Madame, Monsieur, Question facturation. On me demande 475,42 euros pour CMR-2026-55265, alors que rien n'a été livré. Explication ? Sincères salutations.",FACTURATION_PAIEMENT,,,"475,42 euros",,CMR-2026-55265,fr,True,"Madame, Monsieur, Question facturation. On me demande 475,42 euros pour CMR-2026-55265, alors que rien n'a été livré. Explication ? Sincères salutations.",madame monsieur question facturation on me demande 475 42 euros pour cmr 2026 55265 alors que rien n a été livré explication sincères salutations,FACTURATION_PAIEMENT__fr
2331,"Hello, Demande de remboursement de la somme payée pour le colis CMR-2026-28864. Produit non conforme.",RETOUR_REMBOURSEMENT,,,,,CMR-2026-28864,fr,False,"Hello, Demande de remboursement de la somme payée pour le colis CMR-2026-28864. Produit non conforme.",hello demande de remboursement de la somme payée pour le colis cmr 2026 28864 produit non conforme,RETOUR_REMBOURSEMENT__fr
104,"Bonjour, Le colis référence inconnue est en retard de 17 jours. Merci d'avance.",RETARD_LIVRAISON,,17.0,,,,fr,False,"Bonjour, Le colis référence inconnue est en retard de 17 jours. Merci d'avance.",bonjour le colis référence inconnue est en retard de 17 jours merci d avance,RETARD_LIVRAISON__fr
1388,"Écoutez, Le colis TRK-2026-15460 est bloqué à El Menzah. Il devait aller à Sfax. Je ne veux plus jamais utiliser vos services...",ERREUR_DESTINATION,,,,El Menzah,TRK-2026-15460,fr,False,"Écoutez, Le colis __TRACKING__-15460 est bloqué à El Menzah. Il devait aller à Sfax. Je ne veux plus jamais utiliser vos services...",écoutez le colis __tracking__ 15460 est bloqué à el menzah il devait aller à sfax je ne veux plus jamais utiliser vos services,ERREUR_DESTINATION__fr
934,"Cher Service Client, Colis expédié vers Ben Arous par erreur. Ma vraie adresse est à Tozeur (colis TR-2024-38652). À corriger. Bien à vous.",ERREUR_DESTINATION,,,,Ben Arous,TR-2024-38652,fr,False,"Cher Service Client, Colis expédié vers Ben Arous par erreur. Ma vraie adresse est à Tozeur (colis TR-2024-38652). À corriger. Bien à vous.",cher service client colis expédié vers ben arous par erreur ma vraie adresse est à tozeur colis tr 2024 38652 à corriger bien à vous,ERREUR_DESTINATION__fr
1777,"Question facturation. On me demande 1351 dt, alors que rien n'a été livré. Explication ? Je saisirai un avocat si rien ne bouge.",FACTURATION_PAIEMENT,,,1351 dt,,,fr,False,"Question facturation. On me demande 1351 dt, alors que rien n'a été livré. Explication ? Je saisirai un avocat si rien ne bouge.",question facturation on me demande 1351 dt alors que rien n a été livré explication je saisirai un avocat si rien ne bouge,FACTURATION_PAIEMENT__fr
869,"Bonjour, Mon montre d'une valeur de quelques centaines est cassé à la réception.",PRODUIT_ENDOMMAGE,,,,,,fr,False,"Bonjour, Mon montre d'une valeur de quelques centaines est cassé à la réception.",bonjour mon montre d une valeur de quelques centaines est cassé à la réception,PRODUIT_ENDOMMAGE__fr
1199,"Bonjour, Marchandise arrivée déchirée. Livrée à Béja. Plusieurs articles sont rayés et inutilisables. Merci de votre retour.",PRODUIT_ENDOMMAGE,,,,Béja,,fr,False,"Bonjour, Marchandise arrivée déchirée. Livrée à Béja. Plusieurs articles sont rayés et inutilisables. Merci de votre retour.",bonjour marchandise arrivée déchirée livrée à béja plusieurs articles sont rayés et inutilisables merci de votre retour,PRODUIT_ENDOMMAGE__fr
1258,"Bonjour Madame, Monsieur, La boîte du colis ADR-2025-43965 est arrivée écrasée à Djerba et l'écran est fissuré. Merci de votre retour.",PRODUIT_ENDOMMAGE,,,,Djerba,ADR-2025-43965,fr,False,"Bonjour Madame, Monsieur, La boîte du colis ADR-2025-43965 est arrivée écrasée à Djerba et l'écran est fissuré. Merci de votre retour.",bonjour madame monsieur la boîte du colis adr 2025 43965 est arrivée écrasée à djerba et l écran est fissuré merci de votre retour,PRODUIT_ENDOMMAGE__fr
755,"Bonjour, Toujours pas livré à El Menzah, colis BL-2026-34179, 8 semaines de retard. C'est long. Je veux parler à un responsable, IMMÉDIATEMENT...",RETARD_LIVRAISON,,56.0,,El Menzah,BL-2026-34179,fr,False,"Bonjour, Toujours pas livré à El Menzah, colis BL-2026-34179, 8 semaines de retard. C'est long. Je veux parler à un responsable, IMMÉDIATEMENT...",bonjour toujours pas livré à el menzah colis bl 2026 34179 8 semaines de retard c est long je veux parler à un responsable immédiatement,RETARD_LIVRAISON__fr
1401,"Madame, Monsieur, Colis introuvable à Tunis. Ref COL-2024-16125. Disparu depuis 1 an. Merci de votre retour.",PERTE_VOL,,365.0,,Tunis,COL-2024-16125,fr,False,"Madame, Monsieur, Colis introuvable à Tunis. Ref COL-2024-16125. Disparu depuis 1 an. Merci de votre retour.",madame monsieur colis introuvable à tunis ref col 2024 16125 disparu depuis 1 an merci de votre retour,PERTE_VOL__fr
1917,"Bonjour, On m'a livré à la mauvaise ville. Numéro BL-2026-31191. Destination erronée : Mahdia. Correcte : Ben Arous. Réagissez !",ERREUR_DESTINATION,,,,Mahdia,BL-2026-31191,fr,False,"Bonjour, On m'a livré à la mauvaise ville. Numéro BL-2026-31191. Destination erronée : Mahdia. Correcte : Ben Arous. Réagissez !",bonjour on m a livré à la mauvaise ville numéro bl 2026 31191 destination erronée mahdia correcte ben arous réagissez,ERREUR_DESTINATION__fr
61,"Le tracking indique 'livré' à Hammamet, mais rien à la maison. Colis TRK-2025-61213 volé je pense. Merci !",PERTE_VOL,,,,Hammamet,TRK-2025-61213,fr,False,"Le tracking indique 'livré' à Hammamet, mais rien à la maison. Colis __TRACKING__-61213 volé je pense. Merci !",le tracking indique livré à hammamet mais rien à la maison colis __tracking__ 61213 volé je pense merci,PERTE_VOL__fr
1417,"Cher Service Client, Livreur arrivé, n'a même pas sonné. Colis déposé n'importe où. Dans l'attente de votre réponse.",QUALITE_SERVICE,,,,,,fr,False,"Cher Service Client, Livreur arrivé, n'a même pas sonné. Colis déposé n'importe où. Dans l'attente de votre réponse.",cher service client livreur arrivé n a même pas sonné colis déposé n importe où dans l attente de votre réponse,QUALITE_SERVICE__fr
179,Mon colis PKG-2025-55504 a été livré à Gafsa alors que j'habite à Alger. Merci d'avance.,ERREUR_DESTINATION,,,,Gafsa,PKG-2025-55504,fr,False,Mon colis PKG-2025-55504 a été livré à Gafsa alors que j'habite à Alger. Merci d'avance.,mon colis pkg 2025 55504 a été livré à gafsa alors que j habite à alger merci d avance,ERREUR_DESTINATION__fr
2115,"Bonjour, La boîte est arrivée écrasée à Milan et le produit est cassé. Merci de votre retour.",PRODUIT_ENDOMMAGE,,,,Milan,,fr,False,"Bonjour, La boîte est arrivée écrasée à Milan et le produit est cassé. Merci de votre retour.",bonjour la boîte est arrivée écrasée à milan et le produit est cassé merci de votre retour,PRODUIT_ENDOMMAGE__fr
1039,"Bonjour Madame, Monsieur, Souhaite ouvrir un compte pro pour mes envois. Sincères salutations.",AUTRE,,,,,,fr,False,"Bonjour Madame, Monsieur, Souhaite ouvrir un compte pro pour mes envois. Sincères salutations.",bonjour madame monsieur souhaite ouvrir un compte pro pour mes envois sincères salutations,AUTRE__fr
1323,"Bonsoir, Colis introuvable à Bordeaux. Ref EXP-2024-94688. Disparu depuis 19 jours. Cordialement.",PERTE_VOL,,19.0,,Bordeaux,EXP-2024-94688,fr,False,"Bonsoir, Colis introuvable à Bordeaux. Ref EXP-2024-94688. Disparu depuis 19 jours. Cordialement.",bonsoir colis introuvable à bordeaux ref exp 2024 94688 disparu depuis 19 jours cordialement,PERTE_VOL__fr
208,Colis TR-2025-73525 égaré dans le circuit. Bloqué depuis 30 jours. C'est inacceptable !,PERTE_VOL,,30.0,,,TR-2025-73525,fr,False,Colis TR-2025-73525 égaré dans le circuit. Bloqué depuis 30 jours. C'est inacceptable !,colis tr 2025 73525 égaré dans le circuit bloqué depuis 30 jours c est inacceptable,PERTE_VOL__fr
1706,"Hello, Bonjour, je devais recevoir mon colis COL-2023-73099 le 20/01/2024, et rien n'est arrivé depuis 40 jours. À bientôt.",RETARD_LIVRAISON,20/01/2024,40.0,,,COL-2023-73099,fr,False,"Hello, Bonjour, je devais recevoir mon colis COL-2023-73099 le 20/01/2024, et rien n'est arrivé depuis 40 jours. À bientôt.",hello bonjour je devais recevoir mon colis col 2023 73099 le 20 01 2024 et rien n est arrivé depuis 40 jours à bientôt,RETARD_LIVRAISON__fr
2161,"Salut, Ma commande a totalement disparu. Numéro : ADR-2026-64342. Livraison Ezzahra. Enquête urgente demandée.",PERTE_VOL,,,,Ezzahra,ADR-2026-64342,fr,False,"Salut, Ma commande a totalement disparu. Numéro : ADR-2026-64342. Livraison Ezzahra. Enquête urgente demandée.",salut ma commande a totalement disparu numéro adr 2026 64342 livraison ezzahra enquête urgente demandée,PERTE_VOL__fr
791,"Coucou, Simple question : puis-je changer l'adresse de livraison pour Nabeul ? Merci beaucoup.",AUTRE,,,,Nabeul,,fr,False,"Coucou, Simple question : puis-je changer l'adresse de livraison pour Nabeul ? Merci beaucoup.",coucou simple question puis je changer l adresse de livraison pour nabeul merci beaucoup,AUTRE__fr
2206,"Bonjour, Le prix affiché était différent : 1610€ au lieu du montant annoncé. Commande COL-2023-20586.",FACTURATION_PAIEMENT,,,1 610 €,,COL-2023-20586,fr,True,"Bonjour, Le prix affiché était différent : 1610€ au lieu du montant annoncé. Commande COL-2023-20586.",bonjour le prix affiché était différent 1610 au lieu du montant annoncé commande col 2023 20586,FACTURATION_PAIEMENT__fr
1097,"Salut, Facture incorrecte : on m'a facturé 930.18 TND pour la livraison CMR-2025-53557, ce n'est pas le tarif convenu. Merci !",FACTURATION_PAIEMENT,,,930.18 TND,,CMR-2025-53557,fr,False,"Salut, Facture incorrecte : on m'a facturé 930.18 TND pour la livraison CMR-2025-53557, ce n'est pas le tarif convenu. Merci !",salut facture incorrecte on m a facturé 930 18 tnd pour la livraison cmr 2025 53557 ce n est pas le tarif convenu merci,FACTURATION_PAIEMENT__fr
986,"Bonjour, Le prix affiché était différent : 358euros au lieu du montant annoncé. Commande ADR-2024-71821.",FACTURATION_PAIEMENT,,,358euros,,ADR-2024-71821,fr,True,"Bonjour, Le prix affiché était différent : 358euros au lieu du montant annoncé. Commande ADR-2024-71821.",bonjour le prix affiché était différent 358euros au lieu du montant annoncé commande adr 2024 71821,FACTURATION_PAIEMENT__fr
962,"Bonsoir, Retour + remboursement svp. Ref LP-2023-44722. Cordialement.",RETOUR_REMBOURSEMENT,,,,,LP-2023-44722,fr,False,"Bonsoir, Retour + remboursement svp. Ref LP-2023-44722. Cordialement.",bonsoir retour remboursement svp ref lp 2023 44722 cordialement,RETOUR_REMBOURSEMENT__fr
431,"Madame, Monsieur, Je souhaite un renseignement sur vos tarifs internationaux vers Ariana à partir de 160.94dinars ? Bien à vous.",AUTRE,,,160.94dinars,Ariana,,fr,False,"Madame, Monsieur, Je souhaite un renseignement sur vos tarifs internationaux vers Ariana à partir de 160.94dinars ? Bien à vous.",madame monsieur je souhaite un renseignement sur vos tarifs internationaux vers ariana à partir de 160 94dinars bien à vous,AUTRE__fr
526,"Bonsoir, Adresse de livraison ignorée. Envoi effectué vers Tunis au lieu de Tozeur. Ref : TR-2023-23606. Cordialement.",ERREUR_DESTINATION,,,,Tunis,TR-2023-23606,fr,False,"Bonsoir, Adresse de livraison ignorée. Envoi effectué vers Tunis au lieu de Tozeur. Ref : TR-2023-23606. Cordialement.",bonsoir adresse de livraison ignorée envoi effectué vers tunis au lieu de tozeur ref tr 2023 23606 cordialement,ERREUR_DESTINATION__fr
1779,"Bonjour Madame, Monsieur, Aucune nouvelle de ma livraison. Cela fait 45 jours d'attente. Dans l'attente de votre réponse.",RETARD_LIVRAISON,,45.0,,,,fr,False,"Bonjour Madame, Monsieur, Aucune nouvelle de ma livraison. Cela fait 45 jours d'attente. Dans l'attente de votre réponse.",bonjour madame monsieur aucune nouvelle de ma livraison cela fait 45 jours d attente dans l attente de votre réponse,RETARD_LIVRAISON__fr
1580,"Hello, Double prélèvement : 1125,32 euros le jour même. À corriger d'urgence. Merci beaucoup.",FACTURATION_PAIEMENT,,,"1125,32 euros",,,fr,True,"Hello, Double prélèvement : 1125,32 euros le jour même. À corriger d'urgence. Merci beaucoup.",hello double prélèvement 1125 32 euros le jour même à corriger d urgence merci beaucoup,FACTURATION_PAIEMENT__fr
1282,"Ça suffit maintenant, Colis expédié vers Bizerte par erreur. Ma vraie adresse est à Sfax. À corriger. Réagissez !",ERREUR_DESTINATION,,,,Bizerte,,fr,False,"Ça suffit maintenant, Colis expédié vers Bizerte par erreur. Ma vraie adresse est à Sfax. À corriger. Réagissez !",ça suffit maintenant colis expédié vers bizerte par erreur ma vraie adresse est à sfax à corriger réagissez,ERREUR_DESTINATION__fr
1374,"Je suis furieux, Le tracking indique 'livré' à Ettadhamen le 07/04/2024, mais rien à la maison. Colis TR-2025-76700 volé je pense. J'exige une réponse immédiate!!!",PERTE_VOL,07/04/2024,,,Ettadhamen,TR-2025-76700,fr,False,"Je suis furieux, Le tracking indique 'livré' à Ettadhamen le 07/04/2024, mais rien à la maison. Colis TR-2025-76700 volé je pense. J'exige une réponse immédiate!!!",je suis furieux le tracking indique livré à ettadhamen le 07 04 2024 mais rien à la maison colis tr 2025 76700 volé je pense j exige une réponse immédiate,PERTE_VOL__fr
83,"Cher Service Client, Erreur d'adresse : le colis TR-2025-43640 est parti sur Ettadhamen, moi je suis à Médenine. Que faire ? Bien à vous.",ERREUR_DESTINATION,,,,Ettadhamen,TR-2025-43640,fr,False,"Cher Service Client, Erreur d'adresse : le colis TR-2025-43640 est parti sur Ettadhamen, moi je suis à Médenine. Que faire ? Bien à vous.",cher service client erreur d adresse le colis tr 2025 43640 est parti sur ettadhamen moi je suis à médenine que faire bien à vous,ERREUR_DESTINATION__fr
1931,"Cher Service Client, Produit reçu abîmé. Emballage détruit. J attends un geste. Dans l'attente de votre réponse.",PRODUIT_ENDOMMAGE,,,,,,fr,False,"Cher Service Client, Produit reçu abîmé. Emballage détruit. J attends un geste. Dans l'attente de votre réponse.",cher service client produit reçu abîmé emballage détruit j attends un geste dans l attente de votre réponse,PRODUIT_ENDOMMAGE__fr
1970,"Cher Service Client, Mon tablette d'une valeur de quelques centaines est cassé à la réception. Colis CMR-2023-90188. Merci de votre retour.",PRODUIT_ENDOMMAGE,,,,,CMR-2023-90188,fr,False,"Cher Service Client, Mon tablette d'une valeur de quelques centaines est cassé à la réception. Colis CMR-2023-90188. Merci de votre retour.",cher service client mon tablette d une valeur de quelques centaines est cassé à la réception colis cmr 2023 90188 merci de votre retour,PRODUIT_ENDOMMAGE__fr
245,Prélèvement erroné de 474dinars. Merci de rectifier. Merci d'avance.,FACTURATION_PAIEMENT,,,474dinars,,,fr,False,Prélèvement erroné de 474dinars. Merci de rectifier. Merci d'avance.,prélèvement erroné de 474dinars merci de rectifier merci d avance,FACTURATION_PAIEMENT__fr
944,"C'est inadmissible ! J'ai contacté votre support 2 mois, personne ne répond. C'est très décevant. Je ne veux plus jamais utiliser vos services...",QUALITE_SERVICE,,60.0,,,,fr,False,"C'est inadmissible ! J'ai contacté votre support 2 mois, personne ne répond. C'est très décevant. Je ne veux plus jamais utiliser vos services...",c est inadmissible j ai contacté votre support 2 mois personne ne répond c est très décevant je ne veux plus jamais utiliser vos services,QUALITE_SERVICE__fr
1512,"Cher Service Client, Souhaite ouvrir un compte pro pour mes envois. Volume mensuel estimé : 443.80euros de frais. Basé à Nabeul. Sincères salutations.",AUTRE,,,443.80euros,Nabeul,,fr,True,"Cher Service Client, Souhaite ouvrir un compte pro pour mes envois. Volume mensuel estimé : 443.80euros de frais. Basé à Nabeul. Sincères salutations.",cher service client souhaite ouvrir un compte pro pour mes envois volume mensuel estimé 443 80euros de frais basé à nabeul sincères salutations,AUTRE__fr
39,"Coucou, Question : est-ce que vous livrez le dimanche à Bizerte ? Merci d'avance.",AUTRE,,,,Bizerte,,fr,False,"Coucou, Question : est-ce que vous livrez le dimanche à Bizerte ? Merci d'avance.",coucou question est ce que vous livrez le dimanche à bizerte merci d avance,AUTRE__fr
1858,"Cher Service Client, Colis BL-2023-94547 endommagé à Djerba. Le carton était perforé, le contenu est HS. Merci d'avance.",PRODUIT_ENDOMMAGE,,,,Djerba,BL-2023-94547,fr,False,"Cher Service Client, Colis BL-2023-94547 endommagé à Djerba. Le carton était perforé, le contenu est HS. Merci d'avance.",cher service client colis bl 2023 94547 endommagé à djerba le carton était perforé le contenu est hs merci d avance,PRODUIT_ENDOMMAGE__fr
351,"Écoutez, Comment obtenir une attestation de livraison ? Je saisirai un avocat si rien ne bouge...",AUTRE,,,,,,fr,False,"Écoutez, Comment obtenir une attestation de livraison ? Je saisirai un avocat si rien ne bouge...",écoutez comment obtenir une attestation de livraison je saisirai un avocat si rien ne bouge,AUTRE__fr
456,"Coucou, Mon tablette d'une valeur de 1385eur est cassé à la réception. Colis BL-2023-41569. Adresse : Mahdia. À bientôt.",PRODUIT_ENDOMMAGE,,,1385eur,Mahdia,BL-2023-41569,fr,True,"Coucou, Mon tablette d'une valeur de 1385eur est cassé à la réception. Colis BL-2023-41569. Adresse : Mahdia. À bientôt.",coucou mon tablette d une valeur de 1385eur est cassé à la réception colis bl 2023 41569 adresse mahdia à bientôt,PRODUIT_ENDOMMAGE__fr
1642,"Bonjour Madame, Monsieur, Le tracking indique 'livré', mais rien à la maison. Colis COL-2024-83327 volé je pense. Bien à vous.",PERTE_VOL,,,,,COL-2024-83327,fr,False,"Bonjour Madame, Monsieur, Le tracking indique 'livré', mais rien à la maison. Colis COL-2024-83327 volé je pense. Bien à vous.",bonjour madame monsieur le tracking indique livré mais rien à la maison colis col 2024 83327 volé je pense bien à vous,PERTE_VOL__fr
901,"Je suis furieux, On m'a livré à la mauvaise ville. Numéro TRK-2024-38119. Destination erronée : Bizerte. Correcte : Tunis. Je veux parler à un responsable, IMMÉDIATEMENT!!",ERREUR_DESTINATION,,,,Bizerte,TRK-2024-38119,fr,False,"Je suis furieux, On m'a livré à la mauvaise ville. Numéro __TRACKING__-38119. Destination erronée : Bizerte. Correcte : Tunis. Je veux parler à un responsable, IMMÉDIATEMENT!!",je suis furieux on m a livré à la mauvaise ville numéro __tracking__ 38119 destination erronée bizerte correcte tunis je veux parler à un responsable immédiatement,ERREUR_DESTINATION__fr
2015,"Hello, Retour + remboursement svp. Ref EXP-2024-97183. À bientôt.",RETOUR_REMBOURSEMENT,,,,,EXP-2024-97183,fr,False,"Hello, Retour + remboursement svp. Ref EXP-2024-97183. À bientôt.",hello retour remboursement svp ref exp 2024 97183 à bientôt,RETOUR_REMBOURSEMENT__fr
537,"Cher Service Client, Marchandise arrivée déchirée. Colis COL-2024-38804. Livrée à Kairouan. Plusieurs articles sont rayés et inutilisables. Merci de votre retour.",PRODUIT_ENDOMMAGE,,,,Kairouan,COL-2024-38804,fr,False,"Cher Service Client, Marchandise arrivée déchirée. Colis COL-2024-38804. Livrée à Kairouan. Plusieurs articles sont rayés et inutilisables. Merci de votre retour.",cher service client marchandise arrivée déchirée colis col 2024 38804 livrée à kairouan plusieurs articles sont rayés et inutilisables merci de votre retour,PRODUIT_ENDOMMAGE__fr
396,"Cher Service Client, Aucune nouvelle de ma livraison TRK-2025-56581. Cela fait plusieurs jours d'attente. Merci d'avance.",RETARD_LIVRAISON,,,,,TRK-2025-56581,fr,False,"Cher Service Client, Aucune nouvelle de ma livraison __TRACKING__-56581. Cela fait plusieurs jours d'attente. Merci d'avance.",cher service client aucune nouvelle de ma livraison __tracking__ 56581 cela fait plusieurs jours d attente merci d avance,RETARD_LIVRAISON__fr
45,"Cher Service Client, Livraison en retard. Ref LP-2024-35575. Sincères salutations.",RETARD_LIVRAISON,,,,,LP-2024-35575,fr,False,"Cher Service Client, Livraison en retard. Ref LP-2024-35575. Sincères salutations.",cher service client livraison en retard ref lp 2024 35575 sincères salutations,RETARD_LIVRAISON__fr
1038,"Cher Service Client, Le prix affiché était différent : 551dt au lieu du montant annoncé. Dans l'attente de votre réponse.",FACTURATION_PAIEMENT,,,551dt,,,fr,False,"Cher Service Client, Le prix affiché était différent : 551dt au lieu du montant annoncé. Dans l'attente de votre réponse.",cher service client le prix affiché était différent 551dt au lieu du montant annoncé dans l attente de votre réponse,FACTURATION_PAIEMENT__fr
1585,"Madame, Monsieur, J'ai été débité deux fois 673 DT pour la même commande le lundi. Sincères salutations.",FACTURATION_PAIEMENT,lundi,,673 DT,,,fr,False,"Madame, Monsieur, J'ai été débité deux fois 673 DT pour la même commande le lundi. Sincères salutations.",madame monsieur j ai été débité deux fois 673 dt pour la même commande le lundi sincères salutations,FACTURATION_PAIEMENT__fr
629,"Madame, Monsieur, Colis EXP-2025-90622 endommagé. Le carton était perforé, le contenu est HS. Merci de votre retour.",PRODUIT_ENDOMMAGE,,,,,EXP-2025-90622,fr,False,"Madame, Monsieur, Colis EXP-2025-90622 endommagé. Le carton était perforé, le contenu est HS. Merci de votre retour.",madame monsieur colis exp 2025 90622 endommagé le carton était perforé le contenu est hs merci de votre retour,PRODUIT_ENDOMMAGE__fr
290,"Écoutez, Produit reçu abîmé. Emballage détruit. Numéro ADR-2025-94835. J attends depuis 96h un geste. J'exige une réponse immédiate.",PRODUIT_ENDOMMAGE,,4.0,,,ADR-2025-94835,fr,False,"Écoutez, Produit reçu abîmé. Emballage détruit. Numéro ADR-2025-94835. J attends depuis 96h un geste. J'exige une réponse immédiate.",écoutez produit reçu abîmé emballage détruit numéro adr 2025 94835 j attends depuis 96h un geste j exige une réponse immédiate,PRODUIT_ENDOMMAGE__fr
1161,"Madame, Monsieur, Colis TR-2026-69807 endommagé à Alger. Le carton était perforé, le contenu est HS. Cordialement.",PRODUIT_ENDOMMAGE,,,,Alger,TR-2026-69807,fr,False,"Madame, Monsieur, Colis TR-2026-69807 endommagé à Alger. Le carton était perforé, le contenu est HS. Cordialement.",madame monsieur colis tr 2026 69807 endommagé à alger le carton était perforé le contenu est hs cordialement,PRODUIT_ENDOMMAGE__fr
2357,"Ça suffit maintenant, Le colis ADR-2025-36197 est bloqué à Lyon. Il devait aller à Bizerte. 4 mois de perdu. C'est inacceptable !!!!",ERREUR_DESTINATION,,120.0,,Lyon,ADR-2025-36197,fr,False,"Ça suffit maintenant, Le colis ADR-2025-36197 est bloqué à Lyon. Il devait aller à Bizerte. 4 mois de perdu. C'est inacceptable !!!!",ça suffit maintenant le colis adr 2025 36197 est bloqué à lyon il devait aller à bizerte 4 mois de perdu c est inacceptable,ERREUR_DESTINATION__fr
1216,"Bonsoir, Retard important sur ma commande. Destination : Sousse. Prévu le 2024-11-13. 2 mois de retard. Sincères salutations.",RETARD_LIVRAISON,13/11/2024,60.0,,Sousse,,fr,False,"Bonsoir, Retard important sur ma commande. Destination : Sousse. Prévu le 2024-11-13. 2 mois de retard. Sincères salutations.",bonsoir retard important sur ma commande destination sousse prévu le 2024 11 13 2 mois de retard sincères salutations,RETARD_LIVRAISON__fr
503,"Je suis furieux, Je souhaite un renseignement sur vos tarifs internationaux ? J'exige une réponse immédiate!!",AUTRE,,,,,,fr,False,"Je suis furieux, Je souhaite un renseignement sur vos tarifs internationaux ? J'exige une réponse immédiate!!",je suis furieux je souhaite un renseignement sur vos tarifs internationaux j exige une réponse immédiate,AUTRE__fr
614,"Bonsoir, Produit reçu abîmé. Emballage détruit. Numéro COL-2026-79528. J attends un geste. Dans l'attente de votre réponse.",PRODUIT_ENDOMMAGE,,,,,COL-2026-79528,fr,False,"Bonsoir, Produit reçu abîmé. Emballage détruit. Numéro COL-2026-79528. J attends un geste. Dans l'attente de votre réponse.",bonsoir produit reçu abîmé emballage détruit numéro col 2026 79528 j attends un geste dans l attente de votre réponse,PRODUIT_ENDOMMAGE__fr
1669,"Livreur arrivé à Nabeul, n'a même pas sonné. Colis déposé n'importe où. C'est inacceptable !",QUALITE_SERVICE,,,,Nabeul,,fr,False,"Livreur arrivé à Nabeul, n'a même pas sonné. Colis déposé n'importe où. C'est inacceptable !",livreur arrivé à nabeul n a même pas sonné colis déposé n importe où c est inacceptable,QUALITE_SERVICE__fr
1209,"Bonsoir, La boîte du colis ADR-2024-90935 est arrivée écrasée à Le Bardo et le produit est cassé. Dans l'attente de votre réponse.",PRODUIT_ENDOMMAGE,,,,Le Bardo,ADR-2024-90935,fr,False,"Bonsoir, La boîte du colis ADR-2024-90935 est arrivée écrasée à Le Bardo et le produit est cassé. Dans l'attente de votre réponse.",bonsoir la boîte du colis adr 2024 90935 est arrivée écrasée à le bardo et le produit est cassé dans l attente de votre réponse,PRODUIT_ENDOMMAGE__fr
307,"Bonjour, On m'a livré à la mauvaise ville. Destination erronée : Kasserine. Correcte : Genève. Reçu le 21/08/2024. Bien à vous.",ERREUR_DESTINATION,21/08/2024,,,Kasserine,,fr,False,"Bonjour, On m'a livré à la mauvaise ville. Destination erronée : Kasserine. Correcte : Genève. Reçu le 21/08/2024. Bien à vous.",bonjour on m a livré à la mauvaise ville destination erronée kasserine correcte genève reçu le 21 08 2024 bien à vous,ERREUR_DESTINATION__fr
1814,"Cher Service Client, Mon montre d'une valeur de quelques centaines est cassé à la réception. Adresse : Genève. Merci d'avance.",PRODUIT_ENDOMMAGE,,,,Genève,,fr,False,"Cher Service Client, Mon montre d'une valeur de quelques centaines est cassé à la réception. Adresse : Genève. Merci d'avance.",cher service client mon montre d une valeur de quelques centaines est cassé à la réception adresse genève merci d avance,PRODUIT_ENDOMMAGE__fr
1658,"Cher Service Client, Aucune nouvelle de ma livraison CMR-2025-75855 le 30/12/2025. Cela fait 4 semaines d'attente. Dans l'attente de votre réponse.",RETARD_LIVRAISON,30/12/2025,28.0,,,CMR-2025-75855,fr,False,"Cher Service Client, Aucune nouvelle de ma livraison CMR-2025-75855 le 30/12/2025. Cela fait 4 semaines d'attente. Dans l'attente de votre réponse.",cher service client aucune nouvelle de ma livraison cmr 2025 75855 le 30 12 2025 cela fait 4 semaines d attente dans l attente de votre réponse,RETARD_LIVRAISON__fr
1414,"Bonjour, Aucune nouvelle de ma livraison le 23 avril. Cela fait 5 semaines d'attente. Merci d'avance.",RETARD_LIVRAISON,23-avr.,35.0,,,,fr,False,"Bonjour, Aucune nouvelle de ma livraison le 23 avril. Cela fait 5 semaines d'attente. Merci d'avance.",bonjour aucune nouvelle de ma livraison le 23 avril cela fait 5 semaines d attente merci d avance,RETARD_LIVRAISON__fr
2495,"Franchement, Colis introuvable. Ref LP-2024-30475. Disparu depuis 5 mois. Je vais résilier si ça continue.",PERTE_VOL,,150.0,,,LP-2024-30475,fr,False,"Franchement, Colis introuvable. Ref LP-2024-30475. Disparu depuis 5 mois. Je vais résilier si ça continue.",franchement colis introuvable ref lp 2024 30475 disparu depuis 5 mois je vais résilier si ça continue,PERTE_VOL__fr
1148,C'est inadmissible ! On m'a livré à la mauvaise ville. Destination erronée : Gafsa. Correcte : Monastir. J'exige une réponse immédiate.,ERREUR_DESTINATION,,,,Gafsa,,fr,False,C'est inadmissible ! On m'a livré à la mauvaise ville. Destination erronée : Gafsa. Correcte : Monastir. J'exige une réponse immédiate.,c est inadmissible on m a livré à la mauvaise ville destination erronée gafsa correcte monastir j exige une réponse immédiate,ERREUR_DESTINATION__fr
2352,"Salut, Prélèvement erroné de 1533eur constaté le 15/10/2024. Merci de rectifier.",FACTURATION_PAIEMENT,15/10/2024,,1533eur,,,fr,True,"Salut, Prélèvement erroné de 1533eur constaté le 15/10/2024. Merci de rectifier.",salut prélèvement erroné de 1533eur constaté le 15 10 2024 merci de rectifier,FACTURATION_PAIEMENT__fr
401,"Bonsoir, Erreur d'adresse : le colis EXP-2023-12751 est parti sur Nice, moi je suis à Bizerte. Que faire ? Sincères salutations.",ERREUR_DESTINATION,,,,Nice,EXP-2023-12751,fr,False,"Bonsoir, Erreur d'adresse : le colis EXP-2023-12751 est parti sur Nice, moi je suis à Bizerte. Que faire ? Sincères salutations.",bonsoir erreur d adresse le colis exp 2023 12751 est parti sur nice moi je suis à bizerte que faire sincères salutations,ERREUR_DESTINATION__fr
156,Question : est-ce que vous livrez le dimanche ?,AUTRE,,,,,,fr,False,Question : est-ce que vous livrez le dimanche ?,question est ce que vous livrez le dimanche,AUTRE__fr
1362,"Écoutez, Erreur d'adresse : le colis ADR-2026-74937 est parti sur Gabès, moi je suis à Manouba. Que FAIRE ? Je saisirai un avocat si rien ne bouge.",ERREUR_DESTINATION,,,,Gabès,ADR-2026-74937,fr,False,"Écoutez, Erreur d'adresse : le colis ADR-2026-74937 est parti sur Gabès, moi je suis à Manouba. Que FAIRE ? Je saisirai un avocat si rien ne bouge.",écoutez erreur d adresse le colis adr 2026 74937 est parti sur gabès moi je suis à manouba que faire je saisirai un avocat si rien ne bouge,ERREUR_DESTINATION__fr
656,"Coucou, Toujours pas livré, colis ADR-2026-99954, 32 jours de retard. C'est long. Merci beaucoup.",RETARD_LIVRAISON,,32.0,,,ADR-2026-99954,fr,False,"Coucou, Toujours pas livré, colis ADR-2026-99954, 32 jours de retard. C'est long. Merci beaucoup.",coucou toujours pas livré colis adr 2026 99954 32 jours de retard c est long merci beaucoup,RETARD_LIVRAISON__fr
1601,"Bonsoir, Le colis sans ref est bloqué à Monastir. Il devait aller à Tunis. 42 jours de perdu. Merci de votre retour.",ERREUR_DESTINATION,,42.0,,Monastir,,fr,False,"Bonsoir, Le colis sans ref est bloqué à Monastir. Il devait aller à Tunis. 42 jours de perdu. Merci de votre retour.",bonsoir le colis sans ref est bloqué à monastir il devait aller à tunis 42 jours de perdu merci de votre retour,ERREUR_DESTINATION__fr
776,"Bonjour, J'ai été débité deux fois 281.74 EUR pour la même commande le 4 décembre. Bien à vous.",FACTURATION_PAIEMENT,04-d?.,,281.74 EUR,,,fr,True,"Bonjour, J'ai été débité deux fois 281.74 EUR pour la même commande le 4 décembre. Bien à vous.",bonjour j ai été débité deux fois 281 74 eur pour la même commande le 4 décembre bien à vous,FACTURATION_PAIEMENT__fr
1998,Je souhaite un renseignement sur vos tarifs internationaux vers Médenine à partir de 1725euros ? Merci !,AUTRE,,,1725euros,Médenine,,fr,True,Je souhaite un renseignement sur vos tarifs internationaux vers Médenine à partir de 1725euros ? Merci !,je souhaite un renseignement sur vos tarifs internationaux vers médenine à partir de 1725euros merci,AUTRE__fr
2441,"Bonjour Madame, Monsieur, Ma commande a totalement disparu. Livraison Sousse. Enquête urgente demandée. Sincères salutations.",PERTE_VOL,,,,Sousse,,fr,False,"Bonjour Madame, Monsieur, Ma commande a totalement disparu. Livraison Sousse. Enquête urgente demandée. Sincères salutations.",bonjour madame monsieur ma commande a totalement disparu livraison sousse enquête urgente demandée sincères salutations,PERTE_VOL__fr
889,"Cher Service Client, Simple question : puis-je changer l'adresse de livraison ? Sincères salutations.",AUTRE,,,,,,fr,False,"Cher Service Client, Simple question : puis-je changer l'adresse de livraison ? Sincères salutations.",cher service client simple question puis je changer l adresse de livraison sincères salutations,AUTRE__fr
325,"Madame, Monsieur, Prélèvement erroné de 44,72 euros. Merci de rectifier. Merci de votre retour.",FACTURATION_PAIEMENT,,,"44,72 euros",,,fr,True,"Madame, Monsieur, Prélèvement erroné de 44,72 euros. Merci de rectifier. Merci de votre retour.",madame monsieur prélèvement erroné de 44 72 euros merci de rectifier merci de votre retour,FACTURATION_PAIEMENT__fr
1648,"Bonsoir, Bonjour, comment vous joindre par téléphone ?. Sincères salutations.",AUTRE,,,,,,fr,False,"Bonsoir, Bonjour, comment vous joindre par téléphone ?. Sincères salutations.",bonsoir bonjour comment vous joindre par téléphone sincères salutations,AUTRE__fr
849,"Madame, Monsieur, Retour + remboursement svp. Bien à vous.",RETOUR_REMBOURSEMENT,,,,,,fr,False,"Madame, Monsieur, Retour + remboursement svp. Bien à vous.",madame monsieur retour remboursement svp bien à vous,RETOUR_REMBOURSEMENT__fr
1403,C'est INADMISSIBLE ! Le colis référence inconnue est en retard de 2 semaines. Livraison prévue à Béja. Dernière chance avant plainte officielle.,RETARD_LIVRAISON,,14.0,,Béja,,fr,False,C'est INADMISSIBLE ! Le colis référence inconnue est en retard de 2 semaines. Livraison prévue à Béja. Dernière chance avant plainte officielle.,c est inadmissible le colis référence inconnue est en retard de 2 semaines livraison prévue à béja dernière chance avant plainte officielle,RETARD_LIVRAISON__fr
360,"Bonjour, Aucun professionnalisme. Personne ne rappelle. Colis ADR-2023-16608. Cordialement.",QUALITE_SERVICE,,,,,ADR-2023-16608,fr,False,"Bonjour, Aucun professionnalisme. Personne ne rappelle. Colis ADR-2023-16608. Cordialement.",bonjour aucun professionnalisme personne ne rappelle colis adr 2023 16608 cordialement,QUALITE_SERVICE__fr
1688,Aucune nouvelle de ma livraison PKG-2023-46627. Attendue à Djerba le 10 octobre. Cela fait plusieurs jours d'attente. C'est inacceptable !!!!,RETARD_LIVRAISON,10-oct.,,,Djerba,PKG-2023-46627,fr,False,Aucune nouvelle de ma livraison PKG-2023-46627. Attendue à Djerba le 10 octobre. Cela fait plusieurs jours d'attente. C'est inacceptable !!!!,aucune nouvelle de ma livraison pkg 2023 46627 attendue à djerba le 10 octobre cela fait plusieurs jours d attente c est inacceptable,RETARD_LIVRAISON__fr
1911,"Bonjour Madame, Monsieur, Colis CMR-2025-93588 égaré dans le circuit. Bien à vous.",PERTE_VOL,,,,,CMR-2025-93588,fr,False,"Bonjour Madame, Monsieur, Colis CMR-2025-93588 égaré dans le circuit. Bien à vous.",bonjour madame monsieur colis cmr 2025 93588 égaré dans le circuit bien à vous,PERTE_VOL__fr
2165,"Franchement, Double prélèvement : 1092€ le 2025-11-25 et à nouveau 1585 euros. À corriger d'urgence. Je ne veux plus jamais utiliser vos services.",FACTURATION_PAIEMENT,25/11/2025,,1 092 €,,,fr,True,"Franchement, Double prélèvement : 1092€ le 2025-11-25 et à nouveau 1585 euros. À corriger d'urgence. Je ne veux plus jamais utiliser vos services.",franchement double prélèvement 1092 le 2025 11 25 et à nouveau 1585 euros à corriger d urgence je ne veux plus jamais utiliser vos services,FACTURATION_PAIEMENT__fr
560,"Cher Service Client, Erreur d'adresse : le colis COL-2025-53743 est parti sur Casablanca, moi je suis à Le Bardo. Que faire ? Merci de votre retour.",ERREUR_DESTINATION,,,,Casablanca,COL-2025-53743,fr,False,"Cher Service Client, Erreur d'adresse : le colis COL-2025-53743 est parti sur Casablanca, moi je suis à Le Bardo. Que faire ? Merci de votre retour.",cher service client erreur d adresse le colis col 2025 53743 est parti sur casablanca moi je suis à le bardo que faire merci de votre retour,ERREUR_DESTINATION__fr
552,"Bonjour, Prélèvement erroné de 428,07 dt constaté le lundi. Merci de rectifier. À bientôt.",FACTURATION_PAIEMENT,lundi,,"428,07 dt",,,fr,False,"Bonjour, Prélèvement erroné de 428,07 dt constaté le lundi. Merci de rectifier. À bientôt.",bonjour prélèvement erroné de 428 07 dt constaté le lundi merci de rectifier à bientôt,FACTURATION_PAIEMENT__fr
464,"Cher Service Client, Simple question : puis-je changer l'adresse de livraison ? Merci de votre retour.",AUTRE,,,,,,fr,False,"Cher Service Client, Simple question : puis-je changer l'adresse de livraison ? Merci de votre retour.",cher service client simple question puis je changer l adresse de livraison merci de votre retour,AUTRE__fr
1041,"Madame, Monsieur, Le colis EXP-2023-24208 est bloqué à Ben Arous. Il devait aller à Kasserine. Merci de votre retour.",ERREUR_DESTINATION,,,,Ben Arous,EXP-2023-24208,fr,False,"Madame, Monsieur, Le colis EXP-2023-24208 est bloqué à Ben Arous. Il devait aller à Kasserine. Merci de votre retour.",madame monsieur le colis exp 2023 24208 est bloqué à ben arous il devait aller à kasserine merci de votre retour,ERREUR_DESTINATION__fr
1882,"Bonjour, Le livreur a été très impoli. Comportement inadmissible. Bien à vous.",QUALITE_SERVICE,,,,,,fr,False,"Bonjour, Le livreur a été très impoli. Comportement inadmissible. Bien à vous.",bonjour le livreur a été très impoli comportement inadmissible bien à vous,QUALITE_SERVICE__fr
89,"Bonsoir, Livraison en retard. Attendu le 15/11/2025. Je paye 1085€ pour ce service ! Bien à vous.",RETARD_LIVRAISON,15/11/2025,,1 085 €,,,fr,True,"Bonsoir, Livraison en retard. Attendu le 15/11/2025. Je paye 1085€ pour ce service ! Bien à vous.",bonsoir livraison en retard attendu le 15 11 2025 je paye 1085 pour ce service bien à vous,RETARD_LIVRAISON__fr
90,"Je suis furieux, Aucun professionnalisme. Personne ne rappelle depuis 26 jours. C'est inacceptable !",QUALITE_SERVICE,,26.0,,,,fr,False,"Je suis furieux, Aucun professionnalisme. Personne ne rappelle depuis 26 jours. C'est inacceptable !",je suis furieux aucun professionnalisme personne ne rappelle depuis 26 jours c est inacceptable,QUALITE_SERVICE__fr
17,"Franchement, Le prix affiché était différent : 1409,02 TND au lieu du montant annoncé. Je veux parler à un responsable, IMMÉDIATEMENT.",FACTURATION_PAIEMENT,,,"1409,02 TND",,,fr,False,"Franchement, Le prix affiché était différent : 1409,02 TND au lieu du montant annoncé. Je veux parler à un responsable, IMMÉDIATEMENT.",franchement le prix affiché était différent 1409 02 tnd au lieu du montant annoncé je veux parler à un responsable immédiatement,FACTURATION_PAIEMENT__fr
619,"Hello, Service client injoignable. Aucune réponse.",QUALITE_SERVICE,,,,,,fr,False,"Hello, Service client injoignable. Aucune réponse.",hello service client injoignable aucune réponse,QUALITE_SERVICE__fr
1609,"Ça suffit maintenant, Produit reçu abîmé. Emballage détruit. Numéro TR-2025-94224. Livraison Kasserine. J attends un geste. J'exige une réponse immédiate.",PRODUIT_ENDOMMAGE,,,,Kasserine,TR-2025-94224,fr,False,"Ça suffit maintenant, Produit reçu abîmé. Emballage détruit. Numéro TR-2025-94224. Livraison Kasserine. J attends un geste. J'exige une réponse immédiate.",ça suffit maintenant produit reçu abîmé emballage détruit numéro tr 2025 94224 livraison kasserine j attends un geste j exige une réponse immédiate,PRODUIT_ENDOMMAGE__fr
1194,"Bonjour Madame, Monsieur, Double prélèvement : 1188 euros le 2025-04-03 et à nouveau 549DT. À corriger d'urgence. Merci de votre retour.",FACTURATION_PAIEMENT,03/04/2025,,1188 euros,,,fr,True,"Bonjour Madame, Monsieur, Double prélèvement : 1188 euros le 2025-04-03 et à nouveau 549DT. À corriger d'urgence. Merci de votre retour.",bonjour madame monsieur double prélèvement 1188 euros le 2025 04 03 et à nouveau 549dt à corriger d urgence merci de votre retour,FACTURATION_PAIEMENT__fr
529,"Hello, Le colis sans ref est bloqué à Ettadhamen. Il devait aller à Ben Arous.",ERREUR_DESTINATION,,,,Ettadhamen,,fr,False,"Hello, Le colis sans ref est bloqué à Ettadhamen. Il devait aller à Ben Arous.",hello le colis sans ref est bloqué à ettadhamen il devait aller à ben arous,ERREUR_DESTINATION__fr
1611,"Bonjour Madame, Monsieur, Toujours pas livré à Ariana, colis EXP-2023-31741. C'est long. Merci d'avance.",RETARD_LIVRAISON,,,,Ariana,EXP-2023-31741,fr,False,"Bonjour Madame, Monsieur, Toujours pas livré à Ariana, colis EXP-2023-31741. C'est long. Merci d'avance.",bonjour madame monsieur toujours pas livré à ariana colis exp 2023 31741 c est long merci d avance,RETARD_LIVRAISON__fr
56,"Coucou, Le colis TRK-2026-19283 est en retard de 20 jours. Livraison prévue à Sousse. Merci d'avance.",RETARD_LIVRAISON,,20.0,,Sousse,TRK-2026-19283,fr,False,"Coucou, Le colis __TRACKING__-19283 est en retard de 20 jours. Livraison prévue à Sousse. Merci d'avance.",coucou le colis __tracking__ 19283 est en retard de 20 jours livraison prévue à sousse merci d avance,RETARD_LIVRAISON__fr
1204,"Bonsoir, Le colis sans ref est bloqué à Mahdia. Il devait aller à Bruxelles. Bien à vous.",ERREUR_DESTINATION,,,,Mahdia,,fr,False,"Bonsoir, Le colis sans ref est bloqué à Mahdia. Il devait aller à Bruxelles. Bien à vous.",bonsoir le colis sans ref est bloqué à mahdia il devait aller à bruxelles bien à vous,ERREUR_DESTINATION__fr
129,C'est inadmissible ! Colis expédié vers Ettadhamen par erreur. Ma vraie adresse est à El Menzah (colis TRK-2024-64099). À corriger. Dernière chance avant plainte officielle.,ERREUR_DESTINATION,,,,Ettadhamen,TRK-2024-64099,fr,False,C'est inadmissible ! Colis expédié vers Ettadhamen par erreur. Ma vraie adresse est à El Menzah (colis __TRACKING__-64099). À corriger. Dernière chance avant plainte officielle.,c est inadmissible colis expédié vers ettadhamen par erreur ma vraie adresse est à el menzah colis __tracking__ 64099 à corriger dernière chance avant plainte officielle,ERREUR_DESTINATION__fr
131,"Bonjour Madame, Monsieur, Erreur d'adresse : le colis PKG-2025-65363 est parti sur Rabat, moi je suis à Médenine. Que faire ? Merci d'avance.",ERREUR_DESTINATION,,,,Rabat,PKG-2025-65363,fr,False,"Bonjour Madame, Monsieur, Erreur d'adresse : le colis PKG-2025-65363 est parti sur Rabat, moi je suis à Médenine. Que faire ? Merci d'avance.",bonjour madame monsieur erreur d adresse le colis pkg 2025 65363 est parti sur rabat moi je suis à médenine que faire merci d avance,ERREUR_DESTINATION__fr
232,"Bonjour Madame, Monsieur, Ma commande TR-2024-36894 devait arriver le 07/02, toujours rien reçu, ça fait 2 semaines. Cordialement.",RETARD_LIVRAISON,07-févr.,14.0,,,TR-2024-36894,fr,False,"Bonjour Madame, Monsieur, Ma commande TR-2024-36894 devait arriver le 07/02, toujours rien reçu, ça fait 2 semaines. Cordialement.",bonjour madame monsieur ma commande tr 2024 36894 devait arriver le 07 02 toujours rien reçu ça fait 2 semaines cordialement,RETARD_LIVRAISON__fr
2494,"Bonsoir, Colis ADR-2026-59404 égaré dans le circuit. Départ Hammamet. Bloqué depuis 29 jours. Bien à vous.",PERTE_VOL,,29.0,,Hammamet,ADR-2026-59404,fr,False,"Bonsoir, Colis ADR-2026-59404 égaré dans le circuit. Départ Hammamet. Bloqué depuis 29 jours. Bien à vous.",bonsoir colis adr 2026 59404 égaré dans le circuit départ hammamet bloqué depuis 29 jours bien à vous,PERTE_VOL__fr
1459,Je veux annuler et être remboursé. Commande TRK-2024-73696. Merci !,RETOUR_REMBOURSEMENT,,,,,TRK-2024-73696,fr,False,Je veux annuler et être remboursé. Commande __TRACKING__-73696. Merci !,je veux annuler et être remboursé commande __tracking__ 73696 merci,RETOUR_REMBOURSEMENT__fr
427,"Ma commande devait arriver le samedi, toujours rien reçu, ça fait 22 jours.",RETARD_LIVRAISON,samedi,22.0,,,,fr,False,"Ma commande devait arriver le samedi, toujours rien reçu, ça fait 22 jours.",ma commande devait arriver le samedi toujours rien reçu ça fait 22 jours,RETARD_LIVRAISON__fr
102,"Franchement, Comportement du livreur inacceptable. Il a jeté le colis EXP-2024-29651 par-dessus le portail. Je ne veux plus jamais utiliser vos services.",QUALITE_SERVICE,,,,,EXP-2024-29651,fr,False,"Franchement, Comportement du livreur inacceptable. Il a jeté le colis EXP-2024-29651 par-dessus le portail. Je ne veux plus jamais utiliser vos services.",franchement comportement du livreur inacceptable il a jeté le colis exp 2024 29651 par dessus le portail je ne veux plus jamais utiliser vos services,QUALITE_SERVICE__fr
369,"Hello, Produit reçu abîmé. Emballage détruit. Numéro TRK-2026-78113. J attends un geste. Merci beaucoup.",PRODUIT_ENDOMMAGE,,,,,TRK-2026-78113,fr,False,"Hello, Produit reçu abîmé. Emballage détruit. Numéro __TRACKING__-78113. J attends un geste. Merci beaucoup.",hello produit reçu abîmé emballage détruit numéro __tracking__ 78113 j attends un geste merci beaucoup,PRODUIT_ENDOMMAGE__fr
1126,"Madame, Monsieur, Retard important sur ma commande. Numéro de suivi : CMR-2024-29445. Destination : Hammamet. Prévu le 10 décembre. 45 jours de retard. Sincères salutations.",RETARD_LIVRAISON,10-d?.,45.0,,Hammamet,CMR-2024-29445,fr,False,"Madame, Monsieur, Retard important sur ma commande. Numéro de suivi : CMR-2024-29445. Destination : Hammamet. Prévu le 10 décembre. 45 jours de retard. Sincères salutations.",madame monsieur retard important sur ma commande numéro de suivi cmr 2024 29445 destination hammamet prévu le 10 décembre 45 jours de retard sincères salutations,RETARD_LIVRAISON__fr
863,"Bonjour, Colis TRK-2023-70599 endommagé. Le carton était perforé, le contenu est HS. Bien à vous.",PRODUIT_ENDOMMAGE,,,,,TRK-2023-70599,fr,False,"Bonjour, Colis __TRACKING__-70599 endommagé. Le carton était perforé, le contenu est HS. Bien à vous.",bonjour colis __tracking__ 70599 endommagé le carton était perforé le contenu est hs bien à vous,PRODUIT_ENDOMMAGE__fr
1568,"Coucou, Le tracking indique 'livré', mais rien à la maison. Colis PKG-2024-72176 volé je pense. Merci beaucoup.",PERTE_VOL,,,,,PKG-2024-72176,fr,False,"Coucou, Le tracking indique 'livré', mais rien à la maison. Colis PKG-2024-72176 volé je pense. Merci beaucoup.",coucou le tracking indique livré mais rien à la maison colis pkg 2024 72176 volé je pense merci beaucoup,PERTE_VOL__fr
2368,"Coucou, Livreur arrivé à Tunis, n'a même pas sonné. Colis déposé n'importe où. À bientôt.",QUALITE_SERVICE,,,,Tunis,,fr,False,"Coucou, Livreur arrivé à Tunis, n'a même pas sonné. Colis déposé n'importe où. À bientôt.",coucou livreur arrivé à tunis n a même pas sonné colis déposé n importe où à bientôt,QUALITE_SERVICE__fr
743,"Bonsoir, Simple question : puis-je changer l'adresse de livraison pour Ezzahra ? Sincères salutations.",AUTRE,,,,Ezzahra,,fr,False,"Bonsoir, Simple question : puis-je changer l'adresse de livraison pour Ezzahra ? Sincères salutations.",bonsoir simple question puis je changer l adresse de livraison pour ezzahra sincères salutations,AUTRE__fr
1900,"Bonjour Madame, Monsieur, On m'a livré à la mauvaise ville. Numéro COL-2023-86208. Destination erronée : Médenine. Correcte : Rabat. Bien à vous.",ERREUR_DESTINATION,,,,Médenine,COL-2023-86208,fr,False,"Bonjour Madame, Monsieur, On m'a livré à la mauvaise ville. Numéro COL-2023-86208. Destination erronée : Médenine. Correcte : Rabat. Bien à vous.",bonjour madame monsieur on m a livré à la mauvaise ville numéro col 2023 86208 destination erronée médenine correcte rabat bien à vous,ERREUR_DESTINATION__fr
2116,"Bonsoir, Reception d'un colis défectueux. TRK-2024-37809. L'article est brisé, inutilisable en l'état. Dans l'attente de votre réponse.",PRODUIT_ENDOMMAGE,,,,,TRK-2024-37809,fr,False,"Bonsoir, Reception d'un colis défectueux. __TRACKING__-37809. L'article est brisé, inutilisable en l'état. Dans l'attente de votre réponse.",bonsoir reception d un colis défectueux __tracking__ 37809 l article est brisé inutilisable en l état dans l attente de votre réponse,PRODUIT_ENDOMMAGE__fr
1884,"Écoutez, COLIS expédié vers Berlin par erreur. Ma vraie adresse est à Mahdia (colis CMR-2024-65659). À corriger. Réagissez !",ERREUR_DESTINATION,,,,Berlin,CMR-2024-65659,fr,False,"Écoutez, COLIS expédié vers Berlin par erreur. Ma vraie adresse est à Mahdia (colis CMR-2024-65659). À corriger. Réagissez !",écoutez colis expédié vers berlin par erreur ma vraie adresse est à mahdia colis cmr 2024 65659 à corriger réagissez,ERREUR_DESTINATION__fr
280,"Cher Service Client, Colis ADR-2023-65797 égaré dans le circuit. Départ El Menzah. Bloqué depuis 36 jours. Merci de votre retour.",PERTE_VOL,,36.0,,El Menzah,ADR-2023-65797,fr,False,"Cher Service Client, Colis ADR-2023-65797 égaré dans le circuit. Départ El Menzah. Bloqué depuis 36 jours. Merci de votre retour.",cher service client colis adr 2023 65797 égaré dans le circuit départ el menzah bloqué depuis 36 jours merci de votre retour,PERTE_VOL__fr
1958,"Bonjour Madame, Monsieur, Prélèvement erroné de 1318.58 EUR. Merci de rectifier. Bien à vous.",FACTURATION_PAIEMENT,,,1318.58 EUR,,,fr,True,"Bonjour Madame, Monsieur, Prélèvement erroné de 1318.58 EUR. Merci de rectifier. Bien à vous.",bonjour madame monsieur prélèvement erroné de 1318 58 eur merci de rectifier bien à vous,FACTURATION_PAIEMENT__fr
1848,"Franchement, Colis CMR-2025-16124 égaré dans le circuit. Je saisirai un avocat si rien ne bouge.",PERTE_VOL,,,,,CMR-2025-16124,fr,False,"Franchement, Colis CMR-2025-16124 égaré dans le circuit. Je saisirai un avocat si rien ne bouge.",franchement colis cmr 2025 16124 égaré dans le circuit je saisirai un avocat si rien ne bouge,PERTE_VOL__fr
1605,"Cher Service Client, La boîte du colis TR-2024-80178 est arrivée écrasée et tout est en miettes. Sincères salutations.",PRODUIT_ENDOMMAGE,,,,,TR-2024-80178,fr,False,"Cher Service Client, La boîte du colis TR-2024-80178 est arrivée écrasée et tout est en miettes. Sincères salutations.",cher service client la boîte du colis tr 2024 80178 est arrivée écrasée et tout est en miettes sincères salutations,PRODUIT_ENDOMMAGE__fr
1100,"Madame, Monsieur, Comportement du livreur inacceptable à Gabès. Il a jeté le colis par-dessus le portail. Merci d'avance.",QUALITE_SERVICE,,,,Gabès,,fr,False,"Madame, Monsieur, Comportement du livreur inacceptable à Gabès. Il a jeté le colis par-dessus le portail. Merci d'avance.",madame monsieur comportement du livreur inacceptable à gabès il a jeté le colis par dessus le portail merci d avance,QUALITE_SERVICE__fr
450,"Coucou, Ma commande devait arriver le 09/05, toujours rien reçu, ça fait 4 semaines. Merci !",RETARD_LIVRAISON,09-mai,28.0,,,,fr,False,"Coucou, Ma commande devait arriver le 09/05, toujours rien reçu, ça fait 4 semaines. Merci !",coucou ma commande devait arriver le 09 05 toujours rien reçu ça fait 4 semaines merci,RETARD_LIVRAISON__fr
2411,"Salut, Surcharges non expliquées de 1323 DT sur ma facture. Ref COL-2023-53607. Merci !",FACTURATION_PAIEMENT,,,1323 DT,,COL-2023-53607,fr,False,"Salut, Surcharges non expliquées de 1323 DT sur ma facture. Ref COL-2023-53607. Merci !",salut surcharges non expliquées de 1323 dt sur ma facture ref col 2023 53607 merci,FACTURATION_PAIEMENT__fr
1866,"Cher Service Client, Le livreur a été très impoli. Comportement inadmissible. Cordialement.",QUALITE_SERVICE,,,,,,fr,False,"Cher Service Client, Le livreur a été très impoli. Comportement inadmissible. Cordialement.",cher service client le livreur a été très impoli comportement inadmissible cordialement,QUALITE_SERVICE__fr
1667,"Madame, Monsieur, Mon tablette d'une valeur de 848 DT est cassé à la réception. Colis TR-2025-31505. Sincères salutations.",PRODUIT_ENDOMMAGE,,,848 DT,,TR-2025-31505,fr,False,"Madame, Monsieur, Mon tablette d'une valeur de 848 DT est cassé à la réception. Colis TR-2025-31505. Sincères salutations.",madame monsieur mon tablette d une valeur de 848 dt est cassé à la réception colis tr 2025 31505 sincères salutations,PRODUIT_ENDOMMAGE__fr
406,"Bonjour, On m'a livré à la mauvaise ville. Numéro COL-2026-69133. Destination erronée : Tozeur. Correcte : Zaghouan. Reçu le 2025-01-26. Dans l'attente de votre réponse.",ERREUR_DESTINATION,26/01/2025,,,Tozeur,COL-2026-69133,fr,False,"Bonjour, On m'a livré à la mauvaise ville. Numéro COL-2026-69133. Destination erronée : Tozeur. Correcte : Zaghouan. Reçu le 2025-01-26. Dans l'attente de votre réponse.",bonjour on m a livré à la mauvaise ville numéro col 2026 69133 destination erronée tozeur correcte zaghouan reçu le 2025 01 26 dans l attente de votre réponse,ERREUR_DESTINATION__fr
1163,"Cher Service Client, Je souhaite retourner ma commande et être remboursé. Merci. Merci d'avance.",RETOUR_REMBOURSEMENT,,,,,,fr,False,"Cher Service Client, Je souhaite retourner ma commande et être remboursé. Merci. Merci d'avance.",cher service client je souhaite retourner ma commande et être remboursé merci merci d avance,RETOUR_REMBOURSEMENT__fr
1200,"Bonjour, Double prélèvement : 1084 eur le le 12 nov.. À corriger d'urgence. Sincères salutations.",FACTURATION_PAIEMENT,le 12 nov.,,1084 eur,,,fr,True,"Bonjour, Double prélèvement : 1084 eur le le 12 nov.. À corriger d'urgence. Sincères salutations.",bonjour double prélèvement 1084 eur le le 12 nov à corriger d urgence sincères salutations,FACTURATION_PAIEMENT__fr
710,"Question facturation. On me demande 1937,62 dt, alors que rien n'a été livré. Explication ? Merci !",FACTURATION_PAIEMENT,,,"1937,62 dt",,,fr,False,"Question facturation. On me demande 1937,62 dt, alors que rien n'a été livré. Explication ? Merci !",question facturation on me demande 1937 62 dt alors que rien n a été livré explication merci,FACTURATION_PAIEMENT__fr
1992,"Bonjour, Bonjour, comment procéder au retour de ma commande ? Je souhaite un remboursement intégral de 692EUR. Merci beaucoup.",RETOUR_REMBOURSEMENT,,,692EUR,,,fr,True,"Bonjour, Bonjour, comment procéder au retour de ma commande ? Je souhaite un remboursement intégral de 692EUR. Merci beaucoup.",bonjour bonjour comment procéder au retour de ma commande je souhaite un remboursement intégral de 692eur merci beaucoup,RETOUR_REMBOURSEMENT__fr
746,Prélèvement erroné de 169.37 eur constaté le 03/10/2025. Merci de rectifier. Merci beaucoup.,FACTURATION_PAIEMENT,03/10/2025,,169.37 eur,,,fr,True,Prélèvement erroné de 169.37 eur constaté le 03/10/2025. Merci de rectifier. Merci beaucoup.,prélèvement erroné de 169 37 eur constaté le 03 10 2025 merci de rectifier merci beaucoup,FACTURATION_PAIEMENT__fr
705,"Écoutez, TOUJOURS pas livré à Kasserine, colis CMR-2023-74108. C'est long. Réagissez !",RETARD_LIVRAISON,,,,Kasserine,CMR-2023-74108,fr,False,"Écoutez, TOUJOURS pas livré à Kasserine, colis CMR-2023-74108. C'est long. Réagissez !",écoutez toujours pas livré à kasserine colis cmr 2023 74108 c est long réagissez,RETARD_LIVRAISON__fr
811,"Bonjour Madame, Monsieur, J'attends toujours mon remboursement de 1153.05TND. C'est long ! Bien à vous.",RETOUR_REMBOURSEMENT,,,1153.05TND,,,fr,False,"Bonjour Madame, Monsieur, J'attends toujours mon remboursement de 1153.05TND. C'est long ! Bien à vous.",bonjour madame monsieur j attends toujours mon remboursement de 1153 05tnd c est long bien à vous,RETOUR_REMBOURSEMENT__fr
445,C'est inadmissible ! Le prix affiché était différent : 167.33 dt au lieu du montant annoncé. Dernière chance avant plainte officielle.,FACTURATION_PAIEMENT,,,167.33 dt,,,fr,False,C'est inadmissible ! Le prix affiché était différent : 167.33 dt au lieu du montant annoncé. Dernière chance avant plainte officielle.,c est inadmissible le prix affiché était différent 167 33 dt au lieu du montant annoncé dernière chance avant plainte officielle,FACTURATION_PAIEMENT__fr
2185,"Salut, Retard important sur ma commande. Numéro de suivi : BL-2025-39829. Merci beaucoup.",RETARD_LIVRAISON,,,,,BL-2025-39829,fr,False,"Salut, Retard important sur ma commande. Numéro de suivi : BL-2025-39829. Merci beaucoup.",salut retard important sur ma commande numéro de suivi bl 2025 39829 merci beaucoup,RETARD_LIVRAISON__fr
2045,"Je suis furieux, Colis introuvable à Marseille. Ref BL-2026-63220. Dernier suivi le 2024-03-24. Disparu depuis 1 jours. Dernière chance avant plainte officielle...",PERTE_VOL,24/03/2024,1.0,,Marseille,BL-2026-63220,fr,False,"Je suis furieux, Colis introuvable à Marseille. Ref BL-2026-63220. Dernier suivi le 2024-03-24. Disparu depuis 1 jours. Dernière chance avant plainte officielle...",je suis furieux colis introuvable à marseille ref bl 2026 63220 dernier suivi le 2024 03 24 disparu depuis 1 jours dernière chance avant plainte officielle,PERTE_VOL__fr
1727,"Madame, Monsieur, J'attends toujours mon remboursement de 1227 DT. Cela fait 20 jours. C'est long ! Sincères salutations.",RETOUR_REMBOURSEMENT,,20.0,1227 DT,,,fr,False,"Madame, Monsieur, J'attends toujours mon remboursement de 1227 DT. Cela fait 20 jours. C'est long ! Sincères salutations.",madame monsieur j attends toujours mon remboursement de 1227 dt cela fait 20 jours c est long sincères salutations,RETOUR_REMBOURSEMENT__fr
2305,"Bonsoir, Question facturation. On me demande 1969.97eur pour EXP-2023-25294, alors que rien n'a été livré. Explication ? Sincères salutations.",FACTURATION_PAIEMENT,,,1969.97eur,,EXP-2023-25294,fr,True,"Bonsoir, Question facturation. On me demande 1969.97eur pour EXP-2023-25294, alors que rien n'a été livré. Explication ? Sincères salutations.",bonsoir question facturation on me demande 1969 97eur pour exp 2023 25294 alors que rien n a été livré explication sincères salutations,FACTURATION_PAIEMENT__fr
1392,"Bonjour, Ma commande de 397,50 euros a totalement disparu. Numéro : LP-2023-48840. Livraison Manouba. Enquête urgente demandée. Cordialement.",PERTE_VOL,,,"397,50 euros",Manouba,LP-2023-48840,fr,True,"Bonjour, Ma commande de 397,50 euros a totalement disparu. Numéro : LP-2023-48840. Livraison Manouba. Enquête urgente demandée. Cordialement.",bonjour ma commande de 397 50 euros a totalement disparu numéro lp 2023 48840 livraison manouba enquête urgente demandée cordialement,PERTE_VOL__fr
1551,"Franchement, Aucune nouvelle de ma livraison LP-2024-11045. Attendue à Manouba. Cela fait plusieurs jours d'attente. J'exige une RÉPONSE immédiate!!!",RETARD_LIVRAISON,,,,Manouba,LP-2024-11045,fr,False,"Franchement, Aucune nouvelle de ma livraison LP-2024-11045. Attendue à Manouba. Cela fait plusieurs jours d'attente. J'exige une RÉPONSE immédiate!!!",franchement aucune nouvelle de ma livraison lp 2024 11045 attendue à manouba cela fait plusieurs jours d attente j exige une réponse immédiate,RETARD_LIVRAISON__fr
1322,"Bonjour Madame, Monsieur, Retour + remboursement svp. Livraison Gabès. Le produit ne me convient pas. Bien à vous.",RETOUR_REMBOURSEMENT,,,,Gabès,,fr,False,"Bonjour Madame, Monsieur, Retour + remboursement svp. Livraison Gabès. Le produit ne me convient pas. Bien à vous.",bonjour madame monsieur retour remboursement svp livraison gabès le produit ne me convient pas bien à vous,RETOUR_REMBOURSEMENT__fr
247,"Madame, Monsieur, Retard important sur ma commande. Bien à vous.",RETARD_LIVRAISON,,,,,,fr,False,"Madame, Monsieur, Retard important sur ma commande. Bien à vous.",madame monsieur retard important sur ma commande bien à vous,RETARD_LIVRAISON__fr
353,"Bonjour, Je souhaite retourner ma commande BL-2024-13514 et être remboursé de 1540eur. Merci. Merci de votre retour.",RETOUR_REMBOURSEMENT,,,1540eur,,BL-2024-13514,fr,True,"Bonjour, Je souhaite retourner ma commande BL-2024-13514 et être remboursé de 1540eur. Merci. Merci de votre retour.",bonjour je souhaite retourner ma commande bl 2024 13514 et être remboursé de 1540eur merci merci de votre retour,RETOUR_REMBOURSEMENT__fr
2118,"Coucou, Colis expédié vers Sousse par erreur. Ma vraie adresse est à Ariana (colis ADR-2024-42420). À corriger. Merci !",ERREUR_DESTINATION,,,,Sousse,ADR-2024-42420,fr,False,"Coucou, Colis expédié vers Sousse par erreur. Ma vraie adresse est à Ariana (colis ADR-2024-42420). À corriger. Merci !",coucou colis expédié vers sousse par erreur ma vraie adresse est à ariana colis adr 2024 42420 à corriger merci,ERREUR_DESTINATION__fr
942,"Madame, Monsieur, Marchandise arrivée déchirée. Colis TRK-2026-93917. Livrée à Tunis. Plusieurs articles sont rayés et inutilisables. Dans l'attente de votre réponse.",PRODUIT_ENDOMMAGE,,,,Tunis,TRK-2026-93917,fr,False,"Madame, Monsieur, Marchandise arrivée déchirée. Colis __TRACKING__-93917. Livrée à Tunis. Plusieurs articles sont rayés et inutilisables. Dans l'attente de votre réponse.",madame monsieur marchandise arrivée déchirée colis __tracking__ 93917 livrée à tunis plusieurs articles sont rayés et inutilisables dans l attente de votre réponse,PRODUIT_ENDOMMAGE__fr
1316,"Madame, Monsieur, Mon verres d'une valeur de 1334eur est cassé à la réception. Colis COL-2024-53498. Adresse : Monastir. Dans l'attente de votre réponse.",PRODUIT_ENDOMMAGE,,,1334eur,Monastir,COL-2024-53498,fr,True,"Madame, Monsieur, Mon verres d'une valeur de 1334eur est cassé à la réception. Colis COL-2024-53498. Adresse : Monastir. Dans l'attente de votre réponse.",madame monsieur mon verres d une valeur de 1334eur est cassé à la réception colis col 2024 53498 adresse monastir dans l attente de votre réponse,PRODUIT_ENDOMMAGE__fr
175,Produit reçu abîmé. Emballage détruit. Numéro ADR-2024-47304. Livraison Zaghouan. J attends un geste.,PRODUIT_ENDOMMAGE,,,,Zaghouan,ADR-2024-47304,fr,False,Produit reçu abîmé. Emballage détruit. Numéro ADR-2024-47304. Livraison Zaghouan. J attends un geste.,produit reçu abîmé emballage détruit numéro adr 2024 47304 livraison zaghouan j attends un geste,PRODUIT_ENDOMMAGE__fr
1262,"Bonjour, Facture incorrecte : on m'a facturé 21,80 EUR, ce n'est pas le tarif convenu. Merci d'avance.",FACTURATION_PAIEMENT,,,"21,80 EUR",,,fr,True,"Bonjour, Facture incorrecte : on m'a facturé 21,80 EUR, ce n'est pas le tarif convenu. Merci d'avance.",bonjour facture incorrecte on m a facturé 21 80 eur ce n est pas le tarif convenu merci d avance,FACTURATION_PAIEMENT__fr
534,"Cher Service Client, Je souhaite retourner ma commande BL-2023-24540 et être remboursé de 159TND. Merci. Cordialement.",RETOUR_REMBOURSEMENT,,,159TND,,BL-2023-24540,fr,False,"Cher Service Client, Je souhaite retourner ma commande BL-2023-24540 et être remboursé de 159TND. Merci. Cordialement.",cher service client je souhaite retourner ma commande bl 2023 24540 et être remboursé de 159tnd merci cordialement,RETOUR_REMBOURSEMENT__fr
711,"Madame, Monsieur, Adresse de livraison ignorée. Envoi effectué vers Kasserine au lieu de Toulouse. Ref : EXP-2024-52320. Merci de votre retour.",ERREUR_DESTINATION,,,,Kasserine,EXP-2024-52320,fr,False,"Madame, Monsieur, Adresse de livraison ignorée. Envoi effectué vers Kasserine au lieu de Toulouse. Ref : EXP-2024-52320. Merci de votre retour.",madame monsieur adresse de livraison ignorée envoi effectué vers kasserine au lieu de toulouse ref exp 2024 52320 merci de votre retour,ERREUR_DESTINATION__fr
1618,"Bonjour, comment procéder au retour de ma commande ? Je souhaite un remboursement intégral de 1673 dt. Merci beaucoup.",RETOUR_REMBOURSEMENT,,,1673 dt,,,fr,False,"Bonjour, comment procéder au retour de ma commande ? Je souhaite un remboursement intégral de 1673 dt. Merci beaucoup.",bonjour comment procéder au retour de ma commande je souhaite un remboursement intégral de 1673 dt merci beaucoup,RETOUR_REMBOURSEMENT__fr
894,"Madame, Monsieur, Le prix affiché était différent : 1539,26 DT au lieu du montant annoncé. Commande BL-2023-70128. Bien à vous.",FACTURATION_PAIEMENT,,,"1539,26 DT",,BL-2023-70128,fr,False,"Madame, Monsieur, Le prix affiché était différent : 1539,26 DT au lieu du montant annoncé. Commande BL-2023-70128. Bien à vous.",madame monsieur le prix affiché était différent 1539 26 dt au lieu du montant annoncé commande bl 2023 70128 bien à vous,FACTURATION_PAIEMENT__fr
642,"Madame, Monsieur, J'ai été débité deux fois 369 EUR pour la même commande COL-2026-84471 le 2025-04-19. Cordialement.",FACTURATION_PAIEMENT,19/04/2025,,369 EUR,,COL-2026-84471,fr,True,"Madame, Monsieur, J'ai été débité deux fois 369 EUR pour la même commande COL-2026-84471 le 2025-04-19. Cordialement.",madame monsieur j ai été débité deux fois 369 eur pour la même commande col 2026 84471 le 2025 04 19 cordialement,FACTURATION_PAIEMENT__fr
1730,"Bonjour, La boîte du colis CMR-2026-28159 est arrivée écrasée et tout est en miettes. DERNIÈRE chance avant plainte officielle.",PRODUIT_ENDOMMAGE,,,,,CMR-2026-28159,fr,False,"Bonjour, La boîte du colis CMR-2026-28159 est arrivée écrasée et tout est en miettes. DERNIÈRE chance avant plainte officielle.",bonjour la boîte du colis cmr 2026 28159 est arrivée écrasée et tout est en miettes dernière chance avant plainte officielle,PRODUIT_ENDOMMAGE__fr
1627,"Erreur d'adresse : le colis TRK-2025-83092 est parti sur Lyon, moi je suis à Monastir. Que faire ? Je saisirai un avocat si rien ne bouge.",ERREUR_DESTINATION,,,,Lyon,TRK-2025-83092,fr,False,"Erreur d'adresse : le colis __TRACKING__-83092 est parti sur Lyon, moi je suis à Monastir. Que faire ? Je saisirai un avocat si rien ne bouge.",erreur d adresse le colis __tracking__ 83092 est parti sur lyon moi je suis à monastir que faire je saisirai un avocat si rien ne bouge,ERREUR_DESTINATION__fr
405,"Madame, Monsieur, Le prix affiché était différent : 318,63 dinars au lieu du montant annoncé. Commande BL-2024-38773. Sincères salutations.",FACTURATION_PAIEMENT,,,"318,63 dinars",,BL-2024-38773,fr,False,"Madame, Monsieur, Le prix affiché était différent : 318,63 dinars au lieu du montant annoncé. Commande BL-2024-38773. Sincères salutations.",madame monsieur le prix affiché était différent 318 63 dinars au lieu du montant annoncé commande bl 2024 38773 sincères salutations,FACTURATION_PAIEMENT__fr
2351,"Ça suffit maintenant, Retour + REMBOURSEMENT svp. Je saisirai un avocat si rien ne bouge.",RETOUR_REMBOURSEMENT,,,,,,fr,False,"Ça suffit maintenant, Retour + REMBOURSEMENT svp. Je saisirai un avocat si rien ne bouge.",ça suffit maintenant retour remboursement svp je saisirai un avocat si rien ne bouge,RETOUR_REMBOURSEMENT__fr
767,"Le tracking indique 'livré' le le 13 avr., mais rien à la maison. Colis LP-2026-54383 volé je pense. Merci beaucoup.",PERTE_VOL,le 13 avr.,,,,LP-2026-54383,fr,False,"Le tracking indique 'livré' le le 13 avr., mais rien à la maison. Colis LP-2026-54383 volé je pense. Merci beaucoup.",le tracking indique livré le le 13 avr mais rien à la maison colis lp 2026 54383 volé je pense merci beaucoup,PERTE_VOL__fr
2240,Prélèvement erroné de 1141.18 euros. Merci de rectifier. Merci d'avance.,FACTURATION_PAIEMENT,,,1141.18 euros,,,fr,True,Prélèvement erroné de 1141.18 euros. Merci de rectifier. Merci d'avance.,prélèvement erroné de 1141 18 euros merci de rectifier merci d avance,FACTURATION_PAIEMENT__fr
1990,"Bonjour Madame, Monsieur, Le prix affiché était différent : 51.30 eur au lieu du montant annoncé. Commande COL-2025-21975. Merci d'avance.",FACTURATION_PAIEMENT,,,51.30 eur,,COL-2025-21975,fr,True,"Bonjour Madame, Monsieur, Le prix affiché était différent : 51.30 eur au lieu du montant annoncé. Commande COL-2025-21975. Merci d'avance.",bonjour madame monsieur le prix affiché était différent 51 30 eur au lieu du montant annoncé commande col 2025 21975 merci d avance,FACTURATION_PAIEMENT__fr
608,"Bonsoir, Le prix affiché était différent : 203.44 TND au lieu du montant annoncé. Cordialement.",FACTURATION_PAIEMENT,,,203.44 TND,,,fr,False,"Bonsoir, Le prix affiché était différent : 203.44 TND au lieu du montant annoncé. Cordialement.",bonsoir le prix affiché était différent 203 44 tnd au lieu du montant annoncé cordialement,FACTURATION_PAIEMENT__fr
536,"Madame, Monsieur, Surcharges non expliquées de 389,73 € sur ma facture. Ref COL-2026-90478. Dans l'attente de votre réponse.",FACTURATION_PAIEMENT,,,"389,73 €",,COL-2026-90478,fr,True,"Madame, Monsieur, Surcharges non expliquées de 389,73 € sur ma facture. Ref COL-2026-90478. Dans l'attente de votre réponse.",madame monsieur surcharges non expliquées de 389 73 sur ma facture ref col 2026 90478 dans l attente de votre réponse,FACTURATION_PAIEMENT__fr
1834,Livraison en retard. Ref CMR-2025-74076. À bientôt.,RETARD_LIVRAISON,,,,,CMR-2025-74076,fr,False,Livraison en retard. Ref CMR-2025-74076. À bientôt.,livraison en retard ref cmr 2025 74076 à bientôt,RETARD_LIVRAISON__fr
2130,"Salut, Double prélèvement : 1156.77TND le jour même. À corriger d'urgence. Merci d'avance.",FACTURATION_PAIEMENT,,,1156.77TND,,,fr,False,"Salut, Double prélèvement : 1156.77TND le jour même. À corriger d'urgence. Merci d'avance.",salut double prélèvement 1156 77tnd le jour même à corriger d urgence merci d avance,FACTURATION_PAIEMENT__fr
1646,"Bonjour, Le prix affiché était différent : 676dinars au lieu du montant annoncé. Merci d'avance.",FACTURATION_PAIEMENT,,,676dinars,,,fr,False,"Bonjour, Le prix affiché était différent : 676dinars au lieu du montant annoncé. Merci d'avance.",bonjour le prix affiché était différent 676dinars au lieu du montant annoncé merci d avance,FACTURATION_PAIEMENT__fr
2157,"Comportement du livreur inacceptable. Il a jeté le colis par-dessus le portail. Je veux parler à un responsable, IMMÉDIATEMENT.",QUALITE_SERVICE,,,,,,fr,False,"Comportement du livreur inacceptable. Il a jeté le colis par-dessus le portail. Je veux parler à un responsable, IMMÉDIATEMENT.",comportement du livreur inacceptable il a jeté le colis par dessus le portail je veux parler à un responsable immédiatement,QUALITE_SERVICE__fr
825,"Bonjour, Adresse de livraison ignorée. Envoi effectué vers La Marsa au lieu de Bizerte. Ref : TRK-2026-11467. Dans l'attente de votre réponse.",ERREUR_DESTINATION,,,,La Marsa,TRK-2026-11467,fr,False,"Bonjour, Adresse de livraison ignorée. Envoi effectué vers La Marsa au lieu de Bizerte. Ref : __TRACKING__-11467. Dans l'attente de votre réponse.",bonjour adresse de livraison ignorée envoi effectué vers la marsa au lieu de bizerte ref __tracking__ 11467 dans l attente de votre réponse,ERREUR_DESTINATION__fr
588,"Cher Service Client, Mon colis TR-2025-28607 a été livré à Gafsa alors que j'habite à Hammamet. Cordialement.",ERREUR_DESTINATION,,,,Gafsa,TR-2025-28607,fr,False,"Cher Service Client, Mon colis TR-2025-28607 a été livré à Gafsa alors que j'habite à Hammamet. Cordialement.",cher service client mon colis tr 2025 28607 a été livré à gafsa alors que j habite à hammamet cordialement,ERREUR_DESTINATION__fr
29,"Bonjour, Produit reçu abîmé. Emballage détruit. Numéro TR-2025-42302. J attends un geste. À bientôt.",PRODUIT_ENDOMMAGE,,,,,TR-2025-42302,fr,False,"Bonjour, Produit reçu abîmé. Emballage détruit. Numéro TR-2025-42302. J attends un geste. À bientôt.",bonjour produit reçu abîmé emballage détruit numéro tr 2025 42302 j attends un geste à bientôt,PRODUIT_ENDOMMAGE__fr
826,Le colis LP-2026-72748 est en retard. Je saisirai un avocat si rien ne bouge.,RETARD_LIVRAISON,,,,,LP-2026-72748,fr,False,Le colis LP-2026-72748 est en retard. Je saisirai un avocat si rien ne bouge.,le colis lp 2026 72748 est en retard je saisirai un avocat si rien ne bouge,RETARD_LIVRAISON__fr
236,"Bonsoir, Surcharges non expliquées de 1381 dinars sur ma facture. Ref PKG-2026-33459. Cordialement.",FACTURATION_PAIEMENT,,,1381 dinars,,PKG-2026-33459,fr,False,"Bonsoir, Surcharges non expliquées de 1381 dinars sur ma facture. Ref PKG-2026-33459. Cordialement.",bonsoir surcharges non expliquées de 1381 dinars sur ma facture ref pkg 2026 33459 cordialement,FACTURATION_PAIEMENT__fr
2488,"Hello, Ma commande ADR-2026-97579 devait arriver le le 27 jan., toujours rien reçu, ça fait 2 mois. Merci d'avance.",RETARD_LIVRAISON,le 27 jan.,60.0,,,ADR-2026-97579,fr,False,"Hello, Ma commande ADR-2026-97579 devait arriver le le 27 jan., toujours rien reçu, ça fait 2 mois. Merci d'avance.",hello ma commande adr 2026 97579 devait arriver le le 27 jan toujours rien reçu ça fait 2 mois merci d avance,RETARD_LIVRAISON__fr
261,"Cher Service Client, Comportement du livreur inacceptable à Monastir. Il a jeté le colis BL-2026-60933 par-dessus le portail. Merci de votre retour.",QUALITE_SERVICE,,,,Monastir,BL-2026-60933,fr,False,"Cher Service Client, Comportement du livreur inacceptable à Monastir. Il a jeté le colis BL-2026-60933 par-dessus le portail. Merci de votre retour.",cher service client comportement du livreur inacceptable à monastir il a jeté le colis bl 2026 60933 par dessus le portail merci de votre retour,QUALITE_SERVICE__fr
717,"Coucou, Marchandise arrivée déchirée. Colis ADR-2023-79881. Livrée à La Marsa. Plusieurs articles sont rayés et inutilisables. Merci d'avance.",PRODUIT_ENDOMMAGE,,,,La Marsa,ADR-2023-79881,fr,False,"Coucou, Marchandise arrivée déchirée. Colis ADR-2023-79881. Livrée à La Marsa. Plusieurs articles sont rayés et inutilisables. Merci d'avance.",coucou marchandise arrivée déchirée colis adr 2023 79881 livrée à la marsa plusieurs articles sont rayés et inutilisables merci d avance,PRODUIT_ENDOMMAGE__fr
2314,"Salut, J'attends toujours mon remboursement. C'est long ! Merci beaucoup.",RETOUR_REMBOURSEMENT,,,,,,fr,False,"Salut, J'attends toujours mon remboursement. C'est long ! Merci beaucoup.",salut j attends toujours mon remboursement c est long merci beaucoup,RETOUR_REMBOURSEMENT__fr
960,"Coucou, Demande de remboursement de la somme payée. Produit non conforme.",RETOUR_REMBOURSEMENT,,,,,,fr,False,"Coucou, Demande de remboursement de la somme payée. Produit non conforme.",coucou demande de remboursement de la somme payée produit non conforme,RETOUR_REMBOURSEMENT__fr
765,"Bonjour, Bonjour, demande de devis pour un envoi de 4 tonnes vers Manouba. Cordialement.",AUTRE,,,,Manouba,,fr,False,"Bonjour, Bonjour, demande de devis pour un envoi de 4 tonnes vers Manouba. Cordialement.",bonjour bonjour demande de devis pour un envoi de 4 tonnes vers manouba cordialement,AUTRE__fr
1826,"Cher Service Client, J'attends toujours mon remboursement promis le 2024-01-30. C'est long ! Sincères salutations.",RETOUR_REMBOURSEMENT,30/01/2024,,,,,fr,False,"Cher Service Client, J'attends toujours mon remboursement promis le 2024-01-30. C'est long ! Sincères salutations.",cher service client j attends toujours mon remboursement promis le 2024 01 30 c est long sincères salutations,RETOUR_REMBOURSEMENT__fr
79,"Cher Service Client, Colis CMR-2024-12612 endommagé à Mahdia. Le carton était perforé, le contenu est HS. Sincères salutations.",PRODUIT_ENDOMMAGE,,,,Mahdia,CMR-2024-12612,fr,False,"Cher Service Client, Colis CMR-2024-12612 endommagé à Mahdia. Le carton était perforé, le contenu est HS. Sincères salutations.",cher service client colis cmr 2024 12612 endommagé à mahdia le carton était perforé le contenu est hs sincères salutations,PRODUIT_ENDOMMAGE__fr
595,"Bonjour, Ma commande devait arriver à Mahdia, toujours rien reçu, ça fait 4 semaines. Merci de votre retour.",RETARD_LIVRAISON,,28.0,,Mahdia,,fr,False,"Bonjour, Ma commande devait arriver à Mahdia, toujours rien reçu, ça fait 4 semaines. Merci de votre retour.",bonjour ma commande devait arriver à mahdia toujours rien reçu ça fait 4 semaines merci de votre retour,RETARD_LIVRAISON__fr
1608,"Bonjour, Le colis référence inconnue est en retard de 2 semaines. Livraison PRÉVUE à Hammamet. Je veux parler à un responsable, IMMÉDIATEMENT!!",RETARD_LIVRAISON,,14.0,,Hammamet,,fr,False,"Bonjour, Le colis référence inconnue est en retard de 2 semaines. Livraison PRÉVUE à Hammamet. Je veux parler à un responsable, IMMÉDIATEMENT!!",bonjour le colis référence inconnue est en retard de 2 semaines livraison prévue à hammamet je veux parler à un responsable immédiatement,RETARD_LIVRAISON__fr
2141,"Madame, Monsieur, Mon vase d'une valeur de quelques centaines est cassé à la réception. Adresse : Bizerte. Sincères salutations.",PRODUIT_ENDOMMAGE,,,,Bizerte,,fr,False,"Madame, Monsieur, Mon vase d'une valeur de quelques centaines est cassé à la réception. Adresse : Bizerte. Sincères salutations.",madame monsieur mon vase d une valeur de quelques centaines est cassé à la réception adresse bizerte sincères salutations,PRODUIT_ENDOMMAGE__fr
1402,"Coucou, Je souhaite retourner ma commande CMR-2025-74833 et être remboursé. Merci. À bientôt.",RETOUR_REMBOURSEMENT,,,,,CMR-2025-74833,fr,False,"Coucou, Je souhaite retourner ma commande CMR-2025-74833 et être remboursé. Merci. À bientôt.",coucou je souhaite retourner ma commande cmr 2025 74833 et être remboursé merci à bientôt,RETOUR_REMBOURSEMENT__fr
716,"Bonjour, Bonjour, demande de devis pour un envoi de 7 tonnes vers Lyon.",AUTRE,,,,Lyon,,fr,False,"Bonjour, Bonjour, demande de devis pour un envoi de 7 tonnes vers Lyon.",bonjour bonjour demande de devis pour un envoi de 7 tonnes vers lyon,AUTRE__fr
750,"Bonjour, La boîte du colis EXP-2023-41508 est arrivée écrasée et le produit est cassé. Je saisirai un avocat si rien ne bouge.",PRODUIT_ENDOMMAGE,,,,,EXP-2023-41508,fr,False,"Bonjour, La boîte du colis EXP-2023-41508 est arrivée écrasée et le produit est cassé. Je saisirai un avocat si rien ne bouge.",bonjour la boîte du colis exp 2023 41508 est arrivée écrasée et le produit est cassé je saisirai un avocat si rien ne bouge,PRODUIT_ENDOMMAGE__fr
488,"Ça suffit maintenant, Mon colis ADR-2026-83727 a été livré à Médenine alors que j'habite à Ariana. Je veux parler à un responsable, IMMÉDIATEMENT.",ERREUR_DESTINATION,,,,Médenine,ADR-2026-83727,fr,False,"Ça suffit maintenant, Mon colis ADR-2026-83727 a été livré à Médenine alors que j'habite à Ariana. Je veux parler à un responsable, IMMÉDIATEMENT.",ça suffit maintenant mon colis adr 2026 83727 a été livré à médenine alors que j habite à ariana je veux parler à un responsable immédiatement,ERREUR_DESTINATION__fr
1575,"Bonjour, Aucune nouvelle de ma livraison CMR-2023-26186. Attendue à Kairouan le 14 décembre. Cela fait 33 jours d'attente. Bien à vous.",RETARD_LIVRAISON,14-d?.,33.0,,Kairouan,CMR-2023-26186,fr,False,"Bonjour, Aucune nouvelle de ma livraison CMR-2023-26186. Attendue à Kairouan le 14 décembre. Cela fait 33 jours d'attente. Bien à vous.",bonjour aucune nouvelle de ma livraison cmr 2023 26186 attendue à kairouan le 14 décembre cela fait 33 jours d attente bien à vous,RETARD_LIVRAISON__fr
116,"Bonjour, Je veux annuler et être remboursé 1448TND Merci beaucoup.",RETOUR_REMBOURSEMENT,,,1448TND,,,fr,False,"Bonjour, Je veux annuler et être remboursé 1448TND Merci beaucoup.",bonjour je veux annuler et être remboursé 1448tnd merci beaucoup,RETOUR_REMBOURSEMENT__fr
2362,"Bonsoir, Le colis LP-2026-45159 est marqué livré à Ettadhamen le 26/12/2024, mais je n'ai rien reçu. Je pense qu'il a été volé. Merci d'avance.",PERTE_VOL,26/12/2024,,,Ettadhamen,LP-2026-45159,fr,False,"Bonsoir, Le colis LP-2026-45159 est marqué livré à Ettadhamen le 26/12/2024, mais je n'ai rien reçu. Je pense qu'il a été volé. Merci d'avance.",bonsoir le colis lp 2026 45159 est marqué livré à ettadhamen le 26 12 2024 mais je n ai rien reçu je pense qu il a été volé merci d avance,PERTE_VOL__fr
1304,"Je suis furieux, Ma commande de 1790.14eur a totalement disparu. Numéro : CMR-2024-26675. Livraison Manouba. Enquête urgente demandée. C'est inacceptable !",PERTE_VOL,,,1790.14eur,Manouba,CMR-2024-26675,fr,True,"Je suis furieux, Ma commande de 1790.14eur a totalement disparu. Numéro : CMR-2024-26675. Livraison Manouba. Enquête urgente demandée. C'est inacceptable !",je suis furieux ma commande de 1790 14eur a totalement disparu numéro cmr 2024 26675 livraison manouba enquête urgente demandée c est inacceptable,PERTE_VOL__fr
1006,"Bonjour Madame, Monsieur, Je veux annuler et être remboursé Dans l'attente de votre réponse.",RETOUR_REMBOURSEMENT,,,,,,fr,False,"Bonjour Madame, Monsieur, Je veux annuler et être remboursé Dans l'attente de votre réponse.",bonjour madame monsieur je veux annuler et être remboursé dans l attente de votre réponse,RETOUR_REMBOURSEMENT__fr
1536,"Bonjour, Retour + remboursement svp. Livraison Hammamet. Le produit ne me convient pas. Cordialement.",RETOUR_REMBOURSEMENT,,,,Hammamet,,fr,False,"Bonjour, Retour + remboursement svp. Livraison Hammamet. Le produit ne me convient pas. Cordialement.",bonjour retour remboursement svp livraison hammamet le produit ne me convient pas cordialement,RETOUR_REMBOURSEMENT__fr
1413,"Écoutez, Mon colis a été livré à Kairouan alors que j'habite à La Marsa. Je VAIS résilier si ça continue...",ERREUR_DESTINATION,,,,Kairouan,,fr,False,"Écoutez, Mon colis a été livré à Kairouan alors que j'habite à La Marsa. Je VAIS résilier si ça continue...",écoutez mon colis a été livré à kairouan alors que j habite à la marsa je vais résilier si ça continue,ERREUR_DESTINATION__fr
449,"Bonjour, Livreur arrivé le vendredi, n'a même pas sonné. Colis déposé n'importe où. Sincères salutations.",QUALITE_SERVICE,vendredi,,,,,fr,False,"Bonjour, Livreur arrivé le vendredi, n'a même pas sonné. Colis déposé n'importe où. Sincères salutations.",bonjour livreur arrivé le vendredi n a même pas sonné colis déposé n importe où sincères salutations,QUALITE_SERVICE__fr
1865,"Madame, Monsieur, Marchandise arrivée déchirée. Colis COL-2023-47321. Plusieurs articles sont rayés et inutilisables. Merci d'avance.",PRODUIT_ENDOMMAGE,,,,,COL-2023-47321,fr,False,"Madame, Monsieur, Marchandise arrivée déchirée. Colis COL-2023-47321. Plusieurs articles sont rayés et inutilisables. Merci d'avance.",madame monsieur marchandise arrivée déchirée colis col 2023 47321 plusieurs articles sont rayés et inutilisables merci d avance,PRODUIT_ENDOMMAGE__fr
1177,"Bonsoir, Expérience terrible avec votre service. J'exige des explications. Cordialement.",QUALITE_SERVICE,,,,,,fr,False,"Bonsoir, Expérience terrible avec votre service. J'exige des explications. Cordialement.",bonsoir expérience terrible avec votre service j exige des explications cordialement,QUALITE_SERVICE__fr
1456,"Madame, Monsieur, Bonjour, demande de devis pour un envoi de 20 tonnes vers Nabeul. Merci de votre retour.",AUTRE,,,,Nabeul,,fr,False,"Madame, Monsieur, Bonjour, demande de devis pour un envoi de 20 tonnes vers Nabeul. Merci de votre retour.",madame monsieur bonjour demande de devis pour un envoi de 20 tonnes vers nabeul merci de votre retour,AUTRE__fr
561,Ma commande a totalement disparu. Numéro : LP-2023-42029. Livraison Tozeur prévue le 2024-04-01. Enquête urgente demandée. Merci beaucoup.,PERTE_VOL,01/04/2024,,,Tozeur,LP-2023-42029,fr,False,Ma commande a totalement disparu. Numéro : LP-2023-42029. Livraison Tozeur prévue le 2024-04-01. Enquête urgente demandée. Merci beaucoup.,ma commande a totalement disparu numéro lp 2023 42029 livraison tozeur prévue le 2024 04 01 enquête urgente demandée merci beaucoup,PERTE_VOL__fr
1994,"Madame, Monsieur, Je veux annuler et être remboursé 789.60euros. Commande TRK-2025-17570. Dans l'attente de votre réponse.",RETOUR_REMBOURSEMENT,,,789.60euros,,TRK-2025-17570,fr,True,"Madame, Monsieur, Je veux annuler et être remboursé 789.60euros. Commande __TRACKING__-17570. Dans l'attente de votre réponse.",madame monsieur je veux annuler et être remboursé 789 60euros commande __tracking__ 17570 dans l attente de votre réponse,RETOUR_REMBOURSEMENT__fr
1553,"Cher Service Client, Bonjour, comment procéder au retour de ma commande ? Je souhaite un remboursement intégral de 941,95 DT. Cordialement.",RETOUR_REMBOURSEMENT,,,"941,95 DT",,,fr,False,"Cher Service Client, Bonjour, comment procéder au retour de ma commande ? Je souhaite un remboursement intégral de 941,95 DT. Cordialement.",cher service client bonjour comment procéder au retour de ma commande je souhaite un remboursement intégral de 941 95 dt cordialement,RETOUR_REMBOURSEMENT__fr
442,"Bonjour, Le prix affiché était différent : 535 dt au lieu du montant annoncé. Commande BL-2023-37665. À bientôt.",FACTURATION_PAIEMENT,,,535 dt,,BL-2023-37665,fr,False,"Bonjour, Le prix affiché était différent : 535 dt au lieu du montant annoncé. Commande BL-2023-37665. À bientôt.",bonjour le prix affiché était différent 535 dt au lieu du montant annoncé commande bl 2023 37665 à bientôt,FACTURATION_PAIEMENT__fr
1487,"Bonjour, Livreur arrivé le 03/12/2025, n'a même pas sonné. Colis déposé n'importe où. Sincères salutations.",QUALITE_SERVICE,03/12/2025,,,,,fr,False,"Bonjour, Livreur arrivé le 03/12/2025, n'a même pas sonné. Colis déposé n'importe où. Sincères salutations.",bonjour livreur arrivé le 03 12 2025 n a même pas sonné colis déposé n importe où sincères salutations,QUALITE_SERVICE__fr
448,"Je suis furieux, Bonjour, comment vous joindre par téléphone ?. Réagissez !!!",AUTRE,,,,,,fr,False,"Je suis furieux, Bonjour, comment vous joindre par téléphone ?. Réagissez !!!",je suis furieux bonjour comment vous joindre par téléphone réagissez,AUTRE__fr
1714,"Madame, Monsieur, Adresse de livraison ignorée. Envoi effectué vers Médenine au lieu de Hammamet. Ref : BL-2023-67452. Sincères salutations.",ERREUR_DESTINATION,,,,Médenine,BL-2023-67452,fr,False,"Madame, Monsieur, Adresse de livraison ignorée. Envoi effectué vers Médenine au lieu de Hammamet. Ref : BL-2023-67452. Sincères salutations.",madame monsieur adresse de livraison ignorée envoi effectué vers médenine au lieu de hammamet ref bl 2023 67452 sincères salutations,ERREUR_DESTINATION__fr
479,"Cher Service Client, Bonjour, demande de devis pour un envoi de 14 tonnes vers Sfax. Dans l'attente de votre réponse.",AUTRE,,,,Sfax,,fr,False,"Cher Service Client, Bonjour, demande de devis pour un envoi de 14 tonnes vers Sfax. Dans l'attente de votre réponse.",cher service client bonjour demande de devis pour un envoi de 14 tonnes vers sfax dans l attente de votre réponse,AUTRE__fr
922,"Bonjour Madame, Monsieur, Je n'ai jamais reçu mon colis COL-2025-15546. Il devait arriver à Ettadhamen. Plus de nouvelles depuis 5 semaines. Perdu ? Bien à vous.",PERTE_VOL,,35.0,,Ettadhamen,COL-2025-15546,fr,False,"Bonjour Madame, Monsieur, Je n'ai jamais reçu mon colis COL-2025-15546. Il devait arriver à Ettadhamen. Plus de nouvelles depuis 5 semaines. Perdu ? Bien à vous.",bonjour madame monsieur je n ai jamais reçu mon colis col 2025 15546 il devait arriver à ettadhamen plus de nouvelles depuis 5 semaines perdu bien à vous,PERTE_VOL__fr
216,"Bonjour, Retour + remboursement svp. Merci de votre retour.",RETOUR_REMBOURSEMENT,,,,,,fr,False,"Bonjour, Retour + remboursement svp. Merci de votre retour.",bonjour retour remboursement svp merci de votre retour,RETOUR_REMBOURSEMENT__fr
515,"Bonjour Madame, Monsieur, J'ai contacté votre support, personne ne répond. C'est très décevant. Bien à vous.",QUALITE_SERVICE,,,,,,fr,False,"Bonjour Madame, Monsieur, J'ai contacté votre support, personne ne répond. C'est très décevant. Bien à vous.",bonjour madame monsieur j ai contacté votre support personne ne répond c est très décevant bien à vous,QUALITE_SERVICE__fr
2479,"Bonjour Madame, Monsieur, Je souhaite retourner ma commande ADR-2024-95519 et être remboursé de 1453EUR. Merci. Sincères salutations.",RETOUR_REMBOURSEMENT,,,1453EUR,,ADR-2024-95519,fr,True,"Bonjour Madame, Monsieur, Je souhaite retourner ma commande ADR-2024-95519 et être remboursé de 1453EUR. Merci. Sincères salutations.",bonjour madame monsieur je souhaite retourner ma commande adr 2024 95519 et être remboursé de 1453eur merci sincères salutations,RETOUR_REMBOURSEMENT__fr
2197,"Bonsoir, Retour + remboursement svp. Ref ADR-2024-61140. Dans l'attente de votre réponse.",RETOUR_REMBOURSEMENT,,,,,ADR-2024-61140,fr,False,"Bonsoir, Retour + remboursement svp. Ref ADR-2024-61140. Dans l'attente de votre réponse.",bonsoir retour remboursement svp ref adr 2024 61140 dans l attente de votre réponse,RETOUR_REMBOURSEMENT__fr
1629,Livraison en retard à El Menzah. Ref COL-2023-95277.,RETARD_LIVRAISON,,,,El Menzah,COL-2023-95277,fr,False,Livraison en retard à El Menzah. Ref COL-2023-95277.,livraison en retard à el menzah ref col 2023 95277,RETARD_LIVRAISON__fr
2082,"Cher Service Client, Aucune nouvelle de ma livraison CMR-2025-96248. Attendue à Manouba. Cela fait plusieurs jours d'attente. Sincères salutations.",RETARD_LIVRAISON,,,,Manouba,CMR-2025-96248,fr,False,"Cher Service Client, Aucune nouvelle de ma livraison CMR-2025-96248. Attendue à Manouba. Cela fait plusieurs jours d'attente. Sincères salutations.",cher service client aucune nouvelle de ma livraison cmr 2025 96248 attendue à manouba cela fait plusieurs jours d attente sincères salutations,RETARD_LIVRAISON__fr
368,"Bonjour Madame, Monsieur, Ma commande de 681 EUR a totalement disparu. Numéro : TR-2023-95322.. Enquête urgente demandée. Merci d'avance.",PERTE_VOL,,,681 EUR,,TR-2023-95322,fr,True,"Bonjour Madame, Monsieur, Ma commande de 681 EUR a totalement disparu. Numéro : TR-2023-95322.. Enquête urgente demandée. Merci d'avance.",bonjour madame monsieur ma commande de 681 eur a totalement disparu numéro tr 2023 95322 enquête urgente demandée merci d avance,PERTE_VOL__fr
1386,"Bonjour, Facture incorrecte : on m'a facturé 1249.57€ pour la livraison BL-2024-79586, ce n'est pas le tarif convenu. Merci de votre retour.",FACTURATION_PAIEMENT,,,1249.57€,,BL-2024-79586,fr,True,"Bonjour, Facture incorrecte : on m'a facturé 1249.57€ pour la livraison BL-2024-79586, ce n'est pas le tarif convenu. Merci de votre retour.",bonjour facture incorrecte on m a facturé 1249 57 pour la livraison bl 2024 79586 ce n est pas le tarif convenu merci de votre retour,FACTURATION_PAIEMENT__fr
1841,"Bonjour, Toujours pas livré à Tunis, colis BL-2024-95746, 4 semaines de retard. C'est long. Merci d'avance.",RETARD_LIVRAISON,,28.0,,Tunis,BL-2024-95746,fr,False,"Bonjour, Toujours pas livré à Tunis, colis BL-2024-95746, 4 semaines de retard. C'est long. Merci d'avance.",bonjour toujours pas livré à tunis colis bl 2024 95746 4 semaines de retard c est long merci d avance,RETARD_LIVRAISON__fr
1942,Je veux annuler et être remboursé. Commande CMR-2026-43467. Merci beaucoup.,RETOUR_REMBOURSEMENT,,,,,CMR-2026-43467,fr,False,Je veux annuler et être remboursé. Commande CMR-2026-43467. Merci beaucoup.,je veux annuler et être remboursé commande cmr 2026 43467 merci beaucoup,RETOUR_REMBOURSEMENT__fr
1545,"Salut, Le colis LP-2023-67138 est bloqué à Kasserine. Il devait aller à Médenine. Merci !",ERREUR_DESTINATION,,,,Kasserine,LP-2023-67138,fr,False,"Salut, Le colis LP-2023-67138 est bloqué à Kasserine. Il devait aller à Médenine. Merci !",salut le colis lp 2023 67138 est bloqué à kasserine il devait aller à médenine merci,ERREUR_DESTINATION__fr
1186,"Madame, Monsieur, Retour + remboursement svp. Ref TRK-2023-17817. Merci de votre retour.",RETOUR_REMBOURSEMENT,,,,,TRK-2023-17817,fr,False,"Madame, Monsieur, Retour + remboursement svp. Ref __TRACKING__-17817. Merci de votre retour.",madame monsieur retour remboursement svp ref __tracking__ 17817 merci de votre retour,RETOUR_REMBOURSEMENT__fr
1065,Je n'ai jamais reçu mon colis ADR-2026-83142. Il devait arriver à Toulouse. Perdu ? Merci !,PERTE_VOL,,,,Toulouse,ADR-2026-83142,fr,False,Je n'ai jamais reçu mon colis ADR-2026-83142. Il devait arriver à Toulouse. Perdu ? Merci !,je n ai jamais reçu mon colis adr 2026 83142 il devait arriver à toulouse perdu merci,PERTE_VOL__fr
1281,"Hello, Question facturation. On me demande 735,84 dt pour BL-2024-47590, alors que rien n'a été livré. Explication ? Merci d'avance.",FACTURATION_PAIEMENT,,,"735,84 dt",,BL-2024-47590,fr,False,"Hello, Question facturation. On me demande 735,84 dt pour BL-2024-47590, alors que rien n'a été livré. Explication ? Merci d'avance.",hello question facturation on me demande 735 84 dt pour bl 2024 47590 alors que rien n a été livré explication merci d avance,FACTURATION_PAIEMENT__fr
933,"Coucou, Toujours pas livré à Berlin, colis CMR-2023-78191, 57 jours de retard. C'est long. Merci !",RETARD_LIVRAISON,,57.0,,Berlin,CMR-2023-78191,fr,False,"Coucou, Toujours pas livré à Berlin, colis CMR-2023-78191, 57 jours de retard. C'est long. Merci !",coucou toujours pas livré à berlin colis cmr 2023 78191 57 jours de retard c est long merci,RETARD_LIVRAISON__fr
343,"Cher Service Client, Surcharges non expliquées de 1327,96 € sur ma facture. Ref EXP-2024-32058. Cordialement.",FACTURATION_PAIEMENT,,,"1 327,96 €",,EXP-2024-32058,fr,True,"Cher Service Client, Surcharges non expliquées de 1327,96 € sur ma facture. Ref EXP-2024-32058. Cordialement.",cher service client surcharges non expliquées de 1327 96 sur ma facture ref exp 2024 32058 cordialement,FACTURATION_PAIEMENT__fr
192,"Bonjour Madame, Monsieur, Marchandise arrivée déchirée. Colis TR-2023-78576. Plusieurs articles sont rayés et inutilisables. Cordialement.",PRODUIT_ENDOMMAGE,,,,,TR-2023-78576,fr,False,"Bonjour Madame, Monsieur, Marchandise arrivée déchirée. Colis TR-2023-78576. Plusieurs articles sont rayés et inutilisables. Cordialement.",bonjour madame monsieur marchandise arrivée déchirée colis tr 2023 78576 plusieurs articles sont rayés et inutilisables cordialement,PRODUIT_ENDOMMAGE__fr
2190,"Hello, Double prélèvement : 878.29euros le le 24 oct.. À corriger d'urgence. À bientôt.",FACTURATION_PAIEMENT,le 24 oct.,,878.29euros,,,fr,True,"Hello, Double prélèvement : 878.29euros le le 24 oct.. À corriger d'urgence. À bientôt.",hello double prélèvement 878 29euros le le 24 oct à corriger d urgence à bientôt,FACTURATION_PAIEMENT__fr
2282,"Cher Service Client, Retard important sur ma commande. Numéro de suivi : EXP-2024-43708. Prévu le 11 août. Cordialement.",RETARD_LIVRAISON,11-août,,,,EXP-2024-43708,fr,False,"Cher Service Client, Retard important sur ma commande. Numéro de suivi : EXP-2024-43708. Prévu le 11 août. Cordialement.",cher service client retard important sur ma commande numéro de suivi exp 2024 43708 prévu le 11 août cordialement,RETARD_LIVRAISON__fr
2013,"Écoutez, Bonjour, je devais recevoir mon colis ADR-2023-64259 à Alger, et rien n'est arrivé. Réagissez !",RETARD_LIVRAISON,,,,Alger,ADR-2023-64259,fr,False,"Écoutez, Bonjour, je devais recevoir mon colis ADR-2023-64259 à Alger, et rien n'est arrivé. Réagissez !",écoutez bonjour je devais recevoir mon colis adr 2023 64259 à alger et rien n est arrivé réagissez,RETARD_LIVRAISON__fr
409,Adresse de livraison ignorée. Envoi effectué vers Bruxelles au lieu de Ettadhamen.,ERREUR_DESTINATION,,,,Bruxelles,,fr,False,Adresse de livraison ignorée. Envoi effectué vers Bruxelles au lieu de Ettadhamen.,adresse de livraison ignorée envoi effectué vers bruxelles au lieu de ettadhamen,ERREUR_DESTINATION__fr
114,"Coucou, On m'a livré à la mauvaise ville. Numéro EXP-2023-23928. Destination erronée : Mahdia. Correcte : Monastir. À bientôt.",ERREUR_DESTINATION,,,,Mahdia,EXP-2023-23928,fr,False,"Coucou, On m'a livré à la mauvaise ville. Numéro EXP-2023-23928. Destination erronée : Mahdia. Correcte : Monastir. À bientôt.",coucou on m a livré à la mauvaise ville numéro exp 2023 23928 destination erronée mahdia correcte monastir à bientôt,ERREUR_DESTINATION__fr
1272,"Cher Service Client, Facture incorrecte : on m'a facturé 1003,38 € pour la livraison CMR-2023-97646, ce n'est pas le tarif convenu. Sincères salutations.",FACTURATION_PAIEMENT,,,"1 003,38 €",,CMR-2023-97646,fr,True,"Cher Service Client, Facture incorrecte : on m'a facturé 1003,38 € pour la livraison CMR-2023-97646, ce n'est pas le tarif convenu. Sincères salutations.",cher service client facture incorrecte on m a facturé 1003 38 pour la livraison cmr 2023 97646 ce n est pas le tarif convenu sincères salutations,FACTURATION_PAIEMENT__fr
155,"Bonsoir, Ma commande TR-2024-72373 devait arriver, toujours rien reçu, ça fait 96h. Sincères salutations.",RETARD_LIVRAISON,,4.0,,,TR-2024-72373,fr,False,"Bonsoir, Ma commande TR-2024-72373 devait arriver, toujours rien reçu, ça fait 96h. Sincères salutations.",bonsoir ma commande tr 2024 72373 devait arriver toujours rien reçu ça fait 96h sincères salutations,RETARD_LIVRAISON__fr
1303,"Bonjour, Mon colis EXP-2026-66784 a été livré à Paris alors que j'habite à Djerba. Je ne veux plus jamais utiliser vos services.",ERREUR_DESTINATION,,,,Paris,EXP-2026-66784,fr,False,"Bonjour, Mon colis EXP-2026-66784 a été livré à Paris alors que j'habite à Djerba. Je ne veux plus jamais utiliser vos services.",bonjour mon colis exp 2026 66784 a été livré à paris alors que j habite à djerba je ne veux plus jamais utiliser vos services,ERREUR_DESTINATION__fr
1616,"Bonjour, La boîte du colis TRK-2024-87838 est arrivée écrasée à Zaghouan et l'écran est fissuré. Merci !",PRODUIT_ENDOMMAGE,,,,Zaghouan,TRK-2024-87838,fr,False,"Bonjour, La boîte du colis __TRACKING__-87838 est arrivée écrasée à Zaghouan et l'écran est fissuré. Merci !",bonjour la boîte du colis __tracking__ 87838 est arrivée écrasée à zaghouan et l écran est fissuré merci,PRODUIT_ENDOMMAGE__fr
1878,"Madame, Monsieur, Comment obtenir une attestation de livraison ? Bien à vous.",AUTRE,,,,,,fr,False,"Madame, Monsieur, Comment obtenir une attestation de livraison ? Bien à vous.",madame monsieur comment obtenir une attestation de livraison bien à vous,AUTRE__fr
199,"Bonsoir, Reception d'un colis défectueux. EXP-2024-22358. L'article est brisé, inutilisable en l'état. Cordialement.",PRODUIT_ENDOMMAGE,,,,,EXP-2024-22358,fr,False,"Bonsoir, Reception d'un colis défectueux. EXP-2024-22358. L'article est brisé, inutilisable en l'état. Cordialement.",bonsoir reception d un colis défectueux exp 2024 22358 l article est brisé inutilisable en l état cordialement,PRODUIT_ENDOMMAGE__fr
2233,"Bonjour Madame, Monsieur, Bonjour, je devais recevoir mon colis TRK-2023-47941 à La Marsa, et rien n'est arrivé. Bien à vous.",RETARD_LIVRAISON,,,,La Marsa,TRK-2023-47941,fr,False,"Bonjour Madame, Monsieur, Bonjour, je devais recevoir mon colis __TRACKING__-47941 à La Marsa, et rien n'est arrivé. Bien à vous.",bonjour madame monsieur bonjour je devais recevoir mon colis __tracking__ 47941 à la marsa et rien n est arrivé bien à vous,RETARD_LIVRAISON__fr
555,"Bonjour, Toujours pas livré, 5 semaines de retard. C'est long. Cordialement.",RETARD_LIVRAISON,,35.0,,,,fr,False,"Bonjour, Toujours pas livré, 5 semaines de retard. C'est long. Cordialement.",bonjour toujours pas livré 5 semaines de retard c est long cordialement,RETARD_LIVRAISON__fr
1766,"Cher Service Client, Colis introuvable à El Menzah. Ref TRK-2025-31992. Disparu depuis 10 jours. Sincères salutations.",PERTE_VOL,,10.0,,El Menzah,TRK-2025-31992,fr,False,"Cher Service Client, Colis introuvable à El Menzah. Ref __TRACKING__-31992. Disparu depuis 10 jours. Sincères salutations.",cher service client colis introuvable à el menzah ref __tracking__ 31992 disparu depuis 10 jours sincères salutations,PERTE_VOL__fr
1143,"Bonsoir, Le colis ADR-2026-61857 est bloqué à Ezzahra. Il devait aller à Tozeur. Bien à vous.",ERREUR_DESTINATION,,,,Ezzahra,ADR-2026-61857,fr,False,"Bonsoir, Le colis ADR-2026-61857 est bloqué à Ezzahra. Il devait aller à Tozeur. Bien à vous.",bonsoir le colis adr 2026 61857 est bloqué à ezzahra il devait aller à tozeur bien à vous,ERREUR_DESTINATION__fr
651,"Bonjour, Le prix affiché était différent : 875,92 EUR au lieu du montant annoncé. Commande BL-2024-36267. Bien à vous.",FACTURATION_PAIEMENT,,,"875,92 EUR",,BL-2024-36267,fr,True,"Bonjour, Le prix affiché était différent : 875,92 EUR au lieu du montant annoncé. Commande BL-2024-36267. Bien à vous.",bonjour le prix affiché était différent 875 92 eur au lieu du montant annoncé commande bl 2024 36267 bien à vous,FACTURATION_PAIEMENT__fr
2374,"Bonjour, Double prélèvement : 406 euros le 12/08/2025 et à nouveau 1322 TND. À corriger d'urgence. Cordialement.",FACTURATION_PAIEMENT,12/08/2025,,406 euros,,,fr,True,"Bonjour, Double prélèvement : 406 euros le 12/08/2025 et à nouveau 1322 TND. À corriger d'urgence. Cordialement.",bonjour double prélèvement 406 euros le 12 08 2025 et à nouveau 1322 tnd à corriger d urgence cordialement,FACTURATION_PAIEMENT__fr
1091,"Bonsoir, J'ai été débité deux fois 665.40 € pour la même commande BL-2024-96703. Cordialement.",FACTURATION_PAIEMENT,,,665.40 €,,BL-2024-96703,fr,True,"Bonsoir, J'ai été débité deux fois 665.40 € pour la même commande BL-2024-96703. Cordialement.",bonsoir j ai été débité deux fois 665 40 pour la même commande bl 2024 96703 cordialement,FACTURATION_PAIEMENT__fr
487,"Bonsoir, Je n'ai jamais reçu mon colis PKG-2023-73284. Il devait arriver à Rabat. Plus de nouvelles depuis 9 jours. Perdu ? Sincères salutations.",PERTE_VOL,,9.0,,Rabat,PKG-2023-73284,fr,False,"Bonsoir, Je n'ai jamais reçu mon colis PKG-2023-73284. Il devait arriver à Rabat. Plus de nouvelles depuis 9 jours. Perdu ? Sincères salutations.",bonsoir je n ai jamais reçu mon colis pkg 2023 73284 il devait arriver à rabat plus de nouvelles depuis 9 jours perdu sincères salutations,PERTE_VOL__fr
605,J'attends toujours mon remboursement de 874.20TND. C'est long !,RETOUR_REMBOURSEMENT,,,874.20TND,,,fr,False,J'attends toujours mon remboursement de 874.20TND. C'est long !,j attends toujours mon remboursement de 874 20tnd c est long,RETOUR_REMBOURSEMENT__fr
319,"Bonjour Madame, Monsieur, Marchandise arrivée déchirée. Colis BL-2025-59510. Plusieurs articles sont rayés et inutilisables. Merci de votre retour.",PRODUIT_ENDOMMAGE,,,,,BL-2025-59510,fr,False,"Bonjour Madame, Monsieur, Marchandise arrivée déchirée. Colis BL-2025-59510. Plusieurs articles sont rayés et inutilisables. Merci de votre retour.",bonjour madame monsieur marchandise arrivée déchirée colis bl 2025 59510 plusieurs articles sont rayés et inutilisables merci de votre retour,PRODUIT_ENDOMMAGE__fr
267,"Cher Service Client, Retard important sur ma commande. Numéro de suivi : CMR-2026-60956. Prévu le 5 mars. 8 semaines de retard. Cordialement.",RETARD_LIVRAISON,05-mars,56.0,,,CMR-2026-60956,fr,False,"Cher Service Client, Retard important sur ma commande. Numéro de suivi : CMR-2026-60956. Prévu le 5 mars. 8 semaines de retard. Cordialement.",cher service client retard important sur ma commande numéro de suivi cmr 2026 60956 prévu le 5 mars 8 semaines de retard cordialement,RETARD_LIVRAISON__fr
1050,"Salut, Erreur d'adresse : le colis TR-2026-56351 est parti sur Hammamet, moi je suis à Sousse. Que faire ? À bientôt.",ERREUR_DESTINATION,,,,Hammamet,TR-2026-56351,fr,False,"Salut, Erreur d'adresse : le colis TR-2026-56351 est parti sur Hammamet, moi je suis à Sousse. Que faire ? À bientôt.",salut erreur d adresse le colis tr 2026 56351 est parti sur hammamet moi je suis à sousse que faire à bientôt,ERREUR_DESTINATION__fr
2176,"Bonjour Madame, Monsieur, Prélèvement erroné de 626.84 EUR. Merci de rectifier. Sincères salutations.",FACTURATION_PAIEMENT,,,626.84 EUR,,,fr,True,"Bonjour Madame, Monsieur, Prélèvement erroné de 626.84 EUR. Merci de rectifier. Sincères salutations.",bonjour madame monsieur prélèvement erroné de 626 84 eur merci de rectifier sincères salutations,FACTURATION_PAIEMENT__fr
493,"Hello, Je veux annuler et être remboursé 1141.47 euros. Commande TRK-2026-22280. Merci d'avance.",RETOUR_REMBOURSEMENT,,,1141.47 euros,,TRK-2026-22280,fr,True,"Hello, Je veux annuler et être remboursé 1141.47 euros. Commande __TRACKING__-22280. Merci d'avance.",hello je veux annuler et être remboursé 1141 47 euros commande __tracking__ 22280 merci d avance,RETOUR_REMBOURSEMENT__fr
2273,"Colis LP-2024-59414 égaré dans le circuit. Départ Kairouan. Valeur : 493,87 dt. Merci d'avance.",PERTE_VOL,,,"493,87 dt",Kairouan,LP-2024-59414,fr,False,"Colis LP-2024-59414 égaré dans le circuit. Départ Kairouan. Valeur : 493,87 dt. Merci d'avance.",colis lp 2024 59414 égaré dans le circuit départ kairouan valeur 493 87 dt merci d avance,PERTE_VOL__fr
1790,"Hello, Aucun professionnalisme. Personne ne rappelle. Colis BL-2024-55808. Merci d'avance.",QUALITE_SERVICE,,,,,BL-2024-55808,fr,False,"Hello, Aucun professionnalisme. Personne ne rappelle. Colis BL-2024-55808. Merci d'avance.",hello aucun professionnalisme personne ne rappelle colis bl 2024 55808 merci d avance,QUALITE_SERVICE__fr
212,"Je suis furieux, Question facturation. On me demande 1760 dt, ALORS que rien n'a été livré. Explication ? Je vais résilier si ça continue!!",FACTURATION_PAIEMENT,,,1760 dt,,,fr,False,"Je suis furieux, Question facturation. On me demande 1760 dt, ALORS que rien n'a été livré. Explication ? Je vais résilier si ça continue!!",je suis furieux question facturation on me demande 1760 dt alors que rien n a été livré explication je vais résilier si ça continue,FACTURATION_PAIEMENT__fr
1776,"Cher Service Client, Adresse de livraison ignorée. Envoi effectué vers Kairouan au lieu de Tunis. Ref : BL-2025-19518. Cordialement.",ERREUR_DESTINATION,,,,Kairouan,BL-2025-19518,fr,False,"Cher Service Client, Adresse de livraison ignorée. Envoi effectué vers Kairouan au lieu de Tunis. Ref : BL-2025-19518. Cordialement.",cher service client adresse de livraison ignorée envoi effectué vers kairouan au lieu de tunis ref bl 2025 19518 cordialement,ERREUR_DESTINATION__fr
1210,"Cher Service Client, Le prix affiché était différent : 729euros au lieu du montant annoncé. Merci de votre retour.",FACTURATION_PAIEMENT,,,729euros,,,fr,True,"Cher Service Client, Le prix affiché était différent : 729euros au lieu du montant annoncé. Merci de votre retour.",cher service client le prix affiché était différent 729euros au lieu du montant annoncé merci de votre retour,FACTURATION_PAIEMENT__fr
1741,"Salut, Expérience terrible avec votre service à Djerba. J'exige des explications. Merci d'avance.",QUALITE_SERVICE,,,,Djerba,,fr,False,"Salut, Expérience terrible avec votre service à Djerba. J'exige des explications. Merci d'avance.",salut expérience terrible avec votre service à djerba j exige des explications merci d avance,QUALITE_SERVICE__fr
1881,"Colis reçu endommagé. Le carton était perforé, le contenu est HS. Réagissez !...",PRODUIT_ENDOMMAGE,,,,,,fr,False,"Colis reçu endommagé. Le carton était perforé, le contenu est HS. Réagissez !...",colis reçu endommagé le carton était perforé le contenu est hs réagissez,PRODUIT_ENDOMMAGE__fr
370,"Cher Service Client, Bonjour, comment vous joindre par téléphone ?. Merci d'avance.",AUTRE,,,,,,fr,False,"Cher Service Client, Bonjour, comment vous joindre par téléphone ?. Merci d'avance.",cher service client bonjour comment vous joindre par téléphone merci d avance,AUTRE__fr
546,"Bonjour, Le colis TR-2024-58349 est marqué livré, mais je n'ai rien reçu. Je pense qu'il a été volé. À bientôt.",PERTE_VOL,,,,,TR-2024-58349,fr,False,"Bonjour, Le colis TR-2024-58349 est marqué livré, mais je n'ai rien reçu. Je pense qu'il a été volé. À bientôt.",bonjour le colis tr 2024 58349 est marqué livré mais je n ai rien reçu je pense qu il a été volé à bientôt,PERTE_VOL__fr
256,"Bonjour, Colis perdu égaré dans le circuit. À bientôt.",PERTE_VOL,,,,,,fr,False,"Bonjour, Colis perdu égaré dans le circuit. À bientôt.",bonjour colis perdu égaré dans le circuit à bientôt,PERTE_VOL__fr
892,"Écoutez, Ma commande a totalement disparu. Numéro : TR-2023-95439. Livraison El Menzah prévue le 19/04/2024. Enquête urgente demandée. Réagissez !",PERTE_VOL,19/04/2024,,,El Menzah,TR-2023-95439,fr,False,"Écoutez, Ma commande a totalement disparu. Numéro : TR-2023-95439. Livraison El Menzah prévue le 19/04/2024. Enquête urgente demandée. Réagissez !",écoutez ma commande a totalement disparu numéro tr 2023 95439 livraison el menzah prévue le 19 04 2024 enquête urgente demandée réagissez,PERTE_VOL__fr
1508,"Je suis furieux, Facture incorrecte : on m'a facturé 50euros pour la livraison LP-2026-69524 à Nice, ce n'est pas le tarif convenu. C'est inacceptable !...",FACTURATION_PAIEMENT,,,50euros,Nice,LP-2026-69524,fr,True,"Je suis furieux, Facture incorrecte : on m'a facturé 50euros pour la livraison LP-2026-69524 à Nice, ce n'est pas le tarif convenu. C'est inacceptable !...",je suis furieux facture incorrecte on m a facturé 50euros pour la livraison lp 2026 69524 à nice ce n est pas le tarif convenu c est inacceptable,FACTURATION_PAIEMENT__fr
738,"Bonjour, Expérience terrible avec votre service. J'exige des explications. Dernière chance avant plainte officielle.",QUALITE_SERVICE,,,,,,fr,False,"Bonjour, Expérience terrible avec votre service. J'exige des explications. Dernière chance avant plainte officielle.",bonjour expérience terrible avec votre service j exige des explications dernière chance avant plainte officielle,QUALITE_SERVICE__fr
242,"Madame, Monsieur, Le colis COL-2026-94540 est en retard de 2 semaines. Sincères salutations.",RETARD_LIVRAISON,,14.0,,,COL-2026-94540,fr,False,"Madame, Monsieur, Le colis COL-2026-94540 est en retard de 2 semaines. Sincères salutations.",madame monsieur le colis col 2026 94540 est en retard de 2 semaines sincères salutations,RETARD_LIVRAISON__fr
2442,"Coucou, Mon téléphone est arrivé à Genève completement cassé. Ref LP-2026-30906. À bientôt.",PRODUIT_ENDOMMAGE,,,,Genève,LP-2026-30906,fr,False,"Coucou, Mon téléphone est arrivé à Genève completement cassé. Ref LP-2026-30906. À bientôt.",coucou mon téléphone est arrivé à genève completement cassé ref lp 2026 30906 à bientôt,PRODUIT_ENDOMMAGE__fr
625,"Bonsoir, Le colis EXP-2025-28844 est bloqué à Lyon. Il devait aller à Gabès. 54 jours de perdu. Merci d'avance.",ERREUR_DESTINATION,,54.0,,Lyon,EXP-2025-28844,fr,False,"Bonsoir, Le colis EXP-2025-28844 est bloqué à Lyon. Il devait aller à Gabès. 54 jours de perdu. Merci d'avance.",bonsoir le colis exp 2025 28844 est bloqué à lyon il devait aller à gabès 54 jours de perdu merci d avance,ERREUR_DESTINATION__fr
769,"Cher Service Client, Je veux annuler et être remboursé. Commande PKG-2026-59724. Sincères salutations.",RETOUR_REMBOURSEMENT,,,,,PKG-2026-59724,fr,False,"Cher Service Client, Je veux annuler et être remboursé. Commande PKG-2026-59724. Sincères salutations.",cher service client je veux annuler et être remboursé commande pkg 2026 59724 sincères salutations,RETOUR_REMBOURSEMENT__fr
1172,"Hello, Retour + remboursement svp. Ref EXP-2025-49589. Le produit ne me convient pas. Merci !",RETOUR_REMBOURSEMENT,,,,,EXP-2025-49589,fr,False,"Hello, Retour + remboursement svp. Ref EXP-2025-49589. Le produit ne me convient pas. Merci !",hello retour remboursement svp ref exp 2025 49589 le produit ne me convient pas merci,RETOUR_REMBOURSEMENT__fr
1009,"Livreur arrivé à Tozeur, n'a même pas sonné. Colis déposé n'importe où. C'est inacceptable !...",QUALITE_SERVICE,,,,Tozeur,,fr,False,"Livreur arrivé à Tozeur, n'a même pas sonné. Colis déposé n'importe où. C'est inacceptable !...",livreur arrivé à tozeur n a même pas sonné colis déposé n importe où c est inacceptable,QUALITE_SERVICE__fr
842,Question générale : quels sont vos horaires d'ouverture à Médenine ? À bientôt.,AUTRE,,,,Médenine,,fr,False,Question générale : quels sont vos horaires d'ouverture à Médenine ? À bientôt.,question générale quels sont vos horaires d ouverture à médenine à bientôt,AUTRE__fr
2089,"Salut, Mon tablette d'une valeur de quelques centaines est cassé à la réception. Colis EXP-2026-78122. Adresse : Manouba.",PRODUIT_ENDOMMAGE,,,,Manouba,EXP-2026-78122,fr,False,"Salut, Mon tablette d'une valeur de quelques centaines est cassé à la réception. Colis EXP-2026-78122. Adresse : Manouba.",salut mon tablette d une valeur de quelques centaines est cassé à la réception colis exp 2026 78122 adresse manouba,PRODUIT_ENDOMMAGE__fr
1746,"Madame, Monsieur, Le prix affiché était différent : 1418,20 eur au lieu du montant annoncé. Commande CMR-2023-28756. Merci d'avance.",FACTURATION_PAIEMENT,,,"1418,20 eur",,CMR-2023-28756,fr,True,"Madame, Monsieur, Le prix affiché était différent : 1418,20 eur au lieu du montant annoncé. Commande CMR-2023-28756. Merci d'avance.",madame monsieur le prix affiché était différent 1418 20 eur au lieu du montant annoncé commande cmr 2023 28756 merci d avance,FACTURATION_PAIEMENT__fr
1101,"Bonjour, Expérience terrible avec votre service à Marseille. J'exige des explications. Je saisirai un avocat si rien ne bouge.",QUALITE_SERVICE,,,,Marseille,,fr,False,"Bonjour, Expérience terrible avec votre service à Marseille. J'exige des explications. Je saisirai un avocat si rien ne bouge.",bonjour expérience terrible avec votre service à marseille j exige des explications je saisirai un avocat si rien ne bouge,QUALITE_SERVICE__fr
1636,"Bonjour Madame, Monsieur, Le tracking indique 'livré' le 18 mars, mais rien à la maison. Colis TR-2023-76659 volé je pense. Merci de votre retour.",PERTE_VOL,18-mars,,,,TR-2023-76659,fr,False,"Bonjour Madame, Monsieur, Le tracking indique 'livré' le 18 mars, mais rien à la maison. Colis TR-2023-76659 volé je pense. Merci de votre retour.",bonjour madame monsieur le tracking indique livré le 18 mars mais rien à la maison colis tr 2023 76659 volé je pense merci de votre retour,PERTE_VOL__fr
2400,"Bonjour Madame, Monsieur, Facture incorrecte : on m'a facturé 308.77 DT pour la livraison TRK-2024-78702 à Milan, ce n'est pas le tarif convenu. Sincères salutations.",FACTURATION_PAIEMENT,,,308.77 DT,Milan,TRK-2024-78702,fr,False,"Bonjour Madame, Monsieur, Facture incorrecte : on m'a facturé 308.77 DT pour la livraison __TRACKING__-78702 à Milan, ce n'est pas le tarif convenu. Sincères salutations.",bonjour madame monsieur facture incorrecte on m a facturé 308 77 dt pour la livraison __tracking__ 78702 à milan ce n est pas le tarif convenu sincères salutations,FACTURATION_PAIEMENT__fr
1332,"Bonjour, Ma commande a totalement disparu. Numéro : EXP-2025-33600. prévue le le 11 oct.. Enquête urgente demandée. Sincères salutations.",PERTE_VOL,le 11 oct.,,,,EXP-2025-33600,fr,False,"Bonjour, Ma commande a totalement disparu. Numéro : EXP-2025-33600. prévue le le 11 oct.. Enquête urgente demandée. Sincères salutations.",bonjour ma commande a totalement disparu numéro exp 2025 33600 prévue le le 11 oct enquête urgente demandée sincères salutations,PERTE_VOL__fr
1546,"Hello, Bonjour, comment procéder au retour de ma commande PKG-2026-56694 ? Je souhaite un remboursement intégral de 1740 DT. À bientôt.",RETOUR_REMBOURSEMENT,,,1740 DT,,PKG-2026-56694,fr,False,"Hello, Bonjour, comment procéder au retour de ma commande PKG-2026-56694 ? Je souhaite un remboursement intégral de 1740 DT. À bientôt.",hello bonjour comment procéder au retour de ma commande pkg 2026 56694 je souhaite un remboursement intégral de 1740 dt à bientôt,RETOUR_REMBOURSEMENT__fr
735,"Salut, Colis introuvable à Sfax. Disparu depuis 2 semaines.",PERTE_VOL,,14.0,,Sfax,,fr,False,"Salut, Colis introuvable à Sfax. Disparu depuis 2 semaines.",salut colis introuvable à sfax disparu depuis 2 semaines,PERTE_VOL__fr
1046,"Cher Service Client, La boîte du colis CMR-2025-39990 est arrivée écrasée et tout est en miettes. Sincères salutations.",PRODUIT_ENDOMMAGE,,,,,CMR-2025-39990,fr,False,"Cher Service Client, La boîte du colis CMR-2025-39990 est arrivée écrasée et tout est en miettes. Sincères salutations.",cher service client la boîte du colis cmr 2025 39990 est arrivée écrasée et tout est en miettes sincères salutations,PRODUIT_ENDOMMAGE__fr
1305,"Bonjour, Bonjour, je devais recevoir mon colis TRK-2026-31784, et rien n'est arrivé depuis 5 semaines. Je veux parler à un responsable, IMMÉDIATEMENT.",RETARD_LIVRAISON,,35.0,,,TRK-2026-31784,fr,False,"Bonjour, Bonjour, je devais recevoir mon colis __TRACKING__-31784, et rien n'est arrivé depuis 5 semaines. Je veux parler à un responsable, IMMÉDIATEMENT.",bonjour bonjour je devais recevoir mon colis __tracking__ 31784 et rien n est arrivé depuis 5 semaines je veux parler à un responsable immédiatement,RETARD_LIVRAISON__fr
356,"Madame, Monsieur, Facture incorrecte : on m'a facturé 899.41DT pour la livraison TR-2025-94974, ce n'est pas le tarif convenu. Sincères salutations.",FACTURATION_PAIEMENT,,,899.41DT,,TR-2025-94974,fr,False,"Madame, Monsieur, Facture incorrecte : on m'a facturé 899.41DT pour la livraison TR-2025-94974, ce n'est pas le tarif convenu. Sincères salutations.",madame monsieur facture incorrecte on m a facturé 899 41dt pour la livraison tr 2025 94974 ce n est pas le tarif convenu sincères salutations,FACTURATION_PAIEMENT__fr
1549,"Coucou, Colis introuvable à Ariana. Ref COL-2025-65747. Dernier suivi le 2024-07-26. Merci d'avance.",PERTE_VOL,26/07/2024,,,Ariana,COL-2025-65747,fr,False,"Coucou, Colis introuvable à Ariana. Ref COL-2025-65747. Dernier suivi le 2024-07-26. Merci d'avance.",coucou colis introuvable à ariana ref col 2025 65747 dernier suivi le 2024 07 26 merci d avance,PERTE_VOL__fr
2345,"Bonjour, Toujours pas livré. C'est long. Cordialement.",RETARD_LIVRAISON,,,,,,fr,False,"Bonjour, Toujours pas livré. C'est long. Cordialement.",bonjour toujours pas livré c est long cordialement,RETARD_LIVRAISON__fr
1142,"Bonjour, Aucune nouvelle de ma livraison PKG-2025-47065 le 30 juillet. Cela fait 3 mois d'attente. Merci d'avance.",RETARD_LIVRAISON,30-juil.,90.0,,,PKG-2025-47065,fr,False,"Bonjour, Aucune nouvelle de ma livraison PKG-2025-47065 le 30 juillet. Cela fait 3 mois d'attente. Merci d'avance.",bonjour aucune nouvelle de ma livraison pkg 2025 47065 le 30 juillet cela fait 3 mois d attente merci d avance,RETARD_LIVRAISON__fr
559,"Coucou, On m'a livré à la mauvaise ville. Destination erronée : Ettadhamen. Correcte : Zaghouan. À bientôt.",ERREUR_DESTINATION,,,,Ettadhamen,,fr,False,"Coucou, On m'a livré à la mauvaise ville. Destination erronée : Ettadhamen. Correcte : Zaghouan. À bientôt.",coucou on m a livré à la mauvaise ville destination erronée ettadhamen correcte zaghouan à bientôt,ERREUR_DESTINATION__fr
177,"Salut, Retour + remboursement svp. Merci !",RETOUR_REMBOURSEMENT,,,,,,fr,False,"Salut, Retour + remboursement svp. Merci !",salut retour remboursement svp merci,RETOUR_REMBOURSEMENT__fr
505,"Bonjour, Colis ADR-2026-41784 égaré dans le circuit. Départ Ettadhamen. Bloqué depuis 28 jours. Merci d'avance.",PERTE_VOL,,28.0,,Ettadhamen,ADR-2026-41784,fr,False,"Bonjour, Colis ADR-2026-41784 égaré dans le circuit. Départ Ettadhamen. Bloqué depuis 28 jours. Merci d'avance.",bonjour colis adr 2026 41784 égaré dans le circuit départ ettadhamen bloqué depuis 28 jours merci d avance,PERTE_VOL__fr
696,"Bonjour, Surcharges non expliquées de 1181€ sur ma facture pour Ettadhamen. Merci d'avance.",FACTURATION_PAIEMENT,,,1 181 €,Ettadhamen,,fr,True,"Bonjour, Surcharges non expliquées de 1181€ sur ma facture pour Ettadhamen. Merci d'avance.",bonjour surcharges non expliquées de 1181 sur ma facture pour ettadhamen merci d avance,FACTURATION_PAIEMENT__fr
996,Prélèvement erroné de 85 euros. Merci de rectifier. Je ne veux plus jamais utiliser vos services!!,FACTURATION_PAIEMENT,,,85 euros,,,fr,True,Prélèvement erroné de 85 euros. Merci de rectifier. Je ne veux plus jamais utiliser vos services!!,prélèvement erroné de 85 euros merci de rectifier je ne veux plus jamais utiliser vos services,FACTURATION_PAIEMENT__fr
64,"Madame, Monsieur, Mon clavier est arrivé à Manouba le 10 août completement cassé. Ref BL-2026-84302. Il coûtait 1726€. Cordialement.",PRODUIT_ENDOMMAGE,10-août,,1 726 €,Manouba,BL-2026-84302,fr,True,"Madame, Monsieur, Mon clavier est arrivé à Manouba le 10 août completement cassé. Ref BL-2026-84302. Il coûtait 1726€. Cordialement.",madame monsieur mon clavier est arrivé à manouba le 10 août completement cassé ref bl 2026 84302 il coûtait 1726 cordialement,PRODUIT_ENDOMMAGE__fr
2318,Mon vase d'une valeur de quelques centaines est cassé à la réception. Colis BL-2023-94847. Adresse : Monastir. Merci beaucoup.,PRODUIT_ENDOMMAGE,,,,Monastir,BL-2023-94847,fr,False,Mon vase d'une valeur de quelques centaines est cassé à la réception. Colis BL-2023-94847. Adresse : Monastir. Merci beaucoup.,mon vase d une valeur de quelques centaines est cassé à la réception colis bl 2023 94847 adresse monastir merci beaucoup,PRODUIT_ENDOMMAGE__fr
1561,"Bonjour, J'ai été débité deux fois 1470,60 € pour la même commande EXP-2024-75281 le le 10 fév.. Dans l'attente de votre réponse.",FACTURATION_PAIEMENT,le 10 fév.,,"1 470,60 €",,EXP-2024-75281,fr,True,"Bonjour, J'ai été débité deux fois 1470,60 € pour la même commande EXP-2024-75281 le le 10 fév.. Dans l'attente de votre réponse.",bonjour j ai été débité deux fois 1470 60 pour la même commande exp 2024 75281 le le 10 fév dans l attente de votre réponse,FACTURATION_PAIEMENT__fr
533,"Bonjour, Comment obtenir une attestation de livraison ? Dans l'attente de votre réponse.",AUTRE,,,,,,fr,False,"Bonjour, Comment obtenir une attestation de livraison ? Dans l'attente de votre réponse.",bonjour comment obtenir une attestation de livraison dans l attente de votre réponse,AUTRE__fr
2027,"Bonjour Madame, Monsieur, Mon colis CMR-2025-54093 a été livré à Ezzahra alors que j'habite à Gabès. Bien à vous.",ERREUR_DESTINATION,,,,Ezzahra,CMR-2025-54093,fr,False,"Bonjour Madame, Monsieur, Mon colis CMR-2025-54093 a été livré à Ezzahra alors que j'habite à Gabès. Bien à vous.",bonjour madame monsieur mon colis cmr 2025 54093 a été livré à ezzahra alors que j habite à gabès bien à vous,ERREUR_DESTINATION__fr
831,C'est inadmissible ! Livraison en retard à Tozeur. Ref COL-2026-46506. Attendu le 16 novembre. Je saisirai un avocat si rien ne bouge.,RETARD_LIVRAISON,16-nov.,,,Tozeur,COL-2026-46506,fr,False,C'est inadmissible ! Livraison en retard à Tozeur. Ref COL-2026-46506. Attendu le 16 novembre. Je saisirai un avocat si rien ne bouge.,c est inadmissible livraison en retard à tozeur ref col 2026 46506 attendu le 16 novembre je saisirai un avocat si rien ne bouge,RETARD_LIVRAISON__fr
1677,"Cher Service Client, Expérience terrible avec votre service à Sousse. J'exige des explications. Dans l'attente de votre réponse.",QUALITE_SERVICE,,,,Sousse,,fr,False,"Cher Service Client, Expérience terrible avec votre service à Sousse. J'exige des explications. Dans l'attente de votre réponse.",cher service client expérience terrible avec votre service à sousse j exige des explications dans l attente de votre réponse,QUALITE_SERVICE__fr
1047,"Madame, Monsieur, Aucun professionnalisme à Rabat. Personne ne rappelle. Sincères salutations.",QUALITE_SERVICE,,,,Rabat,,fr,False,"Madame, Monsieur, Aucun professionnalisme à Rabat. Personne ne rappelle. Sincères salutations.",madame monsieur aucun professionnalisme à rabat personne ne rappelle sincères salutations,QUALITE_SERVICE__fr
1725,"Cher Service Client, Prélèvement erroné de 1331,70 DT constaté le 2025-08-09. Merci de rectifier. Merci d'avance.",FACTURATION_PAIEMENT,09/08/2025,,"1331,70 DT",,,fr,False,"Cher Service Client, Prélèvement erroné de 1331,70 DT constaté le 2025-08-09. Merci de rectifier. Merci d'avance.",cher service client prélèvement erroné de 1331 70 dt constaté le 2025 08 09 merci de rectifier merci d avance,FACTURATION_PAIEMENT__fr
198,"Bonjour, Je souhaite retourner ma commande et être remboursé de 1966 EUR. Merci. Merci d'avance.",RETOUR_REMBOURSEMENT,,,1966 EUR,,,fr,True,"Bonjour, Je souhaite retourner ma commande et être remboursé de 1966 EUR. Merci. Merci d'avance.",bonjour je souhaite retourner ma commande et être remboursé de 1966 eur merci merci d avance,RETOUR_REMBOURSEMENT__fr
2004,"Bonsoir, Colis EXP-2023-97257 endommagé à Madrid. Le carton était perforé, le contenu est HS. Sincères salutations.",PRODUIT_ENDOMMAGE,,,,Madrid,EXP-2023-97257,fr,False,"Bonsoir, Colis EXP-2023-97257 endommagé à Madrid. Le carton était perforé, le contenu est HS. Sincères salutations.",bonsoir colis exp 2023 97257 endommagé à madrid le carton était perforé le contenu est hs sincères salutations,PRODUIT_ENDOMMAGE__fr
1915,"Bonjour Madame, Monsieur, Retour + remboursement svp. Ref ADR-2023-57144. Bien à vous.",RETOUR_REMBOURSEMENT,,,,,ADR-2023-57144,fr,False,"Bonjour Madame, Monsieur, Retour + remboursement svp. Ref ADR-2023-57144. Bien à vous.",bonjour madame monsieur retour remboursement svp ref adr 2023 57144 bien à vous,RETOUR_REMBOURSEMENT__fr
2451,"Bonsoir, Surcharges non expliquées de 784.53DT sur ma facture. Ref PKG-2025-74937. Sincères salutations.",FACTURATION_PAIEMENT,,,784.53DT,,PKG-2025-74937,fr,False,"Bonsoir, Surcharges non expliquées de 784.53DT sur ma facture. Ref PKG-2025-74937. Sincères salutations.",bonsoir surcharges non expliquées de 784 53dt sur ma facture ref pkg 2025 74937 sincères salutations,FACTURATION_PAIEMENT__fr
980,"Bonjour, Bonjour, comment procéder au retour de ma commande ? Je souhaite un remboursement intégral de 1229 EUR. Cordialement.",RETOUR_REMBOURSEMENT,,,1229 EUR,,,fr,True,"Bonjour, Bonjour, comment procéder au retour de ma commande ? Je souhaite un remboursement intégral de 1229 EUR. Cordialement.",bonjour bonjour comment procéder au retour de ma commande je souhaite un remboursement intégral de 1229 eur cordialement,RETOUR_REMBOURSEMENT__fr
817,"Salut, J'ai contacté votre support, personne ne répond. C'est très décevant. Merci beaucoup.",QUALITE_SERVICE,,,,,,fr,False,"Salut, J'ai contacté votre support, personne ne répond. C'est très décevant. Merci beaucoup.",salut j ai contacté votre support personne ne répond c est très décevant merci beaucoup,QUALITE_SERVICE__fr
522,"Écoutez, Produit reçu abîmé. Emballage détruit. Numéro BL-2024-20198. J attends depuis 6 semaines un geste. C'est inacceptable !",PRODUIT_ENDOMMAGE,,42.0,,,BL-2024-20198,fr,False,"Écoutez, Produit reçu abîmé. Emballage détruit. Numéro BL-2024-20198. J attends depuis 6 semaines un geste. C'est inacceptable !",écoutez produit reçu abîmé emballage détruit numéro bl 2024 20198 j attends depuis 6 semaines un geste c est inacceptable,PRODUIT_ENDOMMAGE__fr
412,"Salut, Aucune nouvelle de ma livraison BL-2024-30144. Cela fait 48h d'attente.",RETARD_LIVRAISON,,2.0,,,BL-2024-30144,fr,False,"Salut, Aucune nouvelle de ma livraison BL-2024-30144. Cela fait 48h d'attente.",salut aucune nouvelle de ma livraison bl 2024 30144 cela fait 48h d attente,RETARD_LIVRAISON__fr
453,"Bonjour, Mon tablette d'une valeur de quelques centaines est cassé à la réception. COLIS BL-2026-54225. Adresse : Kasserine. Réagissez !",PRODUIT_ENDOMMAGE,,,,Kasserine,BL-2026-54225,fr,False,"Bonjour, Mon tablette d'une valeur de quelques centaines est cassé à la réception. COLIS BL-2026-54225. Adresse : Kasserine. Réagissez !",bonjour mon tablette d une valeur de quelques centaines est cassé à la réception colis bl 2026 54225 adresse kasserine réagissez,PRODUIT_ENDOMMAGE__fr
2489,Retard important sur ma commande. Destination : Béja. Merci beaucoup.,RETARD_LIVRAISON,,,,Béja,,fr,False,Retard important sur ma commande. Destination : Béja. Merci beaucoup.,retard important sur ma commande destination béja merci beaucoup,RETARD_LIVRAISON__fr
1391,"Ça suffit maintenant, Erreur d'adresse : le colis TRK-2025-29583 est PARTI sur Mahdia, moi je suis à Ben Arous. Que faire ? Réagissez !",ERREUR_DESTINATION,,,,Mahdia,TRK-2025-29583,fr,False,"Ça suffit maintenant, Erreur d'adresse : le colis __TRACKING__-29583 est PARTI sur Mahdia, moi je suis à Ben Arous. Que faire ? Réagissez !",ça suffit maintenant erreur d adresse le colis __tracking__ 29583 est parti sur mahdia moi je suis à ben arous que faire réagissez,ERREUR_DESTINATION__fr
706,"Bonjour Madame, Monsieur, Livraison en retard à Nabeul. Ref PKG-2023-56488. Merci de votre retour.",RETARD_LIVRAISON,,,,Nabeul,PKG-2023-56488,fr,False,"Bonjour Madame, Monsieur, Livraison en retard à Nabeul. Ref PKG-2023-56488. Merci de votre retour.",bonjour madame monsieur livraison en retard à nabeul ref pkg 2023 56488 merci de votre retour,RETARD_LIVRAISON__fr
1844,"Madame, Monsieur, Je veux annuler et être remboursé 661eur Sincères salutations.",RETOUR_REMBOURSEMENT,,,661eur,,,fr,True,"Madame, Monsieur, Je veux annuler et être remboursé 661eur Sincères salutations.",madame monsieur je veux annuler et être remboursé 661eur sincères salutations,RETOUR_REMBOURSEMENT__fr
1089,"Hello, Aucun professionnalisme à Tunis. Personne ne rappelle. À bientôt.",QUALITE_SERVICE,,,,Tunis,,fr,False,"Hello, Aucun professionnalisme à Tunis. Personne ne rappelle. À bientôt.",hello aucun professionnalisme à tunis personne ne rappelle à bientôt,QUALITE_SERVICE__fr
379,"Madame, Monsieur, Produit reçu abîmé. Emballage détruit. Numéro PKG-2023-16799. Livraison Djerba. J attends un geste. Cordialement.",PRODUIT_ENDOMMAGE,,,,Djerba,PKG-2023-16799,fr,False,"Madame, Monsieur, Produit reçu abîmé. Emballage détruit. Numéro PKG-2023-16799. Livraison Djerba. J attends un geste. Cordialement.",madame monsieur produit reçu abîmé emballage détruit numéro pkg 2023 16799 livraison djerba j attends un geste cordialement,PRODUIT_ENDOMMAGE__fr
913,"Bonjour, Souhaite ouvrir un compte pro pour mes envois. Volume mensuel estimé : 334.02€ de frais. Bien à vous.",AUTRE,,,334.02€,,,fr,True,"Bonjour, Souhaite ouvrir un compte pro pour mes envois. Volume mensuel estimé : 334.02€ de frais. Bien à vous.",bonjour souhaite ouvrir un compte pro pour mes envois volume mensuel estimé 334 02 de frais bien à vous,AUTRE__fr
1689,"Bonjour, Adresse de livraison ignorée. Envoi effectué vers El Menzah au lieu de Nabeul. Ref : EXP-2025-42229. Dans l'attente de votre réponse.",ERREUR_DESTINATION,,,,El Menzah,EXP-2025-42229,fr,False,"Bonjour, Adresse de livraison ignorée. Envoi effectué vers El Menzah au lieu de Nabeul. Ref : EXP-2025-42229. Dans l'attente de votre réponse.",bonjour adresse de livraison ignorée envoi effectué vers el menzah au lieu de nabeul ref exp 2025 42229 dans l attente de votre réponse,ERREUR_DESTINATION__fr
1820,"Bonsoir, Bonjour, comment procéder au retour de ma commande ? Je souhaite un remboursement intégral de 529.63dt. Merci d'avance.",RETOUR_REMBOURSEMENT,,,529.63dt,,,fr,False,"Bonsoir, Bonjour, comment procéder au retour de ma commande ? Je souhaite un remboursement intégral de 529.63dt. Merci d'avance.",bonsoir bonjour comment procéder au retour de ma commande je souhaite un remboursement intégral de 529 63dt merci d avance,RETOUR_REMBOURSEMENT__fr
1843,"Bonsoir, On m'a livré à la mauvaise ville. Numéro BL-2024-37045. Destination erronée : Rome. Correcte : Monastir. Reçu le 20/01/2024. Bien à vous.",ERREUR_DESTINATION,20/01/2024,,,Rome,BL-2024-37045,fr,False,"Bonsoir, On m'a livré à la mauvaise ville. Numéro BL-2024-37045. Destination erronée : Rome. Correcte : Monastir. Reçu le 20/01/2024. Bien à vous.",bonsoir on m a livré à la mauvaise ville numéro bl 2024 37045 destination erronée rome correcte monastir reçu le 20 01 2024 bien à vous,ERREUR_DESTINATION__fr
584,"Madame, Monsieur, Retour + remboursement svp. Ref BL-2026-76532. Livraison Zaghouan. Bien à vous.",RETOUR_REMBOURSEMENT,,,,Zaghouan,BL-2026-76532,fr,False,"Madame, Monsieur, Retour + remboursement svp. Ref BL-2026-76532. Livraison Zaghouan. Bien à vous.",madame monsieur retour remboursement svp ref bl 2026 76532 livraison zaghouan bien à vous,RETOUR_REMBOURSEMENT__fr
1750,"Cher Service Client, Adresse de livraison ignorée. Envoi effectué vers Sousse au lieu de Marseille. Ref : TRK-2024-26035. Bien à vous.",ERREUR_DESTINATION,,,,Sousse,TRK-2024-26035,fr,False,"Cher Service Client, Adresse de livraison ignorée. Envoi effectué vers Sousse au lieu de Marseille. Ref : __TRACKING__-26035. Bien à vous.",cher service client adresse de livraison ignorée envoi effectué vers sousse au lieu de marseille ref __tracking__ 26035 bien à vous,ERREUR_DESTINATION__fr
293,"Cher Service Client, J'attends toujours mon remboursement de 705.95DT promis le 13/03/2025. C'est long ! Merci d'avance.",RETOUR_REMBOURSEMENT,13/03/2025,,705.95DT,,,fr,False,"Cher Service Client, J'attends toujours mon remboursement de 705.95DT promis le 13/03/2025. C'est long ! Merci d'avance.",cher service client j attends toujours mon remboursement de 705 95dt promis le 13 03 2025 c est long merci d avance,RETOUR_REMBOURSEMENT__fr
967,"Bonjour, Marchandise arrivée déchirée. Colis ADR-2023-62244. Plusieurs articles sont rayés et inutilisables. Merci beaucoup.",PRODUIT_ENDOMMAGE,,,,,ADR-2023-62244,fr,False,"Bonjour, Marchandise arrivée déchirée. Colis ADR-2023-62244. Plusieurs articles sont rayés et inutilisables. Merci beaucoup.",bonjour marchandise arrivée déchirée colis adr 2023 62244 plusieurs articles sont rayés et inutilisables merci beaucoup,PRODUIT_ENDOMMAGE__fr
1573,"Coucou, On m'a livré à la mauvaise ville. Numéro PKG-2025-73287. Destination erronée : Ariana. Correcte : Kairouan. À bientôt.",ERREUR_DESTINATION,,,,Ariana,PKG-2025-73287,fr,False,"Coucou, On m'a livré à la mauvaise ville. Numéro PKG-2025-73287. Destination erronée : Ariana. Correcte : Kairouan. À bientôt.",coucou on m a livré à la mauvaise ville numéro pkg 2025 73287 destination erronée ariana correcte kairouan à bientôt,ERREUR_DESTINATION__fr
1360,"Madame, Monsieur, Livraison en retard à Kairouan. Ref LP-2026-47185. Attendu le 16/01. Merci de votre retour.",RETARD_LIVRAISON,16-janv.,,,Kairouan,LP-2026-47185,fr,False,"Madame, Monsieur, Livraison en retard à Kairouan. Ref LP-2026-47185. Attendu le 16/01. Merci de votre retour.",madame monsieur livraison en retard à kairouan ref lp 2026 47185 attendu le 16 01 merci de votre retour,RETARD_LIVRAISON__fr
1712,"Madame, Monsieur, Colis LP-2023-43355 égaré dans le circuit. Dans l'attente de votre réponse.",PERTE_VOL,,,,,LP-2023-43355,fr,False,"Madame, Monsieur, Colis LP-2023-43355 égaré dans le circuit. Dans l'attente de votre réponse.",madame monsieur colis lp 2023 43355 égaré dans le circuit dans l attente de votre réponse,PERTE_VOL__fr
13,"Bonjour, Retour + remboursement svp. Le produit ne me convient pas. Merci beaucoup.",RETOUR_REMBOURSEMENT,,,,,,fr,False,"Bonjour, Retour + remboursement svp. Le produit ne me convient pas. Merci beaucoup.",bonjour retour remboursement svp le produit ne me convient pas merci beaucoup,RETOUR_REMBOURSEMENT__fr
857,"Bonjour Madame, Monsieur, Bonjour, comment procéder au retour de ma commande ? Je souhaite un remboursement intégral de 49 dinars. Bien à vous.",RETOUR_REMBOURSEMENT,,,49 dinars,,,fr,False,"Bonjour Madame, Monsieur, Bonjour, comment procéder au retour de ma commande ? Je souhaite un remboursement intégral de 49 dinars. Bien à vous.",bonjour madame monsieur bonjour comment procéder au retour de ma commande je souhaite un remboursement intégral de 49 dinars bien à vous,RETOUR_REMBOURSEMENT__fr
347,"Cher Service Client, Mon clavier est arrivé à Monastir completement cassé. Ref COL-2024-74175. Merci d'avance.",PRODUIT_ENDOMMAGE,,,,Monastir,COL-2024-74175,fr,False,"Cher Service Client, Mon clavier est arrivé à Monastir completement cassé. Ref COL-2024-74175. Merci d'avance.",cher service client mon clavier est arrivé à monastir completement cassé ref col 2024 74175 merci d avance,PRODUIT_ENDOMMAGE__fr
2496,"Cher Service Client, Marchandise arrivée déchirée. Colis COL-2023-52353. Plusieurs articles sont rayés et inutilisables. Merci de votre retour.",PRODUIT_ENDOMMAGE,,,,,COL-2023-52353,fr,False,"Cher Service Client, Marchandise arrivée déchirée. Colis COL-2023-52353. Plusieurs articles sont rayés et inutilisables. Merci de votre retour.",cher service client marchandise arrivée déchirée colis col 2023 52353 plusieurs articles sont rayés et inutilisables merci de votre retour,PRODUIT_ENDOMMAGE__fr
1999,"Bonsoir, Le livreur a été très impoli lors de la livraison à Nabeul. Comportement inadmissible. Cordialement.",QUALITE_SERVICE,,,,Nabeul,,fr,False,"Bonsoir, Le livreur a été très impoli lors de la livraison à Nabeul. Comportement inadmissible. Cordialement.",bonsoir le livreur a été très impoli lors de la livraison à nabeul comportement inadmissible cordialement,QUALITE_SERVICE__fr
273,"Bonjour, Adresse de livraison ignorée. Envoi effectué vers Milan au lieu de Tunis. Ref : TRK-2026-90222.",ERREUR_DESTINATION,,,,Milan,TRK-2026-90222,fr,False,"Bonjour, Adresse de livraison ignorée. Envoi effectué vers Milan au lieu de Tunis. Ref : __TRACKING__-90222.",bonjour adresse de livraison ignorée envoi effectué vers milan au lieu de tunis ref __tracking__ 90222,ERREUR_DESTINATION__fr
1697,"Cher Service Client, Demande de remboursement de 565,12 euros pour le colis CMR-2023-21254 commandé le 1 mai. Produit non conforme. Bien à vous.",RETOUR_REMBOURSEMENT,01-mai,,"565,12 euros",,CMR-2023-21254,fr,True,"Cher Service Client, Demande de remboursement de 565,12 euros pour le colis CMR-2023-21254 commandé le 1 mai. Produit non conforme. Bien à vous.",cher service client demande de remboursement de 565 12 euros pour le colis cmr 2023 21254 commandé le 1 mai produit non conforme bien à vous,RETOUR_REMBOURSEMENT__fr
1588,"Bonjour, Expérience terrible avec votre service à Le Bardo. J'exige des explications. Sincères salutations.",QUALITE_SERVICE,,,,Le Bardo,,fr,False,"Bonjour, Expérience terrible avec votre service à Le Bardo. J'exige des explications. Sincères salutations.",bonjour expérience terrible avec votre service à le bardo j exige des explications sincères salutations,QUALITE_SERVICE__fr
971,"Bonsoir, Colis introuvable à Ben Arous. Cordialement.",PERTE_VOL,,,,Ben Arous,,fr,False,"Bonsoir, Colis introuvable à Ben Arous. Cordialement.",bonsoir colis introuvable à ben arous cordialement,PERTE_VOL__fr
219,"Cher Service Client, Le tracking indique 'livré' à El Menzah, mais rien à la maison. Colis CMR-2026-21820 volé je pense. Merci d'avance.",PERTE_VOL,,,,El Menzah,CMR-2026-21820,fr,False,"Cher Service Client, Le tracking indique 'livré' à El Menzah, mais rien à la maison. Colis CMR-2026-21820 volé je pense. Merci d'avance.",cher service client le tracking indique livré à el menzah mais rien à la maison colis cmr 2026 21820 volé je pense merci d avance,PERTE_VOL__fr
1731,"Coucou, Question générale : quels sont vos horaires d'ouverture à Lyon ? À bientôt.",AUTRE,,,,Lyon,,fr,False,"Coucou, Question générale : quels sont vos horaires d'ouverture à Lyon ? À bientôt.",coucou question générale quels sont vos horaires d ouverture à lyon à bientôt,AUTRE__fr
543,"Bonjour, Retard important sur ma commande. Destination : Ben Arous. 4 semaines de retard. Dans l'attente de votre réponse.",RETARD_LIVRAISON,,28.0,,Ben Arous,,fr,False,"Bonjour, Retard important sur ma commande. Destination : Ben Arous. 4 semaines de retard. Dans l'attente de votre réponse.",bonjour retard important sur ma commande destination ben arous 4 semaines de retard dans l attente de votre réponse,RETARD_LIVRAISON__fr
468,"Bonjour Madame, Monsieur, Le colis référence inconnue est en retard de 38 jours. Cordialement.",RETARD_LIVRAISON,,38.0,,,,fr,False,"Bonjour Madame, Monsieur, Le colis référence inconnue est en retard de 38 jours. Cordialement.",bonjour madame monsieur le colis référence inconnue est en retard de 38 jours cordialement,RETARD_LIVRAISON__fr
1420,"Je suis furieux, Je souhaite retourner ma commande et être remboursé. Merci. J'exige une réponse immédiate.",RETOUR_REMBOURSEMENT,,,,,,fr,False,"Je suis furieux, Je souhaite retourner ma commande et être remboursé. Merci. J'exige une réponse immédiate.",je suis furieux je souhaite retourner ma commande et être remboursé merci j exige une réponse immédiate,RETOUR_REMBOURSEMENT__fr
725,"Bonsoir, Bonjour, comment procéder au retour de ma commande ? Je souhaite un remboursement intégral de 1489dt. Cordialement.",RETOUR_REMBOURSEMENT,,,1489dt,,,fr,False,"Bonsoir, Bonjour, comment procéder au retour de ma commande ? Je souhaite un remboursement intégral de 1489dt. Cordialement.",bonsoir bonjour comment procéder au retour de ma commande je souhaite un remboursement intégral de 1489dt cordialement,RETOUR_REMBOURSEMENT__fr
1921,"Bonjour, On m'a livré à la mauvaise ville. Numéro COL-2026-57948. Destination erronée : Le Bardo. Correcte : Béja. Merci beaucoup.",ERREUR_DESTINATION,,,,Le Bardo,COL-2026-57948,fr,False,"Bonjour, On m'a livré à la mauvaise ville. Numéro COL-2026-57948. Destination erronée : Le Bardo. Correcte : Béja. Merci beaucoup.",bonjour on m a livré à la mauvaise ville numéro col 2026 57948 destination erronée le bardo correcte béja merci beaucoup,ERREUR_DESTINATION__fr
127,"Salut, Expérience terrible avec votre service. J'exige des explications.",QUALITE_SERVICE,,,,,,fr,False,"Salut, Expérience terrible avec votre service. J'exige des explications.",salut expérience terrible avec votre service j exige des explications,QUALITE_SERVICE__fr
1202,"Bonjour, Bonjour, comment procéder au retour de ma commande ? Je souhaite un remboursement intégral de 198TND. Merci beaucoup.",RETOUR_REMBOURSEMENT,,,198TND,,,fr,False,"Bonjour, Bonjour, comment procéder au retour de ma commande ? Je souhaite un remboursement intégral de 198TND. Merci beaucoup.",bonjour bonjour comment procéder au retour de ma commande je souhaite un remboursement intégral de 198tnd merci beaucoup,RETOUR_REMBOURSEMENT__fr
2230,C'est inadmissible ! Je souhaite retourner ma commande et être remboursé de 513dt. Merci. Je saisirai un avocat si rien ne bouge.,RETOUR_REMBOURSEMENT,,,513dt,,,fr,False,C'est inadmissible ! Je souhaite retourner ma commande et être remboursé de 513dt. Merci. Je saisirai un avocat si rien ne bouge.,c est inadmissible je souhaite retourner ma commande et être remboursé de 513dt merci je saisirai un avocat si rien ne bouge,RETOUR_REMBOURSEMENT__fr
1877,"Bonsoir, Toujours pas livré, colis ADR-2025-11847, 52 jours de retard. C'est long. Dans l'attente de votre réponse.",RETARD_LIVRAISON,,52.0,,,ADR-2025-11847,fr,False,"Bonsoir, Toujours pas livré, colis ADR-2025-11847, 52 jours de retard. C'est long. Dans l'attente de votre réponse.",bonsoir toujours pas livré colis adr 2025 11847 52 jours de retard c est long dans l attente de votre réponse,RETARD_LIVRAISON__fr
443,"Mon colis a été livré à Bruxelles alors que j'habite à Sfax. Je veux parler à un responsable, IMMÉDIATEMENT.",ERREUR_DESTINATION,,,,Bruxelles,,fr,False,"Mon colis a été livré à Bruxelles alors que j'habite à Sfax. Je veux parler à un responsable, IMMÉDIATEMENT.",mon colis a été livré à bruxelles alors que j habite à sfax je veux parler à un responsable immédiatement,ERREUR_DESTINATION__fr
1793,"Bonsoir, Retard important sur ma commande. Numéro de suivi : BL-2024-84452. Destination : Bruxelles. 4 semaines de retard. Bien à vous.",RETARD_LIVRAISON,,28.0,,Bruxelles,BL-2024-84452,fr,False,"Bonsoir, Retard important sur ma commande. Numéro de suivi : BL-2024-84452. Destination : Bruxelles. 4 semaines de retard. Bien à vous.",bonsoir retard important sur ma commande numéro de suivi bl 2024 84452 destination bruxelles 4 semaines de retard bien à vous,RETARD_LIVRAISON__fr
2473,"Madame, Monsieur, Livraison en retard à Ettadhamen. Bien à vous.",RETARD_LIVRAISON,,,,Ettadhamen,,fr,False,"Madame, Monsieur, Livraison en retard à Ettadhamen. Bien à vous.",madame monsieur livraison en retard à ettadhamen bien à vous,RETARD_LIVRAISON__fr
1867,"Bonsoir, Le colis EXP-2026-61331 est en retard. Livraison prévue à Gabès. Cordialement.",RETARD_LIVRAISON,,,,Gabès,EXP-2026-61331,fr,False,"Bonsoir, Le colis EXP-2026-61331 est en retard. Livraison prévue à Gabès. Cordialement.",bonsoir le colis exp 2026 61331 est en retard livraison prévue à gabès cordialement,RETARD_LIVRAISON__fr
1405,"Bonsoir, Marchandise arrivée déchirée. Colis ADR-2023-62222. Livrée à Zaghouan. Plusieurs articles sont rayés et inutilisables. Dans l'attente de votre réponse.",PRODUIT_ENDOMMAGE,,,,Zaghouan,ADR-2023-62222,fr,False,"Bonsoir, Marchandise arrivée déchirée. Colis ADR-2023-62222. Livrée à Zaghouan. Plusieurs articles sont rayés et inutilisables. Dans l'attente de votre réponse.",bonsoir marchandise arrivée déchirée colis adr 2023 62222 livrée à zaghouan plusieurs articles sont rayés et inutilisables dans l attente de votre réponse,PRODUIT_ENDOMMAGE__fr
451,"Salut, Double prélèvement : 1699 euros le 07/09/2025. À corriger d'urgence. À bientôt.",FACTURATION_PAIEMENT,07/09/2025,,1699 euros,,,fr,True,"Salut, Double prélèvement : 1699 euros le 07/09/2025. À corriger d'urgence. À bientôt.",salut double prélèvement 1699 euros le 07 09 2025 à corriger d urgence à bientôt,FACTURATION_PAIEMENT__fr
1495,"Hello, Bonjour, je devais recevoir mon colis à El Menzah, et rien n'est arrivé depuis 59 jours. À bientôt.",RETARD_LIVRAISON,,59.0,,El Menzah,,fr,False,"Hello, Bonjour, je devais recevoir mon colis à El Menzah, et rien n'est arrivé depuis 59 jours. À bientôt.",hello bonjour je devais recevoir mon colis à el menzah et rien n est arrivé depuis 59 jours à bientôt,RETARD_LIVRAISON__fr
147,"Le tracking indique 'livré' à Ettadhamen, mais rien à la maison. Colis TRK-2025-61445 volé je pense. Dernière chance avant plainte officielle.",PERTE_VOL,,,,Ettadhamen,TRK-2025-61445,fr,False,"Le tracking indique 'livré' à Ettadhamen, mais rien à la maison. Colis __TRACKING__-61445 volé je pense. Dernière chance avant plainte officielle.",le tracking indique livré à ettadhamen mais rien à la maison colis __tracking__ 61445 volé je pense dernière chance avant plainte officielle,PERTE_VOL__fr
1593,"Cher Service Client, Toujours pas livré, 44 jours de retard. C'est long. Bien à vous.",RETARD_LIVRAISON,,44.0,,,,fr,False,"Cher Service Client, Toujours pas livré, 44 jours de retard. C'est long. Bien à vous.",cher service client toujours pas livré 44 jours de retard c est long bien à vous,RETARD_LIVRAISON__fr
153,"Coucou, Surcharges non expliquées de 1938.64 euros sur ma facture pour Gabès.",FACTURATION_PAIEMENT,,,1938.64 euros,Gabès,,fr,True,"Coucou, Surcharges non expliquées de 1938.64 euros sur ma facture pour Gabès.",coucou surcharges non expliquées de 1938 64 euros sur ma facture pour gabès,FACTURATION_PAIEMENT__fr
60,"Je suis furieux, Je souhaite retourner ma commande et être remboursé de 1004dt. Merci. Je saisirai un avocat si rien ne bouge.",RETOUR_REMBOURSEMENT,,,1004dt,,,fr,False,"Je suis furieux, Je souhaite retourner ma commande et être remboursé de 1004dt. Merci. Je saisirai un avocat si rien ne bouge.",je suis furieux je souhaite retourner ma commande et être remboursé de 1004dt merci je saisirai un avocat si rien ne bouge,RETOUR_REMBOURSEMENT__fr
1950,"Madame, Monsieur, Le colis TR-2026-99518 est marqué livré le 2025-07-10, mais je n'ai rien reçu. Je pense qu'il a été volé. Dans l'attente de votre réponse.",PERTE_VOL,10/07/2025,,,,TR-2026-99518,fr,False,"Madame, Monsieur, Le colis TR-2026-99518 est marqué livré le 2025-07-10, mais je n'ai rien reçu. Je pense qu'il a été volé. Dans l'attente de votre réponse.",madame monsieur le colis tr 2026 99518 est marqué livré le 2025 07 10 mais je n ai rien reçu je pense qu il a été volé dans l attente de votre réponse,PERTE_VOL__fr
544,"Cher Service Client, Je souhaite retourner ma commande et être remboursé de 1792.18 euros. Merci. Cordialement.",RETOUR_REMBOURSEMENT,,,1792.18 euros,,,fr,True,"Cher Service Client, Je souhaite retourner ma commande et être remboursé de 1792.18 euros. Merci. Cordialement.",cher service client je souhaite retourner ma commande et être remboursé de 1792 18 euros merci cordialement,RETOUR_REMBOURSEMENT__fr
591,"Bonsoir, Facture incorrecte : on m'a facturé 1865dt pour la livraison PKG-2026-17486, ce n'est pas le tarif convenu. Dans l'attente de votre réponse.",FACTURATION_PAIEMENT,,,1865dt,,PKG-2026-17486,fr,False,"Bonsoir, Facture incorrecte : on m'a facturé 1865dt pour la livraison PKG-2026-17486, ce n'est pas le tarif convenu. Dans l'attente de votre réponse.",bonsoir facture incorrecte on m a facturé 1865dt pour la livraison pkg 2026 17486 ce n est pas le tarif convenu dans l attente de votre réponse,FACTURATION_PAIEMENT__fr
1544,"Bonsoir, Retard important sur ma commande. Destination : Béja. Prévu le 2025-11-03. Merci d'avance.",RETARD_LIVRAISON,03/11/2025,,,Béja,,fr,False,"Bonsoir, Retard important sur ma commande. Destination : Béja. Prévu le 2025-11-03. Merci d'avance.",bonsoir retard important sur ma commande destination béja prévu le 2025 11 03 merci d avance,RETARD_LIVRAISON__fr
1144,"Le colis sans référence est marqué livré à Bruxelles, mais je n'ai rien reçu. Je pense qu'il a été volé. Réagissez !",PERTE_VOL,,,,Bruxelles,,fr,False,"Le colis sans référence est marqué livré à Bruxelles, mais je n'ai rien reçu. Je pense qu'il a été volé. Réagissez !",le colis sans référence est marqué livré à bruxelles mais je n ai rien reçu je pense qu il a été volé réagissez,PERTE_VOL__fr
586,"Je suis furieux, Prélèvement erroné de 798.65 € constaté le 8 septembre. Je patiente depuis 39 jours. Merci de rectifier. Je vais résilier si ça continue.",FACTURATION_PAIEMENT,08-sept.,39.0,798.65 €,,,fr,True,"Je suis furieux, Prélèvement erroné de 798.65 € constaté le 8 septembre. Je patiente depuis 39 jours. Merci de rectifier. Je vais résilier si ça continue.",je suis furieux prélèvement erroné de 798 65 constaté le 8 septembre je patiente depuis 39 jours merci de rectifier je vais résilier si ça continue,FACTURATION_PAIEMENT__fr
698,"Salut, Colis BL-2025-12123 égaré dans le circuit. Départ Rabat. Bloqué depuis 19 jours. Merci !",PERTE_VOL,,19.0,,Rabat,BL-2025-12123,fr,False,"Salut, Colis BL-2025-12123 égaré dans le circuit. Départ Rabat. Bloqué depuis 19 jours. Merci !",salut colis bl 2025 12123 égaré dans le circuit départ rabat bloqué depuis 19 jours merci,PERTE_VOL__fr
1059,"Reception d'un colis défectueux. CMR-2025-51854. L'article est brisé, inutilisable en l'état. Merci d'avance.",PRODUIT_ENDOMMAGE,,,,,CMR-2025-51854,fr,False,"Reception d'un colis défectueux. CMR-2025-51854. L'article est brisé, inutilisable en l'état. Merci d'avance.",reception d un colis défectueux cmr 2025 51854 l article est brisé inutilisable en l état merci d avance,PRODUIT_ENDOMMAGE__fr
640,"Bonjour Madame, Monsieur, J'attends toujours mon remboursement de 668,67 TND. C'est long ! Sincères salutations.",RETOUR_REMBOURSEMENT,,,"668,67 TND",,,fr,False,"Bonjour Madame, Monsieur, J'attends toujours mon remboursement de 668,67 TND. C'est long ! Sincères salutations.",bonjour madame monsieur j attends toujours mon remboursement de 668 67 tnd c est long sincères salutations,RETOUR_REMBOURSEMENT__fr
1271,"Le colis COL-2026-43132 est marqué livré, mais je n'ai rien reçu. Je pense qu'il a été volé. Je veux parler à un responsable, IMMÉDIATEMENT.",PERTE_VOL,,,,,COL-2026-43132,fr,False,"Le colis COL-2026-43132 est marqué livré, mais je n'ai rien reçu. Je pense qu'il a été volé. Je veux parler à un responsable, IMMÉDIATEMENT.",le colis col 2026 43132 est marqué livré mais je n ai rien reçu je pense qu il a été volé je veux parler à un responsable immédiatement,PERTE_VOL__fr
1679,"Coucou, Double prélèvement : 1608.36 eur le jour même. À corriger d'urgence. Merci beaucoup.",FACTURATION_PAIEMENT,,,1608.36 eur,,,fr,True,"Coucou, Double prélèvement : 1608.36 eur le jour même. À corriger d'urgence. Merci beaucoup.",coucou double prélèvement 1608 36 eur le jour même à corriger d urgence merci beaucoup,FACTURATION_PAIEMENT__fr
2222,"Je suis furieux, Produit reçu abîmé. Emballage détruit. Numéro BL-2025-67723. Livraison Hammamet. J attends un geste. Je saisirai un avocat si rien ne bouge.",PRODUIT_ENDOMMAGE,,,,Hammamet,BL-2025-67723,fr,False,"Je suis furieux, Produit reçu abîmé. Emballage détruit. Numéro BL-2025-67723. Livraison Hammamet. J attends un geste. Je saisirai un avocat si rien ne bouge.",je suis furieux produit reçu abîmé emballage détruit numéro bl 2025 67723 livraison hammamet j attends un geste je saisirai un avocat si rien ne bouge,PRODUIT_ENDOMMAGE__fr
1051,"Cher Service Client, Prélèvement erroné de 665.39 euros constaté le 12/07. Je patiente depuis 4 semaines. Merci de rectifier. Sincères salutations.",FACTURATION_PAIEMENT,12-juil.,28.0,665.39 euros,,,fr,True,"Cher Service Client, Prélèvement erroné de 665.39 euros constaté le 12/07. Je patiente depuis 4 semaines. Merci de rectifier. Sincères salutations.",cher service client prélèvement erroné de 665 39 euros constaté le 12 07 je patiente depuis 4 semaines merci de rectifier sincères salutations,FACTURATION_PAIEMENT__fr
1721,"Je suis furieux, Bonjour, je devais recevoir mon colis EXP-2026-58798 le 2025-12-17, et rien n'est arrivé. Je ne veux plus jamais utiliser vos services.",RETARD_LIVRAISON,17/12/2025,,,,EXP-2026-58798,fr,False,"Je suis furieux, Bonjour, je devais recevoir mon colis EXP-2026-58798 le 2025-12-17, et rien n'est arrivé. Je ne veux plus jamais utiliser vos services.",je suis furieux bonjour je devais recevoir mon colis exp 2026 58798 le 2025 12 17 et rien n est arrivé je ne veux plus jamais utiliser vos services,RETARD_LIVRAISON__fr
2311,"Madame, Monsieur, Toujours pas livré, 2 mois de retard. C'est long. Cordialement.",RETARD_LIVRAISON,,60.0,,,,fr,False,"Madame, Monsieur, Toujours pas livré, 2 mois de retard. C'est long. Cordialement.",madame monsieur toujours pas livré 2 mois de retard c est long cordialement,RETARD_LIVRAISON__fr
265,"Bonjour, Mon colis a été livré à Le Bardo alors que j'habite à Sfax.",ERREUR_DESTINATION,,,,Le Bardo,,fr,False,"Bonjour, Mon colis a été livré à Le Bardo alors que j'habite à Sfax.",bonjour mon colis a été livré à le bardo alors que j habite à sfax,ERREUR_DESTINATION__fr
20,Mon colis LP-2026-32050 a été livré à Kasserine alors que j'habite à Ettadhamen. Merci !,ERREUR_DESTINATION,,,,Kasserine,LP-2026-32050,fr,False,Mon colis LP-2026-32050 a été livré à Kasserine alors que j'habite à Ettadhamen. Merci !,mon colis lp 2026 32050 a été livré à kasserine alors que j habite à ettadhamen merci,ERREUR_DESTINATION__fr
190,"Bonjour Madame, Monsieur, Bonjour, comment procéder au retour de ma commande EXP-2025-80989 ? Je souhaite un remboursement intégral. Sincères salutations.",RETOUR_REMBOURSEMENT,,,,,EXP-2025-80989,fr,False,"Bonjour Madame, Monsieur, Bonjour, comment procéder au retour de ma commande EXP-2025-80989 ? Je souhaite un remboursement intégral. Sincères salutations.",bonjour madame monsieur bonjour comment procéder au retour de ma commande exp 2025 80989 je souhaite un remboursement intégral sincères salutations,RETOUR_REMBOURSEMENT__fr
106,"Bonjour Madame, Monsieur, Le colis référence inconnue est en retard. Livraison prévue à Munich. Merci d'avance.",RETARD_LIVRAISON,,,,Munich,,fr,False,"Bonjour Madame, Monsieur, Le colis référence inconnue est en retard. Livraison prévue à Munich. Merci d'avance.",bonjour madame monsieur le colis référence inconnue est en retard livraison prévue à munich merci d avance,RETARD_LIVRAISON__fr
590,"Bonjour Madame, Monsieur, Ma commande a totalement disparu. Numéro : ADR-2023-96560. Livraison Kasserine. Enquête urgente demandée. Sincères salutations.",PERTE_VOL,,,,Kasserine,ADR-2023-96560,fr,False,"Bonjour Madame, Monsieur, Ma commande a totalement disparu. Numéro : ADR-2023-96560. Livraison Kasserine. Enquête urgente demandée. Sincères salutations.",bonjour madame monsieur ma commande a totalement disparu numéro adr 2023 96560 livraison kasserine enquête urgente demandée sincères salutations,PERTE_VOL__fr
1965,Aucun professionnalisme. Personne ne rappelle. Réagissez !,QUALITE_SERVICE,,,,,,fr,False,Aucun professionnalisme. Personne ne rappelle. Réagissez !,aucun professionnalisme personne ne rappelle réagissez,QUALITE_SERVICE__fr
1410,"Salut, Colis perdu égaré dans le circuit. Départ Kairouan. Merci !",PERTE_VOL,,,,Kairouan,,fr,False,"Salut, Colis perdu égaré dans le circuit. Départ Kairouan. Merci !",salut colis perdu égaré dans le circuit départ kairouan merci,PERTE_VOL__fr
2108,"Bonjour, J'ai été débité deux fois 1783EUR pour la même commande COL-2024-65179 le 25 février. Cordialement.",FACTURATION_PAIEMENT,25-févr.,,1783EUR,,COL-2024-65179,fr,True,"Bonjour, J'ai été débité deux fois 1783EUR pour la même commande COL-2024-65179 le 25 février. Cordialement.",bonjour j ai été débité deux fois 1783eur pour la même commande col 2024 65179 le 25 février cordialement,FACTURATION_PAIEMENT__fr
845,"Salut, Bonjour, comment procéder au retour de ma commande ? Je souhaite un remboursement intégral de 347,73 DT. Merci beaucoup.",RETOUR_REMBOURSEMENT,,,"347,73 DT",,,fr,False,"Salut, Bonjour, comment procéder au retour de ma commande ? Je souhaite un remboursement intégral de 347,73 DT. Merci beaucoup.",salut bonjour comment procéder au retour de ma commande je souhaite un remboursement intégral de 347 73 dt merci beaucoup,RETOUR_REMBOURSEMENT__fr
2470,"Bonsoir, Colis expédié vers Manouba par erreur. Ma vraie adresse est à El Menzah. À corriger. Cordialement.",ERREUR_DESTINATION,,,,Manouba,,fr,False,"Bonsoir, Colis expédié vers Manouba par erreur. Ma vraie adresse est à El Menzah. À corriger. Cordialement.",bonsoir colis expédié vers manouba par erreur ma vraie adresse est à el menzah à corriger cordialement,ERREUR_DESTINATION__fr
585,"Salut, Facture incorrecte : on m'a facturé 391.32DT pour la livraison TR-2026-25465, ce n'est pas le tarif convenu. Merci !",FACTURATION_PAIEMENT,,,391.32DT,,TR-2026-25465,fr,False,"Salut, Facture incorrecte : on m'a facturé 391.32DT pour la livraison TR-2026-25465, ce n'est pas le tarif convenu. Merci !",salut facture incorrecte on m a facturé 391 32dt pour la livraison tr 2026 25465 ce n est pas le tarif convenu merci,FACTURATION_PAIEMENT__fr
168,"Hello, Produit reçu abîmé. Emballage détruit. Numéro TR-2026-90455. Livraison Marseille. J attends un geste.",PRODUIT_ENDOMMAGE,,,,Marseille,TR-2026-90455,fr,False,"Hello, Produit reçu abîmé. Emballage détruit. Numéro TR-2026-90455. Livraison Marseille. J attends un geste.",hello produit reçu abîmé emballage détruit numéro tr 2026 90455 livraison marseille j attends un geste,PRODUIT_ENDOMMAGE__fr
904,"Bonjour, Colis TRK-2024-15925 égaré dans le circuit. Valeur : 273 EUR. Bloqué depuis 29 jours. Merci beaucoup.",PERTE_VOL,,29.0,273 EUR,,TRK-2024-15925,fr,True,"Bonjour, Colis __TRACKING__-15925 égaré dans le circuit. Valeur : 273 EUR. Bloqué depuis 29 jours. Merci beaucoup.",bonjour colis __tracking__ 15925 égaré dans le circuit valeur 273 eur bloqué depuis 29 jours merci beaucoup,PERTE_VOL__fr
856,"C'est inadmissible ! Bonjour, comment procéder au retour de ma commande BL-2025-73263 ? Je souhaite un remboursement intégral de 1959,02 dinars. Je ne veux plus jamais utiliser vos services.",RETOUR_REMBOURSEMENT,,,"1959,02 dinars",,BL-2025-73263,fr,False,"C'est inadmissible ! Bonjour, comment procéder au retour de ma commande BL-2025-73263 ? Je souhaite un remboursement intégral de 1959,02 dinars. Je ne veux plus jamais utiliser vos services.",c est inadmissible bonjour comment procéder au retour de ma commande bl 2025 73263 je souhaite un remboursement intégral de 1959 02 dinars je ne veux plus jamais utiliser vos services,RETOUR_REMBOURSEMENT__fr
797,"Bonjour, La boîte du colis COL-2025-60793 est arrivée écrasée et tout est en miettes. Dernière chance avant plainte officielle...",PRODUIT_ENDOMMAGE,,,,,COL-2025-60793,fr,False,"Bonjour, La boîte du colis COL-2025-60793 est arrivée écrasée et tout est en miettes. Dernière chance avant plainte officielle...",bonjour la boîte du colis col 2025 60793 est arrivée écrasée et tout est en miettes dernière chance avant plainte officielle,PRODUIT_ENDOMMAGE__fr
42,"Cher Service Client, Je souhaite un renseignement sur vos tarifs internationaux vers Monastir à partir de 208 euros ? Cordialement.",AUTRE,,,208 euros,Monastir,,fr,True,"Cher Service Client, Je souhaite un renseignement sur vos tarifs internationaux vers Monastir à partir de 208 euros ? Cordialement.",cher service client je souhaite un renseignement sur vos tarifs internationaux vers monastir à partir de 208 euros cordialement,AUTRE__fr
1686,"Bonjour Madame, Monsieur, Je n'ai jamais reçu mon colis. Il devait arriver à Genève. Plus de nouvelles depuis 8 semaines. Perdu ? Bien à vous.",PERTE_VOL,,56.0,,Genève,,fr,False,"Bonjour Madame, Monsieur, Je n'ai jamais reçu mon colis. Il devait arriver à Genève. Plus de nouvelles depuis 8 semaines. Perdu ? Bien à vous.",bonjour madame monsieur je n ai jamais reçu mon colis il devait arriver à genève plus de nouvelles depuis 8 semaines perdu bien à vous,PERTE_VOL__fr
2058,"Bonsoir, Bonjour, comment procéder au retour de ma commande PKG-2026-46848 ? Je souhaite un remboursement intégral de 1702.28eur. Bien à vous.",RETOUR_REMBOURSEMENT,,,1702.28eur,,PKG-2026-46848,fr,True,"Bonsoir, Bonjour, comment procéder au retour de ma commande PKG-2026-46848 ? Je souhaite un remboursement intégral de 1702.28eur. Bien à vous.",bonsoir bonjour comment procéder au retour de ma commande pkg 2026 46848 je souhaite un remboursement intégral de 1702 28eur bien à vous,RETOUR_REMBOURSEMENT__fr
1873,"Bonjour, Prélèvement erroné de 1678,96 eur. Merci de rectifier. Merci de votre retour.",FACTURATION_PAIEMENT,,,"1678,96 eur",,,fr,True,"Bonjour, Prélèvement erroné de 1678,96 eur. Merci de rectifier. Merci de votre retour.",bonjour prélèvement erroné de 1678 96 eur merci de rectifier merci de votre retour,FACTURATION_PAIEMENT__fr
562,"C'est inadmissible ! Le colis sans référence est marqué livré à Berlin, mais je n'ai rien reçu. Je pense qu'il a été volé. Je ne veux plus jamais utiliser vos services!!!",PERTE_VOL,,,,Berlin,,fr,False,"C'est inadmissible ! Le colis sans référence est marqué livré à Berlin, mais je n'ai rien reçu. Je pense qu'il a été volé. Je ne veux plus jamais utiliser vos services!!!",c est inadmissible le colis sans référence est marqué livré à berlin mais je n ai rien reçu je pense qu il a été volé je ne veux plus jamais utiliser vos services,PERTE_VOL__fr
100,"Coucou, On m'a livré à la mauvaise ville. Numéro BL-2026-27342. Destination erronée : Mahdia. Correcte : Barcelone. Reçu le 8 novembre. Merci beaucoup.",ERREUR_DESTINATION,08-nov.,,,Mahdia,BL-2026-27342,fr,False,"Coucou, On m'a livré à la mauvaise ville. Numéro BL-2026-27342. Destination erronée : Mahdia. Correcte : Barcelone. Reçu le 8 novembre. Merci beaucoup.",coucou on m a livré à la mauvaise ville numéro bl 2026 27342 destination erronée mahdia correcte barcelone reçu le 8 novembre merci beaucoup,ERREUR_DESTINATION__fr
1566,"Bonjour, Demande de remboursement de la somme payée pour le colis EXP-2026-43611. Produit non conforme. Cordialement.",RETOUR_REMBOURSEMENT,,,,,EXP-2026-43611,fr,False,"Bonjour, Demande de remboursement de la somme payée pour le colis EXP-2026-43611. Produit non conforme. Cordialement.",bonjour demande de remboursement de la somme payée pour le colis exp 2026 43611 produit non conforme cordialement,RETOUR_REMBOURSEMENT__fr
2210,"Bonsoir, Produit reçu abîmé. Emballage détruit. Numéro BL-2025-33791. Livraison Ariana. J attends un geste. Merci de votre retour.",PRODUIT_ENDOMMAGE,,,,Ariana,BL-2025-33791,fr,False,"Bonsoir, Produit reçu abîmé. Emballage détruit. Numéro BL-2025-33791. Livraison Ariana. J attends un geste. Merci de votre retour.",bonsoir produit reçu abîmé emballage détruit numéro bl 2025 33791 livraison ariana j attends un geste merci de votre retour,PRODUIT_ENDOMMAGE__fr
2249,"Bonjour, Le colis référence inconnue est en retard de 24h. Livraison prévue à Gafsa. Merci d'avance.",RETARD_LIVRAISON,,1.0,,Gafsa,,fr,False,"Bonjour, Le colis référence inconnue est en retard de 24h. Livraison prévue à Gafsa. Merci d'avance.",bonjour le colis référence inconnue est en retard de 24h livraison prévue à gafsa merci d avance,RETARD_LIVRAISON__fr
2454,C'est inadmissible ! Adresse de livraison ignorée. Envoi effectué vers Rome au lieu de Casablanca. Ref : COL-2025-93032. J'exige une réponse immédiate...,ERREUR_DESTINATION,,,,Rome,COL-2025-93032,fr,False,C'est inadmissible ! Adresse de livraison ignorée. Envoi effectué vers Rome au lieu de Casablanca. Ref : COL-2025-93032. J'exige une réponse immédiate...,c est inadmissible adresse de livraison ignorée envoi effectué vers rome au lieu de casablanca ref col 2025 93032 j exige une réponse immédiate,ERREUR_DESTINATION__fr
11,"Bonsoir, Prélèvement erroné de 36.21 €. Merci de rectifier. Merci d'avance.",FACTURATION_PAIEMENT,,,36.21 €,,,fr,True,"Bonsoir, Prélèvement erroné de 36.21 €. Merci de rectifier. Merci d'avance.",bonsoir prélèvement erroné de 36 21 merci de rectifier merci d avance,FACTURATION_PAIEMENT__fr
1195,"Ma commande PKG-2025-18248 devait arriver à Djerba, toujours rien reçu, ça fait 8 semaines. Merci !",RETARD_LIVRAISON,,56.0,,Djerba,PKG-2025-18248,fr,False,"Ma commande PKG-2025-18248 devait arriver à Djerba, toujours rien reçu, ça fait 8 semaines. Merci !",ma commande pkg 2025 18248 devait arriver à djerba toujours rien reçu ça fait 8 semaines merci,RETARD_LIVRAISON__fr
1259,"Bonjour, Ma commande EXP-2025-86284 devait arriver à Rome le 18/02/2025, toujours rien reçu, ça fait 4 jours. Sincères salutations.",RETARD_LIVRAISON,18/02/2025,4.0,,Rome,EXP-2025-86284,fr,False,"Bonjour, Ma commande EXP-2025-86284 devait arriver à Rome le 18/02/2025, toujours rien reçu, ça fait 4 jours. Sincères salutations.",bonjour ma commande exp 2025 86284 devait arriver à rome le 18 02 2025 toujours rien reçu ça fait 4 jours sincères salutations,RETARD_LIVRAISON__fr
823,"Bonjour, Mon colis PKG-2023-18542 a été livré à Le Bardo alors que j'habite à Médenine. Merci de votre retour.",ERREUR_DESTINATION,,,,Le Bardo,PKG-2023-18542,fr,False,"Bonjour, Mon colis PKG-2023-18542 a été livré à Le Bardo alors que j'habite à Médenine. Merci de votre retour.",bonjour mon colis pkg 2023 18542 a été livré à le bardo alors que j habite à médenine merci de votre retour,ERREUR_DESTINATION__fr
1444,"Bonjour Madame, Monsieur, Le prix affiché était différent : 288 dinars au lieu du montant annoncé. Bien à vous.",FACTURATION_PAIEMENT,,,288 dinars,,,fr,False,"Bonjour Madame, Monsieur, Le prix affiché était différent : 288 dinars au lieu du montant annoncé. Bien à vous.",bonjour madame monsieur le prix affiché était différent 288 dinars au lieu du montant annoncé bien à vous,FACTURATION_PAIEMENT__fr
2098,"Écoutez, Bonjour, je devais recevoir mon colis, et rien n'est arrivé depuis 1 semaine. J'exige une réponse immédiate!!!",RETARD_LIVRAISON,,7.0,,,,fr,False,"Écoutez, Bonjour, je devais recevoir mon colis, et rien n'est arrivé depuis 1 semaine. J'exige une réponse immédiate!!!",écoutez bonjour je devais recevoir mon colis et rien n est arrivé depuis 1 semaine j exige une réponse immédiate,RETARD_LIVRAISON__fr
480,"Bonsoir, Colis PKG-2024-90951 égaré dans le circuit. Départ Gafsa. Valeur : 1642.12 eur. Sincères salutations.",PERTE_VOL,,,1642.12 eur,Gafsa,PKG-2024-90951,fr,True,"Bonsoir, Colis PKG-2024-90951 égaré dans le circuit. Départ Gafsa. Valeur : 1642.12 eur. Sincères salutations.",bonsoir colis pkg 2024 90951 égaré dans le circuit départ gafsa valeur 1642 12 eur sincères salutations,PERTE_VOL__fr
202,"Bonsoir, Retard important sur ma commande. Numéro de suivi : PKG-2025-21151. Destination : Tozeur. Prévu le 2025-12-15. 36 jours de retard. Merci de votre retour.",RETARD_LIVRAISON,15/12/2025,36.0,,Tozeur,PKG-2025-21151,fr,False,"Bonsoir, Retard important sur ma commande. Numéro de suivi : PKG-2025-21151. Destination : Tozeur. Prévu le 2025-12-15. 36 jours de retard. Merci de votre retour.",bonsoir retard important sur ma commande numéro de suivi pkg 2025 21151 destination tozeur prévu le 2025 12 15 36 jours de retard merci de votre retour,RETARD_LIVRAISON__fr
2363,"Cher Service Client, Retour + remboursement svp. Ref BL-2024-83757. Bien à vous.",RETOUR_REMBOURSEMENT,,,,,BL-2024-83757,fr,False,"Cher Service Client, Retour + remboursement svp. Ref BL-2024-83757. Bien à vous.",cher service client retour remboursement svp ref bl 2024 83757 bien à vous,RETOUR_REMBOURSEMENT__fr
2097,"Cher Service Client, Je n'ai jamais reçu mon colis le 29 janvier. Perdu ? Merci d'avance.",PERTE_VOL,29-janv.,,,,,fr,False,"Cher Service Client, Je n'ai jamais reçu mon colis le 29 janvier. Perdu ? Merci d'avance.",cher service client je n ai jamais reçu mon colis le 29 janvier perdu merci d avance,PERTE_VOL__fr
31,"Bonsoir, Service client injoignable. Aucune réponse. Sincères salutations.",QUALITE_SERVICE,,,,,,fr,False,"Bonsoir, Service client injoignable. Aucune réponse. Sincères salutations.",bonsoir service client injoignable aucune réponse sincères salutations,QUALITE_SERVICE__fr
244,"Salut, Facture incorrecte : on m'a facturé 1023.30 euros, ce n'est pas le tarif convenu. Merci !",FACTURATION_PAIEMENT,,,1023.30 euros,,,fr,True,"Salut, Facture incorrecte : on m'a facturé 1023.30 euros, ce n'est pas le tarif convenu. Merci !",salut facture incorrecte on m a facturé 1023 30 euros ce n est pas le tarif convenu merci,FACTURATION_PAIEMENT__fr
847,"Coucou, Aucune nouvelle de ma livraison. Attendue à Nabeul. Cela fait 52 jours d'attente.",RETARD_LIVRAISON,,52.0,,Nabeul,,fr,False,"Coucou, Aucune nouvelle de ma livraison. Attendue à Nabeul. Cela fait 52 jours d'attente.",coucou aucune nouvelle de ma livraison attendue à nabeul cela fait 52 jours d attente,RETARD_LIVRAISON__fr
1527,"Cher Service Client, Je souhaite un renseignement sur vos tarifs internationaux à partir de 1941DT ? Bien à vous.",AUTRE,,,1941DT,,,fr,False,"Cher Service Client, Je souhaite un renseignement sur vos tarifs internationaux à partir de 1941DT ? Bien à vous.",cher service client je souhaite un renseignement sur vos tarifs internationaux à partir de 1941dt bien à vous,AUTRE__fr
2366,"Facture incorrecte : on m'a facturé 1412DT pour la livraison LP-2023-64403, ce n'est pas le tarif convenu. Merci !",FACTURATION_PAIEMENT,,,1412DT,,LP-2023-64403,fr,False,"Facture incorrecte : on m'a facturé 1412DT pour la livraison LP-2023-64403, ce n'est pas le tarif convenu. Merci !",facture incorrecte on m a facturé 1412dt pour la livraison lp 2023 64403 ce n est pas le tarif convenu merci,FACTURATION_PAIEMENT__fr
684,"Bonjour, Marchandise arrivée déchirée. Colis ADR-2023-17336. Livrée à Gafsa. Plusieurs articles sont rayés et inutilisables. Merci !",PRODUIT_ENDOMMAGE,,,,Gafsa,ADR-2023-17336,fr,False,"Bonjour, Marchandise arrivée déchirée. Colis ADR-2023-17336. Livrée à Gafsa. Plusieurs articles sont rayés et inutilisables. Merci !",bonjour marchandise arrivée déchirée colis adr 2023 17336 livrée à gafsa plusieurs articles sont rayés et inutilisables merci,PRODUIT_ENDOMMAGE__fr
2270,Souhaite ouvrir un compte pro pour mes envois. Volume mensuel estimé : 1997dt de frais. Merci !,AUTRE,,,1997dt,,,fr,False,Souhaite ouvrir un compte pro pour mes envois. Volume mensuel estimé : 1997dt de frais. Merci !,souhaite ouvrir un compte pro pour mes envois volume mensuel estimé 1997dt de frais merci,AUTRE__fr
1351,"Écoutez, Toujours pas livré à Sfax. C'est long. C'est inacceptable !!!",RETARD_LIVRAISON,,,,Sfax,,fr,False,"Écoutez, Toujours pas livré à Sfax. C'est long. C'est inacceptable !!!",écoutez toujours pas livré à sfax c est long c est inacceptable,RETARD_LIVRAISON__fr
145,"Bonjour Madame, Monsieur, Je n'ai jamais reçu mon colis TRK-2025-51462 le 2024-11-16. Plus de nouvelles depuis 7 semaines. Perdu ? Dans l'attente de votre réponse.",PERTE_VOL,16/11/2024,49.0,,,TRK-2025-51462,fr,False,"Bonjour Madame, Monsieur, Je n'ai jamais reçu mon colis __TRACKING__-51462 le 2024-11-16. Plus de nouvelles depuis 7 semaines. Perdu ? Dans l'attente de votre réponse.",bonjour madame monsieur je n ai jamais reçu mon colis __tracking__ 51462 le 2024 11 16 plus de nouvelles depuis 7 semaines perdu dans l attente de votre réponse,PERTE_VOL__fr
688,"Cher Service Client, Erreur d'adresse : le colis référence perdue est parti sur Monastir, moi je suis à La Marsa. Que faire ? Cordialement.",ERREUR_DESTINATION,,,,Monastir,,fr,False,"Cher Service Client, Erreur d'adresse : le colis référence perdue est parti sur Monastir, moi je suis à La Marsa. Que faire ? Cordialement.",cher service client erreur d adresse le colis référence perdue est parti sur monastir moi je suis à la marsa que faire cordialement,ERREUR_DESTINATION__fr
2288,"Bonjour, Adresse de livraison ignorée. Envoi effectué vers Alger au lieu de Ettadhamen. Merci de votre retour.",ERREUR_DESTINATION,,,,Alger,,fr,False,"Bonjour, Adresse de livraison ignorée. Envoi effectué vers Alger au lieu de Ettadhamen. Merci de votre retour.",bonjour adresse de livraison ignorée envoi effectué vers alger au lieu de ettadhamen merci de votre retour,ERREUR_DESTINATION__fr
1129,"Cher Service Client, Question facturation. On me demande 988,53 dinars pour COL-2024-83174, alors que rien n'a été livré. Explication ? Bien à vous.",FACTURATION_PAIEMENT,,,"988,53 dinars",,COL-2024-83174,fr,False,"Cher Service Client, Question facturation. On me demande 988,53 dinars pour COL-2024-83174, alors que rien n'a été livré. Explication ? Bien à vous.",cher service client question facturation on me demande 988 53 dinars pour col 2024 83174 alors que rien n a été livré explication bien à vous,FACTURATION_PAIEMENT__fr
2002,"Bonjour Madame, Monsieur, Bonjour, comment procéder au retour de ma commande BL-2025-89995 ? Je souhaite un remboursement intégral. Cordialement.",RETOUR_REMBOURSEMENT,,,,,BL-2025-89995,fr,False,"Bonjour Madame, Monsieur, Bonjour, comment procéder au retour de ma commande BL-2025-89995 ? Je souhaite un remboursement intégral. Cordialement.",bonjour madame monsieur bonjour comment procéder au retour de ma commande bl 2025 89995 je souhaite un remboursement intégral cordialement,RETOUR_REMBOURSEMENT__fr
1092,"Hello, Colis reçu endommagé. Le carton était perforé, le contenu est HS. Merci !",PRODUIT_ENDOMMAGE,,,,,,fr,False,"Hello, Colis reçu endommagé. Le carton était perforé, le contenu est HS. Merci !",hello colis reçu endommagé le carton était perforé le contenu est hs merci,PRODUIT_ENDOMMAGE__fr
631,"Madame, Monsieur, Bonjour, comment procéder au retour de ma commande COL-2024-55214 ? Je souhaite un remboursement intégral de 614,97 dinars. Cordialement.",RETOUR_REMBOURSEMENT,,,"614,97 dinars",,COL-2024-55214,fr,False,"Madame, Monsieur, Bonjour, comment procéder au retour de ma commande COL-2024-55214 ? Je souhaite un remboursement intégral de 614,97 dinars. Cordialement.",madame monsieur bonjour comment procéder au retour de ma commande col 2024 55214 je souhaite un remboursement intégral de 614 97 dinars cordialement,RETOUR_REMBOURSEMENT__fr
1597,"Bonjour, J'ai été débité deux fois 1712.23 dt pour la même commande TR-2024-94790 le le 27 mar.. Merci !",FACTURATION_PAIEMENT,le 27 mar.,,1712.23 dt,,TR-2024-94790,fr,False,"Bonjour, J'ai été débité deux fois 1712.23 dt pour la même commande TR-2024-94790 le le 27 mar.. Merci !",bonjour j ai été débité deux fois 1712 23 dt pour la même commande tr 2024 94790 le le 27 mar merci,FACTURATION_PAIEMENT__fr
2387,"Hello, Colis TR-2024-43970 égaré dans le circuit. Départ Gabès. Valeur : 1253.08dt. Bloqué depuis 24h. Merci d'avance.",PERTE_VOL,,1.0,1253.08dt,Gabès,TR-2024-43970,fr,False,"Hello, Colis TR-2024-43970 égaré dans le circuit. Départ Gabès. Valeur : 1253.08dt. Bloqué depuis 24h. Merci d'avance.",hello colis tr 2024 43970 égaré dans le circuit départ gabès valeur 1253 08dt bloqué depuis 24h merci d avance,PERTE_VOL__fr
2380,"Bonsoir, Bonjour, comment procéder au retour de ma commande ADR-2024-14373 ? Je souhaite un remboursement intégral de 1608 DT. Merci de votre retour.",RETOUR_REMBOURSEMENT,,,1608 DT,,ADR-2024-14373,fr,False,"Bonsoir, Bonjour, comment procéder au retour de ma commande ADR-2024-14373 ? Je souhaite un remboursement intégral de 1608 DT. Merci de votre retour.",bonsoir bonjour comment procéder au retour de ma commande adr 2024 14373 je souhaite un remboursement intégral de 1608 dt merci de votre retour,RETOUR_REMBOURSEMENT__fr
408,"Salut, Question facturation. On me demande 1480 DT, alors que rien n'a été livré. Explication ? Merci beaucoup.",FACTURATION_PAIEMENT,,,1480 DT,,,fr,False,"Salut, Question facturation. On me demande 1480 DT, alors que rien n'a été livré. Explication ? Merci beaucoup.",salut question facturation on me demande 1480 dt alors que rien n a été livré explication merci beaucoup,FACTURATION_PAIEMENT__fr
2037,"Bonjour, Service client injoignable. Aucune réponse. Merci de votre retour.",QUALITE_SERVICE,,,,,,fr,False,"Bonjour, Service client injoignable. Aucune réponse. Merci de votre retour.",bonjour service client injoignable aucune réponse merci de votre retour,QUALITE_SERVICE__fr
2487,"Bonjour Madame, Monsieur, Ma commande a totalement disparu. Numéro : TRK-2023-78983. Livraison Hammamet prévue le 27/08/2025. Enquête urgente demandée. Sincères salutations.",PERTE_VOL,27/08/2025,,,Hammamet,TRK-2023-78983,fr,False,"Bonjour Madame, Monsieur, Ma commande a totalement disparu. Numéro : __TRACKING__-78983. Livraison Hammamet prévue le 27/08/2025. Enquête urgente demandée. Sincères salutations.",bonjour madame monsieur ma commande a totalement disparu numéro __tracking__ 78983 livraison hammamet prévue le 27 08 2025 enquête urgente demandée sincères salutations,PERTE_VOL__fr
193,"Bonjour, Souhaite ouvrir un compte pro pour mes envois. Basé à Madrid. Dans l'attente de votre réponse.",AUTRE,,,,Madrid,,fr,False,"Bonjour, Souhaite ouvrir un compte pro pour mes envois. Basé à Madrid. Dans l'attente de votre réponse.",bonjour souhaite ouvrir un compte pro pour mes envois basé à madrid dans l attente de votre réponse,AUTRE__fr
227,"Hello, Double prélèvement : 669.90DT le jour même et à nouveau 1668.48 dt. À corriger d'urgence. Merci beaucoup.",FACTURATION_PAIEMENT,,,669.90DT,,,fr,False,"Hello, Double prélèvement : 669.90DT le jour même et à nouveau 1668.48 dt. À corriger d'urgence. Merci beaucoup.",hello double prélèvement 669 90dt le jour même et à nouveau 1668 48 dt à corriger d urgence merci beaucoup,FACTURATION_PAIEMENT__fr
1602,"Hello, Je souhaite retourner ma commande et être remboursé de 635dt. Merci. Merci !",RETOUR_REMBOURSEMENT,,,635dt,,,fr,False,"Hello, Je souhaite retourner ma commande et être remboursé de 635dt. Merci. Merci !",hello je souhaite retourner ma commande et être remboursé de 635dt merci merci,RETOUR_REMBOURSEMENT__fr
57,"Coucou, J'attends toujours mon remboursement de 1258,02 eur. C'est long ! Merci d'avance.",RETOUR_REMBOURSEMENT,,,"1258,02 eur",,,fr,True,"Coucou, J'attends toujours mon remboursement de 1258,02 eur. C'est long ! Merci d'avance.",coucou j attends toujours mon remboursement de 1258 02 eur c est long merci d avance,RETOUR_REMBOURSEMENT__fr
87,"Madame, Monsieur, Mon téléphone est arrivé à Nabeul completement cassé. Ref LP-2024-17144. Merci d'avance.",PRODUIT_ENDOMMAGE,,,,Nabeul,LP-2024-17144,fr,False,"Madame, Monsieur, Mon téléphone est arrivé à Nabeul completement cassé. Ref LP-2024-17144. Merci d'avance.",madame monsieur mon téléphone est arrivé à nabeul completement cassé ref lp 2024 17144 merci d avance,PRODUIT_ENDOMMAGE__fr
1816,"Bonsoir, Ma commande de 911.59dt a totalement disparu. Numéro : TRK-2026-92117. Livraison Ettadhamen prévue le vendredi. Enquête urgente demandée. Bien à vous.",PERTE_VOL,vendredi,,911.59dt,Ettadhamen,TRK-2026-92117,fr,False,"Bonsoir, Ma commande de 911.59dt a totalement disparu. Numéro : __TRACKING__-92117. Livraison Ettadhamen prévue le vendredi. Enquête urgente demandée. Bien à vous.",bonsoir ma commande de 911 59dt a totalement disparu numéro __tracking__ 92117 livraison ettadhamen prévue le vendredi enquête urgente demandée bien à vous,PERTE_VOL__fr
997,"Franchement, Le colis TRK-2025-97032 est en retard. Je vais résilier si ça continue.",RETARD_LIVRAISON,,,,,TRK-2025-97032,fr,False,"Franchement, Le colis __TRACKING__-97032 est en retard. Je vais résilier si ça continue.",franchement le colis __tracking__ 97032 est en retard je vais résilier si ça continue,RETARD_LIVRAISON__fr
1531,"Coucou, Erreur d'adresse : le colis PKG-2024-84381 est parti sur Médenine, moi je suis à Ben Arous. Que faire ? Merci beaucoup.",ERREUR_DESTINATION,,,,Médenine,PKG-2024-84381,fr,False,"Coucou, Erreur d'adresse : le colis PKG-2024-84381 est parti sur Médenine, moi je suis à Ben Arous. Que faire ? Merci beaucoup.",coucou erreur d adresse le colis pkg 2024 84381 est parti sur médenine moi je suis à ben arous que faire merci beaucoup,ERREUR_DESTINATION__fr
1327,"Cher Service Client, Le prix affiché était différent : 47eur au lieu du montant annoncé. Dans l'attente de votre réponse.",FACTURATION_PAIEMENT,,,47eur,,,fr,True,"Cher Service Client, Le prix affiché était différent : 47eur au lieu du montant annoncé. Dans l'attente de votre réponse.",cher service client le prix affiché était différent 47eur au lieu du montant annoncé dans l attente de votre réponse,FACTURATION_PAIEMENT__fr
259,"Cher Service Client, Demande de remboursement de 1417,61 € pour le colis TR-2023-87874. Produit non conforme. Merci d'avance.",RETOUR_REMBOURSEMENT,,,"1 417,61 €",,TR-2023-87874,fr,True,"Cher Service Client, Demande de remboursement de 1417,61 € pour le colis TR-2023-87874. Produit non conforme. Merci d'avance.",cher service client demande de remboursement de 1417 61 pour le colis tr 2023 87874 produit non conforme merci d avance,RETOUR_REMBOURSEMENT__fr
1943,"Bonjour, Je veux annuler et être remboursé 81€ Merci d'avance.",RETOUR_REMBOURSEMENT,,,81 €,,,fr,True,"Bonjour, Je veux annuler et être remboursé 81€ Merci d'avance.",bonjour je veux annuler et être remboursé 81 merci d avance,RETOUR_REMBOURSEMENT__fr
601,On m'a livré à la mauvaise ville. Numéro COL-2024-69745. Destination erronée : Bizerte. Correcte : Béja. Je ne veux plus jamais utiliser vos services!!!,ERREUR_DESTINATION,,,,Bizerte,COL-2024-69745,fr,False,On m'a livré à la mauvaise ville. Numéro COL-2024-69745. Destination erronée : Bizerte. Correcte : Béja. Je ne veux plus jamais utiliser vos services!!!,on m a livré à la mauvaise ville numéro col 2024 69745 destination erronée bizerte correcte béja je ne veux plus jamais utiliser vos services,ERREUR_DESTINATION__fr
2376,"Salut, Je n'ai jamais reçu mon colis BL-2024-28287. Il devait arriver à Béja. Perdu ? Merci beaucoup.",PERTE_VOL,,,,Béja,BL-2024-28287,fr,False,"Salut, Je n'ai jamais reçu mon colis BL-2024-28287. Il devait arriver à Béja. Perdu ? Merci beaucoup.",salut je n ai jamais reçu mon colis bl 2024 28287 il devait arriver à béja perdu merci beaucoup,PERTE_VOL__fr
180,"Bonjour Madame, Monsieur, Retard important sur ma commande. Numéro de suivi : BL-2026-48393. Destination : Tunis. Merci de votre retour.",RETARD_LIVRAISON,,,,Tunis,BL-2026-48393,fr,False,"Bonjour Madame, Monsieur, Retard important sur ma commande. Numéro de suivi : BL-2026-48393. Destination : Tunis. Merci de votre retour.",bonjour madame monsieur retard important sur ma commande numéro de suivi bl 2026 48393 destination tunis merci de votre retour,RETARD_LIVRAISON__fr
2445,"Je suis furieux, Reception d'un colis défectueux. LP-2024-11086. L'article est brisé, inutilisable en l'état. C'est inacceptable !!!",PRODUIT_ENDOMMAGE,,,,,LP-2024-11086,fr,False,"Je suis furieux, Reception d'un colis défectueux. LP-2024-11086. L'article est brisé, inutilisable en l'état. C'est inacceptable !!!",je suis furieux reception d un colis défectueux lp 2024 11086 l article est brisé inutilisable en l état c est inacceptable,PRODUIT_ENDOMMAGE__fr
1771,"Bonjour Madame, Monsieur, Double prélèvement : 867.49 dt le jour même. À corriger d'urgence. Dans l'attente de votre réponse.",FACTURATION_PAIEMENT,,,867.49 dt,,,fr,False,"Bonjour Madame, Monsieur, Double prélèvement : 867.49 dt le jour même. À corriger d'urgence. Dans l'attente de votre réponse.",bonjour madame monsieur double prélèvement 867 49 dt le jour même à corriger d urgence dans l attente de votre réponse,FACTURATION_PAIEMENT__fr
680,"Bonjour, Retard important sur ma commande. Numéro de suivi : TRK-2025-60361. Destination : Gafsa. Prévu le le 29 jan.. Merci d'avance.",RETARD_LIVRAISON,le 29 jan.,,,Gafsa,TRK-2025-60361,fr,False,"Bonjour, Retard important sur ma commande. Numéro de suivi : __TRACKING__-60361. Destination : Gafsa. Prévu le le 29 jan.. Merci d'avance.",bonjour retard important sur ma commande numéro de suivi __tracking__ 60361 destination gafsa prévu le le 29 jan merci d avance,RETARD_LIVRAISON__fr
411,"Cher Service Client, Colis introuvable à Kairouan. Dernier suivi le 10/01. Bien à vous.",PERTE_VOL,10-janv.,,,Kairouan,,fr,False,"Cher Service Client, Colis introuvable à Kairouan. Dernier suivi le 10/01. Bien à vous.",cher service client colis introuvable à kairouan dernier suivi le 10 01 bien à vous,PERTE_VOL__fr
2174,"Bonjour, Mon colis TR-2024-37929 a été livré à Sousse alors que j'habite à Djerba.",ERREUR_DESTINATION,,,,Sousse,TR-2024-37929,fr,False,"Bonjour, Mon colis TR-2024-37929 a été livré à Sousse alors que j'habite à Djerba.",bonjour mon colis tr 2024 37929 a été livré à sousse alors que j habite à djerba,ERREUR_DESTINATION__fr
2339,"Ça suffit maintenant, Toujours pas livré à Béja, colis EXP-2024-43420. C'est long. Je veux parler à un responsable, IMMÉDIATEMENT!!!",RETARD_LIVRAISON,,,,Béja,EXP-2024-43420,fr,False,"Ça suffit maintenant, Toujours pas livré à Béja, colis EXP-2024-43420. C'est long. Je veux parler à un responsable, IMMÉDIATEMENT!!!",ça suffit maintenant toujours pas livré à béja colis exp 2024 43420 c est long je veux parler à un responsable immédiatement,RETARD_LIVRAISON__fr
1859,"Franchement, Colis introuvable. Ref EXP-2025-24459. Dernier suivi le 16/02. Je ne veux plus jamais utiliser vos services!!!",PERTE_VOL,16-févr.,,,,EXP-2025-24459,fr,False,"Franchement, Colis introuvable. Ref EXP-2025-24459. Dernier suivi le 16/02. Je ne veux plus jamais utiliser vos services!!!",franchement colis introuvable ref exp 2025 24459 dernier suivi le 16 02 je ne veux plus jamais utiliser vos services,PERTE_VOL__fr
82,"Bonjour Madame, Monsieur, Mon montre d'une valeur de quelques centaines est cassé à la réception. Colis CMR-2023-75035. Adresse : Gafsa. Bien à vous.",PRODUIT_ENDOMMAGE,,,,Gafsa,CMR-2023-75035,fr,False,"Bonjour Madame, Monsieur, Mon montre d'une valeur de quelques centaines est cassé à la réception. Colis CMR-2023-75035. Adresse : Gafsa. Bien à vous.",bonjour madame monsieur mon montre d une valeur de quelques centaines est cassé à la réception colis cmr 2023 75035 adresse gafsa bien à vous,PRODUIT_ENDOMMAGE__fr
2252,"Bonjour, Toujours pas livré à Le Bardo, colis BL-2023-71349. C'est long. Merci d'avance.",RETARD_LIVRAISON,,,,Le Bardo,BL-2023-71349,fr,False,"Bonjour, Toujours pas livré à Le Bardo, colis BL-2023-71349. C'est long. Merci d'avance.",bonjour toujours pas livré à le bardo colis bl 2023 71349 c est long merci d avance,RETARD_LIVRAISON__fr
1189,"Bonsoir, J'ai été débité deux fois 701,91 eur pour la même commande TRK-2023-98214. Bien à vous.",FACTURATION_PAIEMENT,,,"701,91 eur",,TRK-2023-98214,fr,True,"Bonsoir, J'ai été débité deux fois 701,91 eur pour la même commande __TRACKING__-98214. Bien à vous.",bonsoir j ai été débité deux fois 701 91 eur pour la même commande __tracking__ 98214 bien à vous,FACTURATION_PAIEMENT__fr
404,"Coucou, Prélèvement erroné de 1040 euros. Merci de rectifier. Merci beaucoup.",FACTURATION_PAIEMENT,,,1040 euros,,,fr,True,"Coucou, Prélèvement erroné de 1040 euros. Merci de rectifier. Merci beaucoup.",coucou prélèvement erroné de 1040 euros merci de rectifier merci beaucoup,FACTURATION_PAIEMENT__fr
85,"Madame, Monsieur, J'ai contacté votre support, personne ne répond. C'est très décevant. Sincères salutations.",QUALITE_SERVICE,,,,,,fr,False,"Madame, Monsieur, J'ai contacté votre support, personne ne répond. C'est très décevant. Sincères salutations.",madame monsieur j ai contacté votre support personne ne répond c est très décevant sincères salutations,QUALITE_SERVICE__fr
2356,"Ça suffit maintenant, Je n'ai jamais reçu mon colis ADR-2024-11686. Perdu ? Je ne veux plus jamais utiliser vos services.",PERTE_VOL,,,,,ADR-2024-11686,fr,False,"Ça suffit maintenant, Je n'ai jamais reçu mon colis ADR-2024-11686. Perdu ? Je ne veux plus jamais utiliser vos services.",ça suffit maintenant je n ai jamais reçu mon colis adr 2024 11686 perdu je ne veux plus jamais utiliser vos services,PERTE_VOL__fr
1349,"Bonjour, J'attends toujours mon remboursement promis le le 8 sep.. C'est long ! Bien à vous.",RETOUR_REMBOURSEMENT,le 8 sep.,,,,,fr,False,"Bonjour, J'attends toujours mon remboursement promis le le 8 sep.. C'est long ! Bien à vous.",bonjour j attends toujours mon remboursement promis le le 8 sep c est long bien à vous,RETOUR_REMBOURSEMENT__fr
281,"Cher Service Client, Ma commande de 912.41eur a totalement disparu. Numéro : TR-2023-72886. prévue le le 15 avr.. Enquête urgente demandée. Merci d'avance.",PERTE_VOL,le 15 avr.,,912.41eur,,TR-2023-72886,fr,True,"Cher Service Client, Ma commande de 912.41eur a totalement disparu. Numéro : TR-2023-72886. prévue le le 15 avr.. Enquête urgente demandée. Merci d'avance.",cher service client ma commande de 912 41eur a totalement disparu numéro tr 2023 72886 prévue le le 15 avr enquête urgente demandée merci d avance,PERTE_VOL__fr
1147,"Bonjour, J'ai contacté votre support 43 jours, personne ne répond. C'est très décevant. Je vais résilier si ça continue.",QUALITE_SERVICE,,43.0,,,,fr,False,"Bonjour, J'ai contacté votre support 43 jours, personne ne répond. C'est très décevant. Je vais résilier si ça continue.",bonjour j ai contacté votre support 43 jours personne ne répond c est très décevant je vais résilier si ça continue,QUALITE_SERVICE__fr
220,"Coucou, Mon tablette d'une valeur de 1738€ est cassé à la réception. Colis TRK-2026-82134. Adresse : Ben Arous. À bientôt.",PRODUIT_ENDOMMAGE,,,1 738 €,Ben Arous,TRK-2026-82134,fr,True,"Coucou, Mon tablette d'une valeur de 1738€ est cassé à la réception. Colis __TRACKING__-82134. Adresse : Ben Arous. À bientôt.",coucou mon tablette d une valeur de 1738 est cassé à la réception colis __tracking__ 82134 adresse ben arous à bientôt,PRODUIT_ENDOMMAGE__fr
1656,"Cher Service Client, Surcharges non expliquées de 606dt sur ma facture. Merci de votre retour.",FACTURATION_PAIEMENT,,,606dt,,,fr,False,"Cher Service Client, Surcharges non expliquées de 606dt sur ma facture. Merci de votre retour.",cher service client surcharges non expliquées de 606dt sur ma facture merci de votre retour,FACTURATION_PAIEMENT__fr
2242,"Je suis furieux, Ma commande a totalement disparu. Livraison Madrid. Enquête urgente demandée. Réagissez !...",PERTE_VOL,,,,Madrid,,fr,False,"Je suis furieux, Ma commande a totalement disparu. Livraison Madrid. Enquête urgente demandée. Réagissez !...",je suis furieux ma commande a totalement disparu livraison madrid enquête urgente demandée réagissez,PERTE_VOL__fr
1293,C'est inadmissible ! Colis ADR-2025-15989 égaré dans le circuit. Départ Kairouan. Valeur : 1891.46euros. Réagissez !,PERTE_VOL,,,1891.46euros,Kairouan,ADR-2025-15989,fr,True,C'est inadmissible ! Colis ADR-2025-15989 égaré dans le circuit. Départ Kairouan. Valeur : 1891.46euros. Réagissez !,c est inadmissible colis adr 2025 15989 égaré dans le circuit départ kairouan valeur 1891 46euros réagissez,PERTE_VOL__fr
1151,"Bonsoir, Le tracking indique 'livré', mais rien à la maison. Colis inconnu volé je pense. Dans l'attente de votre réponse.",PERTE_VOL,,,,,,fr,False,"Bonsoir, Le tracking indique 'livré', mais rien à la maison. Colis inconnu volé je pense. Dans l'attente de votre réponse.",bonsoir le tracking indique livré mais rien à la maison colis inconnu volé je pense dans l attente de votre réponse,PERTE_VOL__fr
575,"Salut, Je n'ai jamais reçu mon colis ADR-2025-26963. Perdu ? Merci !",PERTE_VOL,,,,,ADR-2025-26963,fr,False,"Salut, Je n'ai jamais reçu mon colis ADR-2025-26963. Perdu ? Merci !",salut je n ai jamais reçu mon colis adr 2025 26963 perdu merci,PERTE_VOL__fr
979,"Bonsoir, Ma commande a totalement disparu. Numéro : TRK-2024-74580.. Enquête urgente demandée. Merci d'avance.",PERTE_VOL,,,,,TRK-2024-74580,fr,False,"Bonsoir, Ma commande a totalement disparu. Numéro : __TRACKING__-74580.. Enquête urgente demandée. Merci d'avance.",bonsoir ma commande a totalement disparu numéro __tracking__ 74580 enquête urgente demandée merci d avance,PERTE_VOL__fr
1520,"Bonjour Madame, Monsieur, Retard important sur ma commande. Numéro de suivi : COL-2026-23035. Destination : Gabès. Prévu le 14/12/2024. 5 semaines de retard. Cordialement.",RETARD_LIVRAISON,14/12/2024,35.0,,Gabès,COL-2026-23035,fr,False,"Bonjour Madame, Monsieur, Retard important sur ma commande. Numéro de suivi : COL-2026-23035. Destination : Gabès. Prévu le 14/12/2024. 5 semaines de retard. Cordialement.",bonjour madame monsieur retard important sur ma commande numéro de suivi col 2026 23035 destination gabès prévu le 14 12 2024 5 semaines de retard cordialement,RETARD_LIVRAISON__fr
2392,"Bonjour, Je veux annuler et être remboursé 485,10 DT À bientôt.",RETOUR_REMBOURSEMENT,,,"485,10 DT",,,fr,False,"Bonjour, Je veux annuler et être remboursé 485,10 DT À bientôt.",bonjour je veux annuler et être remboursé 485 10 dt à bientôt,RETOUR_REMBOURSEMENT__fr
1812,"Salut, J'ai été débité deux fois 1815.37 EUR pour la même commande TR-2026-73738. Merci !",FACTURATION_PAIEMENT,,,1815.37 EUR,,TR-2026-73738,fr,True,"Salut, J'ai été débité deux fois 1815.37 EUR pour la même commande TR-2026-73738. Merci !",salut j ai été débité deux fois 1815 37 eur pour la même commande tr 2026 73738 merci,FACTURATION_PAIEMENT__fr
2182,"Bonsoir, Le colis LP-2025-97643 est marqué livré à Monastir le mercredi, mais je n'ai rien reçu. Je pense qu'il a été volé. Bien à vous.",PERTE_VOL,mercredi,,,Monastir,LP-2025-97643,fr,False,"Bonsoir, Le colis LP-2025-97643 est marqué livré à Monastir le mercredi, mais je n'ai rien reçu. Je pense qu'il a été volé. Bien à vous.",bonsoir le colis lp 2025 97643 est marqué livré à monastir le mercredi mais je n ai rien reçu je pense qu il a été volé bien à vous,PERTE_VOL__fr
1957,"Hello, Le tracking indique 'livré', mais rien à la maison. Colis inconnu volé je pense. Merci d'avance.",PERTE_VOL,,,,,,fr,False,"Hello, Le tracking indique 'livré', mais rien à la maison. Colis inconnu volé je pense. Merci d'avance.",hello le tracking indique livré mais rien à la maison colis inconnu volé je pense merci d avance,PERTE_VOL__fr
173,"Bonjour Madame, Monsieur, J'attends toujours mon remboursement de 1628DT. C'est long ! Dans l'attente de votre réponse.",RETOUR_REMBOURSEMENT,,,1628DT,,,fr,False,"Bonjour Madame, Monsieur, J'attends toujours mon remboursement de 1628DT. C'est long ! Dans l'attente de votre réponse.",bonjour madame monsieur j attends toujours mon remboursement de 1628dt c est long dans l attente de votre réponse,RETOUR_REMBOURSEMENT__fr
1515,"Madame, Monsieur, Mon ordinateur d'une valeur de 333.26DT est cassé à la réception. Colis BL-2026-32821. Sincères salutations.",PRODUIT_ENDOMMAGE,,,333.26DT,,BL-2026-32821,fr,False,"Madame, Monsieur, Mon ordinateur d'une valeur de 333.26DT est cassé à la réception. Colis BL-2026-32821. Sincères salutations.",madame monsieur mon ordinateur d une valeur de 333 26dt est cassé à la réception colis bl 2026 32821 sincères salutations,PRODUIT_ENDOMMAGE__fr
1248,"Bonjour, La boîte du colis BL-2024-45435 est arrivée écrasée et le produit est cassé. J'exige une RÉPONSE immédiate...",PRODUIT_ENDOMMAGE,,,,,BL-2024-45435,fr,False,"Bonjour, La boîte du colis BL-2024-45435 est arrivée écrasée et le produit est cassé. J'exige une RÉPONSE immédiate...",bonjour la boîte du colis bl 2024 45435 est arrivée écrasée et le produit est cassé j exige une réponse immédiate,PRODUIT_ENDOMMAGE__fr
1987,"Bonjour, Adresse de livraison ignorée. Envoi effectué vers Ettadhamen au lieu de La Marsa. Ref : LP-2024-34364. Bien à vous.",ERREUR_DESTINATION,,,,Ettadhamen,LP-2024-34364,fr,False,"Bonjour, Adresse de livraison ignorée. Envoi effectué vers Ettadhamen au lieu de La Marsa. Ref : LP-2024-34364. Bien à vous.",bonjour adresse de livraison ignorée envoi effectué vers ettadhamen au lieu de la marsa ref lp 2024 34364 bien à vous,ERREUR_DESTINATION__fr
1445,"Bonjour, Produit reçu abîmé. Emballage détruit. Numéro EXP-2023-40395. J attends un geste. Je saisirai un avocat si rien ne bouge.",PRODUIT_ENDOMMAGE,,,,,EXP-2023-40395,fr,False,"Bonjour, Produit reçu abîmé. Emballage détruit. Numéro EXP-2023-40395. J attends un geste. Je saisirai un avocat si rien ne bouge.",bonjour produit reçu abîmé emballage détruit numéro exp 2023 40395 j attends un geste je saisirai un avocat si rien ne bouge,PRODUIT_ENDOMMAGE__fr
440,"Bonjour Madame, Monsieur, Le colis TR-2026-84329 est en retard de 49 jours. Livraison prévue à Bordeaux. Bien à vous.",RETARD_LIVRAISON,,49.0,,Bordeaux,TR-2026-84329,fr,False,"Bonjour Madame, Monsieur, Le colis TR-2026-84329 est en retard de 49 jours. Livraison prévue à Bordeaux. Bien à vous.",bonjour madame monsieur le colis tr 2026 84329 est en retard de 49 jours livraison prévue à bordeaux bien à vous,RETARD_LIVRAISON__fr
86,C'est inadmissible ! Expérience terrible avec votre service. J'exige des explications. Je vais résilier si ça continue!!,QUALITE_SERVICE,,,,,,fr,False,C'est inadmissible ! Expérience terrible avec votre service. J'exige des explications. Je vais résilier si ça continue!!,c est inadmissible expérience terrible avec votre service j exige des explications je vais résilier si ça continue,QUALITE_SERVICE__fr
2370,"Salut, Service client injoignable. Ref BL-2025-77827. Attente depuis 3 mois. Aucune réponse. Merci d'avance.",QUALITE_SERVICE,,90.0,,,BL-2025-77827,fr,False,"Salut, Service client injoignable. Ref BL-2025-77827. Attente depuis 3 mois. Aucune réponse. Merci d'avance.",salut service client injoignable ref bl 2025 77827 attente depuis 3 mois aucune réponse merci d avance,QUALITE_SERVICE__fr
2235,"Cher Service Client, Double prélèvement : 985 dt le jour même. À corriger d'urgence. Bien à vous.",FACTURATION_PAIEMENT,,,985 dt,,,fr,False,"Cher Service Client, Double prélèvement : 985 dt le jour même. À corriger d'urgence. Bien à vous.",cher service client double prélèvement 985 dt le jour même à corriger d urgence bien à vous,FACTURATION_PAIEMENT__fr
1314,"Cher Service Client, Le tracking indique 'livré' le 2025-01-27, mais rien à la maison. Colis inconnu volé je pense. Cordialement.",PERTE_VOL,27/01/2025,,,,,fr,False,"Cher Service Client, Le tracking indique 'livré' le 2025-01-27, mais rien à la maison. Colis inconnu volé je pense. Cordialement.",cher service client le tracking indique livré le 2025 01 27 mais rien à la maison colis inconnu volé je pense cordialement,PERTE_VOL__fr
858,"Franchement, Question : est-ce que vous livrez le dimanche à Monastir ? Réagissez !",AUTRE,,,,Monastir,,fr,False,"Franchement, Question : est-ce que vous livrez le dimanche à Monastir ? Réagissez !",franchement question est ce que vous livrez le dimanche à monastir réagissez,AUTRE__fr
782,"Cher Service Client, Retour + remboursement svp. Ref CMR-2024-86969. Livraison Tozeur. Le produit ne me convient pas. Bien à vous.",RETOUR_REMBOURSEMENT,,,,Tozeur,CMR-2024-86969,fr,False,"Cher Service Client, Retour + remboursement svp. Ref CMR-2024-86969. Livraison Tozeur. Le produit ne me convient pas. Bien à vous.",cher service client retour remboursement svp ref cmr 2024 86969 livraison tozeur le produit ne me convient pas bien à vous,RETOUR_REMBOURSEMENT__fr
1997,"Je suis furieux, Marchandise arrivée déchirée. Colis CMR-2026-51026. PLUSIEURS articles sont rayés et inutilisables. C'est inacceptable !...",PRODUIT_ENDOMMAGE,,,,,CMR-2026-51026,fr,False,"Je suis furieux, Marchandise arrivée déchirée. Colis CMR-2026-51026. PLUSIEURS articles sont rayés et inutilisables. C'est inacceptable !...",je suis furieux marchandise arrivée déchirée colis cmr 2026 51026 plusieurs articles sont rayés et inutilisables c est inacceptable,PRODUIT_ENDOMMAGE__fr
1754,"Cher Service Client, Demande de remboursement de 115dt. Produit non conforme. Dans l'attente de votre réponse.",RETOUR_REMBOURSEMENT,,,115dt,,,fr,False,"Cher Service Client, Demande de remboursement de 115dt. Produit non conforme. Dans l'attente de votre réponse.",cher service client demande de remboursement de 115dt produit non conforme dans l attente de votre réponse,RETOUR_REMBOURSEMENT__fr
519,"Madame, Monsieur, J'ai contacté votre support, personne ne répond. C'est très décevant. Cordialement.",QUALITE_SERVICE,,,,,,fr,False,"Madame, Monsieur, J'ai contacté votre support, personne ne répond. C'est très décevant. Cordialement.",madame monsieur j ai contacté votre support personne ne répond c est très décevant cordialement,QUALITE_SERVICE__fr
581,"Bonsoir, Le colis ADR-2025-12954 est marqué livré à Rome le 2025-01-01, mais je n'ai rien reçu. Je pense qu'il a été volé. Sincères salutations.",PERTE_VOL,01/01/2025,,,Rome,ADR-2025-12954,fr,False,"Bonsoir, Le colis ADR-2025-12954 est marqué livré à Rome le 2025-01-01, mais je n'ai rien reçu. Je pense qu'il a été volé. Sincères salutations.",bonsoir le colis adr 2025 12954 est marqué livré à rome le 2025 01 01 mais je n ai rien reçu je pense qu il a été volé sincères salutations,PERTE_VOL__fr
119,"Bonjour, Erreur d'adresse : le colis PKG-2026-65278 est parti sur Gabès, moi je suis à El Menzah. Que faire ? Bien à vous.",ERREUR_DESTINATION,,,,Gabès,PKG-2026-65278,fr,False,"Bonjour, Erreur d'adresse : le colis PKG-2026-65278 est parti sur Gabès, moi je suis à El Menzah. Que faire ? Bien à vous.",bonjour erreur d adresse le colis pkg 2026 65278 est parti sur gabès moi je suis à el menzah que faire bien à vous,ERREUR_DESTINATION__fr
218,"Cher Service Client, Ma commande de 1558eur a totalement disparu. Numéro : BL-2024-70762.. Enquête urgente demandée. Cordialement.",PERTE_VOL,,,1558eur,,BL-2024-70762,fr,True,"Cher Service Client, Ma commande de 1558eur a totalement disparu. Numéro : BL-2024-70762.. Enquête urgente demandée. Cordialement.",cher service client ma commande de 1558eur a totalement disparu numéro bl 2024 70762 enquête urgente demandée cordialement,PERTE_VOL__fr
1246,"Bonjour Madame, Monsieur, Le tracking indique 'livré' à Kairouan le 2024-05-27, mais rien à la maison. Colis TRK-2024-49522 volé je pense. Dans l'attente de votre réponse.",PERTE_VOL,27/05/2024,,,Kairouan,TRK-2024-49522,fr,False,"Bonjour Madame, Monsieur, Le tracking indique 'livré' à Kairouan le 2024-05-27, mais rien à la maison. Colis __TRACKING__-49522 volé je pense. Dans l'attente de votre réponse.",bonjour madame monsieur le tracking indique livré à kairouan le 2024 05 27 mais rien à la maison colis __tracking__ 49522 volé je pense dans l attente de votre réponse,PERTE_VOL__fr
1382,"Bonjour Madame, Monsieur, J'ai été débité deux fois 1359.43 EUR pour la même commande. Bien à vous.",FACTURATION_PAIEMENT,,,1359.43 EUR,,,fr,True,"Bonjour Madame, Monsieur, J'ai été débité deux fois 1359.43 EUR pour la même commande. Bien à vous.",bonjour madame monsieur j ai été débité deux fois 1359 43 eur pour la même commande bien à vous,FACTURATION_PAIEMENT__fr
2346,"Hello, La boîte du colis TR-2026-73380 est arrivée écrasée et le produit est cassé. À bientôt.",PRODUIT_ENDOMMAGE,,,,,TR-2026-73380,fr,False,"Hello, La boîte du colis TR-2026-73380 est arrivée écrasée et le produit est cassé. À bientôt.",hello la boîte du colis tr 2026 73380 est arrivée écrasée et le produit est cassé à bientôt,PRODUIT_ENDOMMAGE__fr
1453,"Cher Service Client, Souhaite ouvrir un compte pro pour mes envois. Cordialement.",AUTRE,,,,,,fr,False,"Cher Service Client, Souhaite ouvrir un compte pro pour mes envois. Cordialement.",cher service client souhaite ouvrir un compte pro pour mes envois cordialement,AUTRE__fr
2073,"C'est inadmissible ! Question facturation. On me demande 373dinars pour EXP-2024-86923, alors que rien n'a été livré. Explication ? J'exige une réponse immédiate.",FACTURATION_PAIEMENT,,,373dinars,,EXP-2024-86923,fr,False,"C'est inadmissible ! Question facturation. On me demande 373dinars pour EXP-2024-86923, alors que rien n'a été livré. Explication ? J'exige une réponse immédiate.",c est inadmissible question facturation on me demande 373dinars pour exp 2024 86923 alors que rien n a été livré explication j exige une réponse immédiate,FACTURATION_PAIEMENT__fr
1133,"Bonsoir, Service client injoignable. Aucune réponse. Dans l'attente de votre réponse.",QUALITE_SERVICE,,,,,,fr,False,"Bonsoir, Service client injoignable. Aucune réponse. Dans l'attente de votre réponse.",bonsoir service client injoignable aucune réponse dans l attente de votre réponse,QUALITE_SERVICE__fr
1975,Demande de remboursement de la somme payée pour le colis CMR-2024-40568 commandé le 6 mai. Produit non conforme. À bientôt.,RETOUR_REMBOURSEMENT,06-mai,,,,CMR-2024-40568,fr,False,Demande de remboursement de la somme payée pour le colis CMR-2024-40568 commandé le 6 mai. Produit non conforme. À bientôt.,demande de remboursement de la somme payée pour le colis cmr 2024 40568 commandé le 6 mai produit non conforme à bientôt,RETOUR_REMBOURSEMENT__fr
662,"Bonsoir, Colis introuvable. Ref TR-2026-77191. Dernier suivi le 14 octobre. Disparu depuis 48 jours. Dans l'attente de votre réponse.",PERTE_VOL,14-oct.,48.0,,,TR-2026-77191,fr,False,"Bonsoir, Colis introuvable. Ref TR-2026-77191. Dernier suivi le 14 octobre. Disparu depuis 48 jours. Dans l'attente de votre réponse.",bonsoir colis introuvable ref tr 2026 77191 dernier suivi le 14 octobre disparu depuis 48 jours dans l attente de votre réponse,PERTE_VOL__fr
947,"Ça suffit maintenant, Ma commande devait arriver à Manouba le le 14 nov., toujours rien reçu, ça fait 58 jours. C'est inacceptable !!!",RETARD_LIVRAISON,le 14 nov.,58.0,,Manouba,,fr,False,"Ça suffit maintenant, Ma commande devait arriver à Manouba le le 14 nov., toujours rien reçu, ça fait 58 jours. C'est inacceptable !!!",ça suffit maintenant ma commande devait arriver à manouba le le 14 nov toujours rien reçu ça fait 58 jours c est inacceptable,RETARD_LIVRAISON__fr
329,"Madame, Monsieur, Le livreur a été très impoli. Comportement inadmissible. Dans l'attente de votre réponse.",QUALITE_SERVICE,,,,,,fr,False,"Madame, Monsieur, Le livreur a été très impoli. Comportement inadmissible. Dans l'attente de votre réponse.",madame monsieur le livreur a été très impoli comportement inadmissible dans l attente de votre réponse,QUALITE_SERVICE__fr
1411,"Bonsoir, Mon vase est arrivé à Gabès completement cassé. Ref COL-2024-42961. Sincères salutations.",PRODUIT_ENDOMMAGE,,,,Gabès,COL-2024-42961,fr,False,"Bonsoir, Mon vase est arrivé à Gabès completement cassé. Ref COL-2024-42961. Sincères salutations.",bonsoir mon vase est arrivé à gabès completement cassé ref col 2024 42961 sincères salutations,PRODUIT_ENDOMMAGE__fr
820,"Madame, Monsieur, Je souhaite retourner ma commande TRK-2023-48048 et être remboursé. Merci. Bien à vous.",RETOUR_REMBOURSEMENT,,,,,TRK-2023-48048,fr,False,"Madame, Monsieur, Je souhaite retourner ma commande __TRACKING__-48048 et être remboursé. Merci. Bien à vous.",madame monsieur je souhaite retourner ma commande __tracking__ 48048 et être remboursé merci bien à vous,RETOUR_REMBOURSEMENT__fr
1114,"Cher Service Client, Demande de remboursement de 1885 TND pour le colis LP-2026-86916. Produit non conforme. Dans l'attente de votre réponse.",RETOUR_REMBOURSEMENT,,,1885 TND,,LP-2026-86916,fr,False,"Cher Service Client, Demande de remboursement de 1885 TND pour le colis LP-2026-86916. Produit non conforme. Dans l'attente de votre réponse.",cher service client demande de remboursement de 1885 tnd pour le colis lp 2026 86916 produit non conforme dans l attente de votre réponse,RETOUR_REMBOURSEMENT__fr
455,"Coucou, Facture incorrecte : on m'a facturé 950,38 € pour la livraison TR-2024-59355, ce n'est pas le tarif convenu. Merci d'avance.",FACTURATION_PAIEMENT,,,"950,38 €",,TR-2024-59355,fr,True,"Coucou, Facture incorrecte : on m'a facturé 950,38 € pour la livraison TR-2024-59355, ce n'est pas le tarif convenu. Merci d'avance.",coucou facture incorrecte on m a facturé 950 38 pour la livraison tr 2024 59355 ce n est pas le tarif convenu merci d avance,FACTURATION_PAIEMENT__fr
1559,"Madame, Monsieur, Livraison en retard à Rabat. Ref EXP-2026-41780. Attendu le jeudi. Merci de votre retour.",RETARD_LIVRAISON,jeudi,,,Rabat,EXP-2026-41780,fr,False,"Madame, Monsieur, Livraison en retard à Rabat. Ref EXP-2026-41780. Attendu le jeudi. Merci de votre retour.",madame monsieur livraison en retard à rabat ref exp 2026 41780 attendu le jeudi merci de votre retour,RETARD_LIVRAISON__fr
1604,"Bonjour, Ma commande devait arriver, toujours rien reçu, ça fait 3 mois. Sincères salutations.",RETARD_LIVRAISON,,90.0,,,,fr,False,"Bonjour, Ma commande devait arriver, toujours rien reçu, ça fait 3 mois. Sincères salutations.",bonjour ma commande devait arriver toujours rien reçu ça fait 3 mois sincères salutations,RETARD_LIVRAISON__fr
272,"Madame, Monsieur, J'ai contacté votre support 8 semaines, personne ne répond. C'est très décevant. Merci de votre retour.",QUALITE_SERVICE,,56.0,,,,fr,False,"Madame, Monsieur, J'ai contacté votre support 8 semaines, personne ne répond. C'est très décevant. Merci de votre retour.",madame monsieur j ai contacté votre support 8 semaines personne ne répond c est très décevant merci de votre retour,QUALITE_SERVICE__fr
740,"Bonjour Madame, Monsieur, Toujours pas livré à Marseille, colis TR-2025-12673, 1 an de retard. C'est long. Cordialement.",RETARD_LIVRAISON,,365.0,,Marseille,TR-2025-12673,fr,False,"Bonjour Madame, Monsieur, Toujours pas livré à Marseille, colis TR-2025-12673, 1 an de retard. C'est long. Cordialement.",bonjour madame monsieur toujours pas livré à marseille colis tr 2025 12673 1 an de retard c est long cordialement,RETARD_LIVRAISON__fr
1228,"Bonsoir, J'ai contacté votre support 16 jours, personne ne répond. C'est très décevant. Cordialement.",QUALITE_SERVICE,,16.0,,,,fr,False,"Bonsoir, J'ai contacté votre support 16 jours, personne ne répond. C'est très décevant. Cordialement.",bonsoir j ai contacté votre support 16 jours personne ne répond c est très décevant cordialement,QUALITE_SERVICE__fr
888,"Coucou, Je souhaite un renseignement sur vos tarifs internationaux ?",AUTRE,,,,,,fr,False,"Coucou, Je souhaite un renseignement sur vos tarifs internationaux ?",coucou je souhaite un renseignement sur vos tarifs internationaux,AUTRE__fr
346,"Bonjour, Mon chaussures d'une valeur de 807 € est cassé à la réception. Colis PKG-2023-62279. Adresse : Manouba.",PRODUIT_ENDOMMAGE,,,807 €,Manouba,PKG-2023-62279,fr,True,"Bonjour, Mon chaussures d'une valeur de 807 € est cassé à la réception. Colis PKG-2023-62279. Adresse : Manouba.",bonjour mon chaussures d une valeur de 807 est cassé à la réception colis pkg 2023 62279 adresse manouba,PRODUIT_ENDOMMAGE__fr
2463,"Cher Service Client, On m'a livré à la mauvaise ville. Numéro PKG-2026-81043. Destination erronée : Milan. Correcte : Tunis. Dans l'attente de votre réponse.",ERREUR_DESTINATION,,,,Milan,PKG-2026-81043,fr,False,"Cher Service Client, On m'a livré à la mauvaise ville. Numéro PKG-2026-81043. Destination erronée : Milan. Correcte : Tunis. Dans l'attente de votre réponse.",cher service client on m a livré à la mauvaise ville numéro pkg 2026 81043 destination erronée milan correcte tunis dans l attente de votre réponse,ERREUR_DESTINATION__fr
724,"Bonjour, Double prélèvement : 1336,78 € le jour même. À corriger d'urgence. Sincères salutations.",FACTURATION_PAIEMENT,,,"1 336,78 €",,,fr,True,"Bonjour, Double prélèvement : 1336,78 € le jour même. À corriger d'urgence. Sincères salutations.",bonjour double prélèvement 1336 78 le jour même à corriger d urgence sincères salutations,FACTURATION_PAIEMENT__fr
414,"Cher Service Client, Aucune nouvelle de ma livraison. Attendue à Kasserine le 2025-06-14. Cela fait 59 jours d'attente. Merci de votre retour.",RETARD_LIVRAISON,14/06/2025,59.0,,Kasserine,,fr,False,"Cher Service Client, Aucune nouvelle de ma livraison. Attendue à Kasserine le 2025-06-14. Cela fait 59 jours d'attente. Merci de votre retour.",cher service client aucune nouvelle de ma livraison attendue à kasserine le 2025 06 14 cela fait 59 jours d attente merci de votre retour,RETARD_LIVRAISON__fr
524,"Franchement, Le colis BL-2025-57683 est bloqué à Nabeul. Il devait aller à Bizerte. Réagissez !",ERREUR_DESTINATION,,,,Nabeul,BL-2025-57683,fr,False,"Franchement, Le colis BL-2025-57683 est bloqué à Nabeul. Il devait aller à Bizerte. Réagissez !",franchement le colis bl 2025 57683 est bloqué à nabeul il devait aller à bizerte réagissez,ERREUR_DESTINATION__fr
720,"Ça suffit maintenant, Colis EXP-2024-62617 endommagé à Le Bardo. Le carton était perforé, le contenu est HS. J'exige une réponse immédiate.",PRODUIT_ENDOMMAGE,,,,Le Bardo,EXP-2024-62617,fr,False,"Ça suffit maintenant, Colis EXP-2024-62617 endommagé à Le Bardo. Le carton était perforé, le contenu est HS. J'exige une réponse immédiate.",ça suffit maintenant colis exp 2024 62617 endommagé à le bardo le carton était perforé le contenu est hs j exige une réponse immédiate,PRODUIT_ENDOMMAGE__fr
1902,"Hello, On m'a livré à la mauvaise ville. Numéro EXP-2023-51428. Destination erronée : Toulouse. Correcte : Kairouan. Merci d'avance.",ERREUR_DESTINATION,,,,Toulouse,EXP-2023-51428,fr,False,"Hello, On m'a livré à la mauvaise ville. Numéro EXP-2023-51428. Destination erronée : Toulouse. Correcte : Kairouan. Merci d'avance.",hello on m a livré à la mauvaise ville numéro exp 2023 51428 destination erronée toulouse correcte kairouan merci d avance,ERREUR_DESTINATION__fr
1020,"Salut, La boîte est arrivée écrasée et l'écran est fissuré. Merci beaucoup.",PRODUIT_ENDOMMAGE,,,,,,fr,False,"Salut, La boîte est arrivée écrasée et l'écran est fissuré. Merci beaucoup.",salut la boîte est arrivée écrasée et l écran est fissuré merci beaucoup,PRODUIT_ENDOMMAGE__fr
954,"Bonsoir, Retour + remboursement svp. Le produit ne me convient pas. Dans l'attente de votre réponse.",RETOUR_REMBOURSEMENT,,,,,,fr,False,"Bonsoir, Retour + remboursement svp. Le produit ne me convient pas. Dans l'attente de votre réponse.",bonsoir retour remboursement svp le produit ne me convient pas dans l attente de votre réponse,RETOUR_REMBOURSEMENT__fr
420,"Cher Service Client, Livreur arrivé le 12 décembre, n'a même pas sonné. Colis déposé n'importe où. Merci de votre retour.",QUALITE_SERVICE,12-d?.,,,,,fr,False,"Cher Service Client, Livreur arrivé le 12 décembre, n'a même pas sonné. Colis déposé n'importe où. Merci de votre retour.",cher service client livreur arrivé le 12 décembre n a même pas sonné colis déposé n importe où merci de votre retour,QUALITE_SERVICE__fr
2420,C'est inadmissible ! Aucune nouvelle de ma livraison BL-2024-42875 le 22/01/2024. Cela fait 58 jours d'attente. J'exige une réponse immédiate.,RETARD_LIVRAISON,22/01/2024,58.0,,,BL-2024-42875,fr,False,C'est inadmissible ! Aucune nouvelle de ma livraison BL-2024-42875 le 22/01/2024. Cela fait 58 jours d'attente. J'exige une réponse immédiate.,c est inadmissible aucune nouvelle de ma livraison bl 2024 42875 le 22 01 2024 cela fait 58 jours d attente j exige une réponse immédiate,RETARD_LIVRAISON__fr
2065,"Madame, Monsieur, Aucune nouvelle de ma livraison EXP-2024-11393. Attendue à La Marsa. Cela fait 3 mois d'attente. Bien à vous.",RETARD_LIVRAISON,,90.0,,La Marsa,EXP-2024-11393,fr,False,"Madame, Monsieur, Aucune nouvelle de ma livraison EXP-2024-11393. Attendue à La Marsa. Cela fait 3 mois d'attente. Bien à vous.",madame monsieur aucune nouvelle de ma livraison exp 2024 11393 attendue à la marsa cela fait 3 mois d attente bien à vous,RETARD_LIVRAISON__fr
88,"Cher Service Client, Le prix affiché était différent : 373.84dinars au lieu du montant annoncé. Commande TR-2025-62096. Bien à vous.",FACTURATION_PAIEMENT,,,373.84dinars,,TR-2025-62096,fr,False,"Cher Service Client, Le prix affiché était différent : 373.84dinars au lieu du montant annoncé. Commande TR-2025-62096. Bien à vous.",cher service client le prix affiché était différent 373 84dinars au lieu du montant annoncé commande tr 2025 62096 bien à vous,FACTURATION_PAIEMENT__fr
953,"Cher Service Client, Ma commande COL-2025-32445 devait arriver à Médenine le 21/04, toujours rien reçu. Cordialement.",RETARD_LIVRAISON,21-avr.,,,Médenine,COL-2025-32445,fr,False,"Cher Service Client, Ma commande COL-2025-32445 devait arriver à Médenine le 21/04, toujours rien reçu. Cordialement.",cher service client ma commande col 2025 32445 devait arriver à médenine le 21 04 toujours rien reçu cordialement,RETARD_LIVRAISON__fr
2127,"Coucou, Bonjour, comment vous joindre par téléphone ?. Merci d'avance.",AUTRE,,,,,,fr,False,"Coucou, Bonjour, comment vous joindre par téléphone ?. Merci d'avance.",coucou bonjour comment vous joindre par téléphone merci d avance,AUTRE__fr
793,"Madame, Monsieur, Le colis PKG-2023-92429 est marqué livré à Gabès le 5 février, mais je n'ai rien reçu. Je pense qu'il a été volé. Bien à vous.",PERTE_VOL,05-févr.,,,Gabès,PKG-2023-92429,fr,False,"Madame, Monsieur, Le colis PKG-2023-92429 est marqué livré à Gabès le 5 février, mais je n'ai rien reçu. Je pense qu'il a été volé. Bien à vous.",madame monsieur le colis pkg 2023 92429 est marqué livré à gabès le 5 février mais je n ai rien reçu je pense qu il a été volé bien à vous,PERTE_VOL__fr
424,"Hello, J'attends toujours mon remboursement de 1339.55€ promis le 2024-04-03. Cela fait 53 jours. C'est long ! Merci !",RETOUR_REMBOURSEMENT,03/04/2024,53.0,1339.55€,,,fr,True,"Hello, J'attends toujours mon remboursement de 1339.55€ promis le 2024-04-03. Cela fait 53 jours. C'est long ! Merci !",hello j attends toujours mon remboursement de 1339 55 promis le 2024 04 03 cela fait 53 jours c est long merci,RETOUR_REMBOURSEMENT__fr
695,"Bonjour Madame, Monsieur, Bonjour, demande de devis pour un envoi de 11 tonnes. Sincères salutations.",AUTRE,,,,,,fr,False,"Bonjour Madame, Monsieur, Bonjour, demande de devis pour un envoi de 11 tonnes. Sincères salutations.",bonjour madame monsieur bonjour demande de devis pour un envoi de 11 tonnes sincères salutations,AUTRE__fr
1261,"Écoutez, Colis ADR-2026-88179 égaré dans le circuit. Valeur : 1064 eur. Je saisirai un avocat si rien ne bouge.",PERTE_VOL,,,1064 eur,,ADR-2026-88179,fr,True,"Écoutez, Colis ADR-2026-88179 égaré dans le circuit. Valeur : 1064 eur. Je saisirai un avocat si rien ne bouge.",écoutez colis adr 2026 88179 égaré dans le circuit valeur 1064 eur je saisirai un avocat si rien ne bouge,PERTE_VOL__fr
877,"C'est inadmissible ! Livraison en retard. Ref LP-2025-25917. Je veux parler à un responsable, IMMÉDIATEMENT.",RETARD_LIVRAISON,,,,,LP-2025-25917,fr,False,"C'est inadmissible ! Livraison en retard. Ref LP-2025-25917. Je veux parler à un responsable, IMMÉDIATEMENT.",c est inadmissible livraison en retard ref lp 2025 25917 je veux parler à un responsable immédiatement,RETARD_LIVRAISON__fr
2373,"Ça suffit maintenant, Bonjour, comment vous joindre par téléphone ?. Dernière chance avant plainte officielle.",AUTRE,,,,,,fr,False,"Ça suffit maintenant, Bonjour, comment vous joindre par téléphone ?. Dernière chance avant plainte officielle.",ça suffit maintenant bonjour comment vous joindre par téléphone dernière chance avant plainte officielle,AUTRE__fr
2381,"Madame, Monsieur, Comportement du livreur inacceptable à Béja. Il a jeté le colis par-dessus le portail. Dans l'attente de votre réponse.",QUALITE_SERVICE,,,,Béja,,fr,False,"Madame, Monsieur, Comportement du livreur inacceptable à Béja. Il a jeté le colis par-dessus le portail. Dans l'attente de votre réponse.",madame monsieur comportement du livreur inacceptable à béja il a jeté le colis par dessus le portail dans l attente de votre réponse,QUALITE_SERVICE__fr
1425,"C'est inadmissible ! Je souhaite retourner ma commande ADR-2024-53532 et être remboursé de 1689.55€. Merci. Je veux parler à un responsable, IMMÉDIATEMENT.",RETOUR_REMBOURSEMENT,,,1689.55€,,ADR-2024-53532,fr,True,"C'est inadmissible ! Je souhaite retourner ma commande ADR-2024-53532 et être remboursé de 1689.55€. Merci. Je veux parler à un responsable, IMMÉDIATEMENT.",c est inadmissible je souhaite retourner ma commande adr 2024 53532 et être remboursé de 1689 55 merci je veux parler à un responsable immédiatement,RETOUR_REMBOURSEMENT__fr
2158,"Bonjour, Service client injoignable. Ref CMR-2025-69848. Aucune réponse. Cordialement.",QUALITE_SERVICE,,,,,CMR-2025-69848,fr,False,"Bonjour, Service client injoignable. Ref CMR-2025-69848. Aucune réponse. Cordialement.",bonjour service client injoignable ref cmr 2025 69848 aucune réponse cordialement,QUALITE_SERVICE__fr
1948,"Colis perdu égaré dans le circuit. Départ Nice. Bloqué depuis 5 semaines. Je veux parler à un responsable, IMMÉDIATEMENT.",PERTE_VOL,,35.0,,Nice,,fr,False,"Colis perdu égaré dans le circuit. Départ Nice. Bloqué depuis 5 semaines. Je veux parler à un responsable, IMMÉDIATEMENT.",colis perdu égaré dans le circuit départ nice bloqué depuis 5 semaines je veux parler à un responsable immédiatement,PERTE_VOL__fr
2204,"Bonjour, Demande de remboursement de 461.02 euros. Produit non conforme. Dernière chance avant plainte officielle.",RETOUR_REMBOURSEMENT,,,461.02 euros,,,fr,True,"Bonjour, Demande de remboursement de 461.02 euros. Produit non conforme. Dernière chance avant plainte officielle.",bonjour demande de remboursement de 461 02 euros produit non conforme dernière chance avant plainte officielle,RETOUR_REMBOURSEMENT__fr
1032,"Cher Service Client, Double prélèvement : 550.83 dt le jour même. À corriger d'urgence. Merci d'avance.",FACTURATION_PAIEMENT,,,550.83 dt,,,fr,False,"Cher Service Client, Double prélèvement : 550.83 dt le jour même. À corriger d'urgence. Merci d'avance.",cher service client double prélèvement 550 83 dt le jour même à corriger d urgence merci d avance,FACTURATION_PAIEMENT__fr
2085,"Salut, Produit reçu abîmé. Emballage détruit. Numéro ADR-2026-16058. J attends un geste.",PRODUIT_ENDOMMAGE,,,,,ADR-2026-16058,fr,False,"Salut, Produit reçu abîmé. Emballage détruit. Numéro ADR-2026-16058. J attends un geste.",salut produit reçu abîmé emballage détruit numéro adr 2026 16058 j attends un geste,PRODUIT_ENDOMMAGE__fr
1980,"Ça suffit maintenant, Marchandise arrivée déchirée. Colis ADR-2024-93317. Plusieurs articles sont rayés et inutilisables. Dernière chance avant plainte officielle!!!",PRODUIT_ENDOMMAGE,,,,,ADR-2024-93317,fr,False,"Ça suffit maintenant, Marchandise arrivée déchirée. Colis ADR-2024-93317. Plusieurs articles sont rayés et inutilisables. Dernière chance avant plainte officielle!!!",ça suffit maintenant marchandise arrivée déchirée colis adr 2024 93317 plusieurs articles sont rayés et inutilisables dernière chance avant plainte officielle,PRODUIT_ENDOMMAGE__fr
1801,"Coucou, Bonjour, je devais recevoir mon colis TR-2024-97757 à Tunis, et rien n'est arrivé depuis 2 jours. Merci !",RETARD_LIVRAISON,,2.0,,Tunis,TR-2024-97757,fr,False,"Coucou, Bonjour, je devais recevoir mon colis TR-2024-97757 à Tunis, et rien n'est arrivé depuis 2 jours. Merci !",coucou bonjour je devais recevoir mon colis tr 2024 97757 à tunis et rien n est arrivé depuis 2 jours merci,RETARD_LIVRAISON__fr
2207,"Cher Service Client, Colis ADR-2024-67980 égaré dans le circuit. Valeur : 424.34TND. Bloqué depuis 2 mois. Merci de votre retour.",PERTE_VOL,,60.0,424.34TND,,ADR-2024-67980,fr,False,"Cher Service Client, Colis ADR-2024-67980 égaré dans le circuit. Valeur : 424.34TND. Bloqué depuis 2 mois. Merci de votre retour.",cher service client colis adr 2024 67980 égaré dans le circuit valeur 424 34tnd bloqué depuis 2 mois merci de votre retour,PERTE_VOL__fr
2021,Surcharges non expliquées de 907.97 euros sur ma facture pour Milan. Ref BL-2023-78288. Je ne veux plus jamais utiliser vos services.,FACTURATION_PAIEMENT,,,907.97 euros,Milan,BL-2023-78288,fr,True,Surcharges non expliquées de 907.97 euros sur ma facture pour Milan. Ref BL-2023-78288. Je ne veux plus jamais utiliser vos services.,surcharges non expliquées de 907 97 euros sur ma facture pour milan ref bl 2023 78288 je ne veux plus jamais utiliser vos services,FACTURATION_PAIEMENT__fr
787,"Cher Service Client, On m'a livré à la mauvaise ville. Numéro TRK-2025-84098. Destination erronée : Lyon. Correcte : Kasserine. Dans l'attente de votre réponse.",ERREUR_DESTINATION,,,,Lyon,TRK-2025-84098,fr,False,"Cher Service Client, On m'a livré à la mauvaise ville. Numéro __TRACKING__-84098. Destination erronée : Lyon. Correcte : Kasserine. Dans l'attente de votre réponse.",cher service client on m a livré à la mauvaise ville numéro __tracking__ 84098 destination erronée lyon correcte kasserine dans l attente de votre réponse,ERREUR_DESTINATION__fr
535,"Bonsoir, Colis TR-2024-65038 égaré dans le circuit. Départ Béja. Bloqué depuis 12 jours. Cordialement.",PERTE_VOL,,12.0,,Béja,TR-2024-65038,fr,False,"Bonsoir, Colis TR-2024-65038 égaré dans le circuit. Départ Béja. Bloqué depuis 12 jours. Cordialement.",bonsoir colis tr 2024 65038 égaré dans le circuit départ béja bloqué depuis 12 jours cordialement,PERTE_VOL__fr
2105,"Bonjour, Erreur d'adresse : le colis BL-2026-72801 est parti sur Ettadhamen, moi je suis à Bizerte. Que faire ? J'exige une réponse immédiate.",ERREUR_DESTINATION,,,,Ettadhamen,BL-2026-72801,fr,False,"Bonjour, Erreur d'adresse : le colis BL-2026-72801 est parti sur Ettadhamen, moi je suis à Bizerte. Que faire ? J'exige une réponse immédiate.",bonjour erreur d adresse le colis bl 2026 72801 est parti sur ettadhamen moi je suis à bizerte que faire j exige une réponse immédiate,ERREUR_DESTINATION__fr
1416,"Bonjour Madame, Monsieur, Bonjour, comment vous joindre par téléphone ?. Dans l'attente de votre réponse.",AUTRE,,,,,,fr,False,"Bonjour Madame, Monsieur, Bonjour, comment vous joindre par téléphone ?. Dans l'attente de votre réponse.",bonjour madame monsieur bonjour comment vous joindre par téléphone dans l attente de votre réponse,AUTRE__fr
2465,"Cher Service Client, Ma commande a totalement disparu. Numéro : BL-2024-51580. Livraison Tozeur. Enquête urgente demandée. Merci d'avance.",PERTE_VOL,,,,Tozeur,BL-2024-51580,fr,False,"Cher Service Client, Ma commande a totalement disparu. Numéro : BL-2024-51580. Livraison Tozeur. Enquête urgente demandée. Merci d'avance.",cher service client ma commande a totalement disparu numéro bl 2024 51580 livraison tozeur enquête urgente demandée merci d avance,PERTE_VOL__fr
2336,"Bonjour Madame, Monsieur, Le tracking indique 'livré', mais rien à la maison. Colis EXP-2024-56953 volé je pense. Dans l'attente de votre réponse.",PERTE_VOL,,,,,EXP-2024-56953,fr,False,"Bonjour Madame, Monsieur, Le tracking indique 'livré', mais rien à la maison. Colis EXP-2024-56953 volé je pense. Dans l'attente de votre réponse.",bonjour madame monsieur le tracking indique livré mais rien à la maison colis exp 2024 56953 volé je pense dans l attente de votre réponse,PERTE_VOL__fr
2187,"Cher Service Client, Double prélèvement : 493 € le 07/06/2025. À corriger d'urgence. Dans l'attente de votre réponse.",FACTURATION_PAIEMENT,07/06/2025,,493 €,,,fr,True,"Cher Service Client, Double prélèvement : 493 € le 07/06/2025. À corriger d'urgence. Dans l'attente de votre réponse.",cher service client double prélèvement 493 le 07 06 2025 à corriger d urgence dans l attente de votre réponse,FACTURATION_PAIEMENT__fr
615,"Bonjour, J'ai contacté votre support 12 jours, personne ne répond. C'est très décevant. Merci !",QUALITE_SERVICE,,12.0,,,,fr,False,"Bonjour, J'ai contacté votre support 12 jours, personne ne répond. C'est très décevant. Merci !",bonjour j ai contacté votre support 12 jours personne ne répond c est très décevant merci,QUALITE_SERVICE__fr
195,"Bonsoir, Service client injoignable. Aucune réponse. Merci d'avance.",QUALITE_SERVICE,,,,,,fr,False,"Bonsoir, Service client injoignable. Aucune réponse. Merci d'avance.",bonsoir service client injoignable aucune réponse merci d avance,QUALITE_SERVICE__fr
1961,"Bonjour Madame, Monsieur, Colis expédié vers Manouba par erreur le 17/11. Ma vraie adresse est à Zaghouan. À corriger. Merci d'avance.",ERREUR_DESTINATION,17-nov.,,,Manouba,,fr,False,"Bonjour Madame, Monsieur, Colis expédié vers Manouba par erreur le 17/11. Ma vraie adresse est à Zaghouan. À corriger. Merci d'avance.",bonjour madame monsieur colis expédié vers manouba par erreur le 17 11 ma vraie adresse est à zaghouan à corriger merci d avance,ERREUR_DESTINATION__fr
162,"Bonjour, Je veux annuler et être remboursé 1569.00 EUR C'est inacceptable !!!!",RETOUR_REMBOURSEMENT,,,1569.00 EUR,,,fr,True,"Bonjour, Je veux annuler et être remboursé 1569.00 EUR C'est inacceptable !!!!",bonjour je veux annuler et être remboursé 1569 00 eur c est inacceptable,RETOUR_REMBOURSEMENT__fr
1989,"Madame, Monsieur, Colis perdu égaré dans le circuit. Départ Manouba. Merci d'avance.",PERTE_VOL,,,,Manouba,,fr,False,"Madame, Monsieur, Colis perdu égaré dans le circuit. Départ Manouba. Merci d'avance.",madame monsieur colis perdu égaré dans le circuit départ manouba merci d avance,PERTE_VOL__fr
1005,"Cher Service Client, Double prélèvement : 1234,19 dt le le 28 déc.. À corriger d'urgence. Dans l'attente de votre réponse.",FACTURATION_PAIEMENT,le 28 déc.,,"1234,19 dt",,,fr,False,"Cher Service Client, Double prélèvement : 1234,19 dt le le 28 déc.. À corriger d'urgence. Dans l'attente de votre réponse.",cher service client double prélèvement 1234 19 dt le le 28 déc à corriger d urgence dans l attente de votre réponse,FACTURATION_PAIEMENT__fr
1645,"Ça suffit maintenant, Bonjour, demande de devis pour un envoi de 3 tonnes. Je vais résilier si ça continue.",AUTRE,,,,,,fr,False,"Ça suffit maintenant, Bonjour, demande de devis pour un envoi de 3 tonnes. Je vais résilier si ça continue.",ça suffit maintenant bonjour demande de devis pour un envoi de 3 tonnes je vais résilier si ça continue,AUTRE__fr
1021,"Bonjour, Mon tablette est arrivé à Lyon completement cassé. Ref ADR-2025-96702. J'exige une réponse immédiate.",PRODUIT_ENDOMMAGE,,,,Lyon,ADR-2025-96702,fr,False,"Bonjour, Mon tablette est arrivé à Lyon completement cassé. Ref ADR-2025-96702. J'exige une réponse immédiate.",bonjour mon tablette est arrivé à lyon completement cassé ref adr 2025 96702 j exige une réponse immédiate,PRODUIT_ENDOMMAGE__fr
1465,C'est inadmissible ! Je souhaite retourner ma commande PKG-2026-80105 et être remboursé de 1597.87 eur. Merci. Réagissez !,RETOUR_REMBOURSEMENT,,,1597.87 eur,,PKG-2026-80105,fr,True,C'est inadmissible ! Je souhaite retourner ma commande PKG-2026-80105 et être remboursé de 1597.87 eur. Merci. Réagissez !,c est inadmissible je souhaite retourner ma commande pkg 2026 80105 et être remboursé de 1597 87 eur merci réagissez,RETOUR_REMBOURSEMENT__fr
644,"Bonjour Madame, Monsieur, Produit reçu abîmé. Emballage détruit. Numéro TRK-2025-28405. J attends un geste. Sincères salutations.",PRODUIT_ENDOMMAGE,,,,,TRK-2025-28405,fr,False,"Bonjour Madame, Monsieur, Produit reçu abîmé. Emballage détruit. Numéro __TRACKING__-28405. J attends un geste. Sincères salutations.",bonjour madame monsieur produit reçu abîmé emballage détruit numéro __tracking__ 28405 j attends un geste sincères salutations,PRODUIT_ENDOMMAGE__fr
1179,J'ai été débité deux fois 1089 dt pour la même commande. Merci !,FACTURATION_PAIEMENT,,,1089 dt,,,fr,False,J'ai été débité deux fois 1089 dt pour la même commande. Merci !,j ai été débité deux fois 1089 dt pour la même commande merci,FACTURATION_PAIEMENT__fr
974,"Franchement, Question facturation. On me demande 218,91 euros pour CMR-2025-14940, alors que rien n'a été livré. Explication ? Je veux parler à un responsable, IMMÉDIATEMENT.",FACTURATION_PAIEMENT,,,"218,91 euros",,CMR-2025-14940,fr,True,"Franchement, Question facturation. On me demande 218,91 euros pour CMR-2025-14940, alors que rien n'a été livré. Explication ? Je veux parler à un responsable, IMMÉDIATEMENT.",franchement question facturation on me demande 218 91 euros pour cmr 2025 14940 alors que rien n a été livré explication je veux parler à un responsable immédiatement,FACTURATION_PAIEMENT__fr
1769,"Cher Service Client, Toujours pas livré à Mahdia, colis TRK-2024-94853, 27 jours de retard. C'est long. Bien à vous.",RETARD_LIVRAISON,,27.0,,Mahdia,TRK-2024-94853,fr,False,"Cher Service Client, Toujours pas livré à Mahdia, colis __TRACKING__-94853, 27 jours de retard. C'est long. Bien à vous.",cher service client toujours pas livré à mahdia colis __tracking__ 94853 27 jours de retard c est long bien à vous,RETARD_LIVRAISON__fr
1140,"Bonsoir, J'ai été débité deux fois 1071 dt pour la même commande le 13 décembre. Cordialement.",FACTURATION_PAIEMENT,13-d?.,,1071 dt,,,fr,False,"Bonsoir, J'ai été débité deux fois 1071 dt pour la même commande le 13 décembre. Cordialement.",bonsoir j ai été débité deux fois 1071 dt pour la même commande le 13 décembre cordialement,FACTURATION_PAIEMENT__fr
1934,"Bonsoir, Colis BL-2023-41349 endommagé. Le carton était perforé, le contenu est HS. Bien à vous.",PRODUIT_ENDOMMAGE,,,,,BL-2023-41349,fr,False,"Bonsoir, Colis BL-2023-41349 endommagé. Le carton était perforé, le contenu est HS. Bien à vous.",bonsoir colis bl 2023 41349 endommagé le carton était perforé le contenu est hs bien à vous,PRODUIT_ENDOMMAGE__fr
1952,"Bonjour, Souhaite ouvrir un compte pro pour mes envois. Basé à Tozeur. Merci beaucoup.",AUTRE,,,,Tozeur,,fr,False,"Bonjour, Souhaite ouvrir un compte pro pour mes envois. Basé à Tozeur. Merci beaucoup.",bonjour souhaite ouvrir un compte pro pour mes envois basé à tozeur merci beaucoup,AUTRE__fr
1117,"Bonjour, Je n'ai jamais reçu mon colis. Il devait arriver à Béja le 2024-09-02. Perdu ? Dans l'attente de votre réponse.",PERTE_VOL,02/09/2024,,,Béja,,fr,False,"Bonjour, Je n'ai jamais reçu mon colis. Il devait arriver à Béja le 2024-09-02. Perdu ? Dans l'attente de votre réponse.",bonjour je n ai jamais reçu mon colis il devait arriver à béja le 2024 09 02 perdu dans l attente de votre réponse,PERTE_VOL__fr
891,"Cher Service Client, Toujours pas livré, colis BL-2024-42767. C'est long. Merci de votre retour.",RETARD_LIVRAISON,,,,,BL-2024-42767,fr,False,"Cher Service Client, Toujours pas livré, colis BL-2024-42767. C'est long. Merci de votre retour.",cher service client toujours pas livré colis bl 2024 42767 c est long merci de votre retour,RETARD_LIVRAISON__fr
2268,"Madame, Monsieur, Mon ordinateur d'une valeur de 1121,33 € est cassé à la réception. Colis PKG-2025-38049. Adresse : Zaghouan. Dans l'attente de votre réponse.",PRODUIT_ENDOMMAGE,,,"1 121,33 €",Zaghouan,PKG-2025-38049,fr,True,"Madame, Monsieur, Mon ordinateur d'une valeur de 1121,33 € est cassé à la réception. Colis PKG-2025-38049. Adresse : Zaghouan. Dans l'attente de votre réponse.",madame monsieur mon ordinateur d une valeur de 1121 33 est cassé à la réception colis pkg 2025 38049 adresse zaghouan dans l attente de votre réponse,PRODUIT_ENDOMMAGE__fr
1729,"Salut, Retour + remboursement svp. Ref TR-2025-83223. Le produit ne me convient pas. À bientôt.",RETOUR_REMBOURSEMENT,,,,,TR-2025-83223,fr,False,"Salut, Retour + remboursement svp. Ref TR-2025-83223. Le produit ne me convient pas. À bientôt.",salut retour remboursement svp ref tr 2025 83223 le produit ne me convient pas à bientôt,RETOUR_REMBOURSEMENT__fr
1404,"Cher Service Client, Le colis CMR-2024-98268 est bloqué à Manouba. Il devait aller à Hammamet. 29 jours de perdu. Merci de votre retour.",ERREUR_DESTINATION,,29.0,,Manouba,CMR-2024-98268,fr,False,"Cher Service Client, Le colis CMR-2024-98268 est bloqué à Manouba. Il devait aller à Hammamet. 29 jours de perdu. Merci de votre retour.",cher service client le colis cmr 2024 98268 est bloqué à manouba il devait aller à hammamet 29 jours de perdu merci de votre retour,ERREUR_DESTINATION__fr
1370,"Hello, Service client injoignable. Aucune réponse. Merci beaucoup.",QUALITE_SERVICE,,,,,,fr,False,"Hello, Service client injoignable. Aucune réponse. Merci beaucoup.",hello service client injoignable aucune réponse merci beaucoup,QUALITE_SERVICE__fr
624,"Madame, Monsieur, Bonjour, demande de devis pour un envoi de 13 tonnes. Bien à vous.",AUTRE,,,,,,fr,False,"Madame, Monsieur, Bonjour, demande de devis pour un envoi de 13 tonnes. Bien à vous.",madame monsieur bonjour demande de devis pour un envoi de 13 tonnes bien à vous,AUTRE__fr
2180,"Madame, Monsieur, Colis introuvable. Cordialement.",PERTE_VOL,,,,,,fr,False,"Madame, Monsieur, Colis introuvable. Cordialement.",madame monsieur colis introuvable cordialement,PERTE_VOL__fr
554,"Cher Service Client, J'ai contacté votre support, personne ne répond. C'est très décevant. Bien à vous.",QUALITE_SERVICE,,,,,,fr,False,"Cher Service Client, J'ai contacté votre support, personne ne répond. C'est très décevant. Bien à vous.",cher service client j ai contacté votre support personne ne répond c est très décevant bien à vous,QUALITE_SERVICE__fr
154,"Cher Service Client, Aucune nouvelle de ma livraison COL-2026-88188. Cela fait 4 semaines d'attente. Merci de votre retour.",RETARD_LIVRAISON,,28.0,,,COL-2026-88188,fr,False,"Cher Service Client, Aucune nouvelle de ma livraison COL-2026-88188. Cela fait 4 semaines d'attente. Merci de votre retour.",cher service client aucune nouvelle de ma livraison col 2026 88188 cela fait 4 semaines d attente merci de votre retour,RETARD_LIVRAISON__fr
2462,"Madame, Monsieur, Le colis COL-2026-72507 est marqué livré à Béja le 1 avril, mais je n'ai rien reçu. Je pense qu'il a été volé. Merci d'avance.",PERTE_VOL,01-avr.,,,Béja,COL-2026-72507,fr,False,"Madame, Monsieur, Le colis COL-2026-72507 est marqué livré à Béja le 1 avril, mais je n'ai rien reçu. Je pense qu'il a été volé. Merci d'avance.",madame monsieur le colis col 2026 72507 est marqué livré à béja le 1 avril mais je n ai rien reçu je pense qu il a été volé merci d avance,PERTE_VOL__fr
564,"Bonjour, Surcharges non expliquées de 570 € sur ma facture pour Le Bardo. Ref TR-2023-74011. Bien à vous.",FACTURATION_PAIEMENT,,,570 €,Le Bardo,TR-2023-74011,fr,True,"Bonjour, Surcharges non expliquées de 570 € sur ma facture pour Le Bardo. Ref TR-2023-74011. Bien à vous.",bonjour surcharges non expliquées de 570 sur ma facture pour le bardo ref tr 2023 74011 bien à vous,FACTURATION_PAIEMENT__fr
2034,"Coucou, Retour + remboursement svp. Ref EXP-2023-37611. Livraison Gabès. Le produit ne me convient pas. Merci d'avance.",RETOUR_REMBOURSEMENT,,,,Gabès,EXP-2023-37611,fr,False,"Coucou, Retour + remboursement svp. Ref EXP-2023-37611. Livraison Gabès. Le produit ne me convient pas. Merci d'avance.",coucou retour remboursement svp ref exp 2023 37611 livraison gabès le produit ne me convient pas merci d avance,RETOUR_REMBOURSEMENT__fr
1875,"Bonjour, Produit reçu abîmé. Emballage détruit. Numéro ADR-2023-20374. J attends un geste. Sincères salutations.",PRODUIT_ENDOMMAGE,,,,,ADR-2023-20374,fr,False,"Bonjour, Produit reçu abîmé. Emballage détruit. Numéro ADR-2023-20374. J attends un geste. Sincères salutations.",bonjour produit reçu abîmé emballage détruit numéro adr 2023 20374 j attends un geste sincères salutations,PRODUIT_ENDOMMAGE__fr
9,"C'est inadmissible ! Erreur d'adresse : le colis PKG-2026-20518 est parti sur Le Bardo, moi je suis à Nice. Que faire ? Réagissez !",ERREUR_DESTINATION,,,,Le Bardo,PKG-2026-20518,fr,False,"C'est inadmissible ! Erreur d'adresse : le colis PKG-2026-20518 est parti sur Le Bardo, moi je suis à Nice. Que faire ? Réagissez !",c est inadmissible erreur d adresse le colis pkg 2026 20518 est parti sur le bardo moi je suis à nice que faire réagissez,ERREUR_DESTINATION__fr
97,"Hello, Bonjour, demande de devis pour un envoi de 6 tonnes. Merci d'avance.",AUTRE,,,,,,fr,False,"Hello, Bonjour, demande de devis pour un envoi de 6 tonnes. Merci d'avance.",hello bonjour demande de devis pour un envoi de 6 tonnes merci d avance,AUTRE__fr
2142,"Bonjour, Mon tablette d'une valeur de quelques centaines est cassé à la réception. Colis TR-2026-42259. Merci d'avance.",PRODUIT_ENDOMMAGE,,,,,TR-2026-42259,fr,False,"Bonjour, Mon tablette d'une valeur de quelques centaines est cassé à la réception. Colis TR-2026-42259. Merci d'avance.",bonjour mon tablette d une valeur de quelques centaines est cassé à la réception colis tr 2026 42259 merci d avance,PRODUIT_ENDOMMAGE__fr
807,"Hello, Produit reçu abîmé. Emballage détruit. Numéro EXP-2025-21588. J attends un geste.",PRODUIT_ENDOMMAGE,,,,,EXP-2025-21588,fr,False,"Hello, Produit reçu abîmé. Emballage détruit. Numéro EXP-2025-21588. J attends un geste.",hello produit reçu abîmé emballage détruit numéro exp 2025 21588 j attends un geste,PRODUIT_ENDOMMAGE__fr
1263,"Madame, Monsieur, Marchandise arrivée déchirée. Colis TRK-2025-55344. Plusieurs articles sont rayés et inutilisables. Sincères salutations.",PRODUIT_ENDOMMAGE,,,,,TRK-2025-55344,fr,False,"Madame, Monsieur, Marchandise arrivée déchirée. Colis __TRACKING__-55344. Plusieurs articles sont rayés et inutilisables. Sincères salutations.",madame monsieur marchandise arrivée déchirée colis __tracking__ 55344 plusieurs articles sont rayés et inutilisables sincères salutations,PRODUIT_ENDOMMAGE__fr
36,"Coucou, La boîte est arrivée écrasée à Genève et le produit est cassé.",PRODUIT_ENDOMMAGE,,,,Genève,,fr,False,"Coucou, La boîte est arrivée écrasée à Genève et le produit est cassé.",coucou la boîte est arrivée écrasée à genève et le produit est cassé,PRODUIT_ENDOMMAGE__fr
78,"Bonjour Madame, Monsieur, Marchandise arrivée déchirée. Plusieurs articles sont rayés et inutilisables. Merci de votre retour.",PRODUIT_ENDOMMAGE,,,,,,fr,False,"Bonjour Madame, Monsieur, Marchandise arrivée déchirée. Plusieurs articles sont rayés et inutilisables. Merci de votre retour.",bonjour madame monsieur marchandise arrivée déchirée plusieurs articles sont rayés et inutilisables merci de votre retour,PRODUIT_ENDOMMAGE__fr
1380,"Bonjour, Mon ordinateur d'une valeur de quelques centaines est cassé à la réception. Adresse : Bizerte. Cordialement.",PRODUIT_ENDOMMAGE,,,,Bizerte,,fr,False,"Bonjour, Mon ordinateur d'une valeur de quelques centaines est cassé à la réception. Adresse : Bizerte. Cordialement.",bonjour mon ordinateur d une valeur de quelques centaines est cassé à la réception adresse bizerte cordialement,PRODUIT_ENDOMMAGE__fr
1715,"Madame, Monsieur, Colis PKG-2024-24397 endommagé. Le carton était perforé, le contenu est HS. Bien à vous.",PRODUIT_ENDOMMAGE,,,,,PKG-2024-24397,fr,False,"Madame, Monsieur, Colis PKG-2024-24397 endommagé. Le carton était perforé, le contenu est HS. Bien à vous.",madame monsieur colis pkg 2024 24397 endommagé le carton était perforé le contenu est hs bien à vous,PRODUIT_ENDOMMAGE__fr
130,"Bonjour Madame, Monsieur, Livraison en retard. Ref ADR-2025-25126. Sincères salutations.",RETARD_LIVRAISON,,,,,ADR-2025-25126,fr,False,"Bonjour Madame, Monsieur, Livraison en retard. Ref ADR-2025-25126. Sincères salutations.",bonjour madame monsieur livraison en retard ref adr 2025 25126 sincères salutations,RETARD_LIVRAISON__fr
943,"Coucou, Bonjour, demande de devis pour un envoi de 12 tonnes vers La Marsa début 28 juillet. Merci !",AUTRE,28-juil.,,,La Marsa,,fr,False,"Coucou, Bonjour, demande de devis pour un envoi de 12 tonnes vers La Marsa début 28 juillet. Merci !",coucou bonjour demande de devis pour un envoi de 12 tonnes vers la marsa début 28 juillet merci,AUTRE__fr
1217,"Cher Service Client, On m'a livré à la mauvaise ville. Numéro PKG-2025-54755. Destination erronée : Djerba. Correcte : Tunis. Merci de votre retour.",ERREUR_DESTINATION,,,,Djerba,PKG-2025-54755,fr,False,"Cher Service Client, On m'a livré à la mauvaise ville. Numéro PKG-2025-54755. Destination erronée : Djerba. Correcte : Tunis. Merci de votre retour.",cher service client on m a livré à la mauvaise ville numéro pkg 2025 54755 destination erronée djerba correcte tunis merci de votre retour,ERREUR_DESTINATION__fr
2262,"Bonjour, Je veux annuler et être remboursé. Commande TRK-2025-77433. Merci beaucoup.",RETOUR_REMBOURSEMENT,,,,,TRK-2025-77433,fr,False,"Bonjour, Je veux annuler et être remboursé. Commande __TRACKING__-77433. Merci beaucoup.",bonjour je veux annuler et être remboursé commande __tracking__ 77433 merci beaucoup,RETOUR_REMBOURSEMENT__fr
2148,"C'est inadmissible ! Le tracking indique 'livré' à La Marsa, mais rien à la maison. Colis LP-2025-15630 volé je pense. Réagissez !",PERTE_VOL,,,,La Marsa,LP-2025-15630,fr,False,"C'est inadmissible ! Le tracking indique 'livré' à La Marsa, mais rien à la maison. Colis LP-2025-15630 volé je pense. Réagissez !",c est inadmissible le tracking indique livré à la marsa mais rien à la maison colis lp 2025 15630 volé je pense réagissez,PERTE_VOL__fr
1709,"Bonjour, Adresse de livraison ignorée. Envoi effectué vers Barcelone au lieu de Le Bardo. Ref : CMR-2025-90551. Merci beaucoup.",ERREUR_DESTINATION,,,,Barcelone,CMR-2025-90551,fr,False,"Bonjour, Adresse de livraison ignorée. Envoi effectué vers Barcelone au lieu de Le Bardo. Ref : CMR-2025-90551. Merci beaucoup.",bonjour adresse de livraison ignorée envoi effectué vers barcelone au lieu de le bardo ref cmr 2025 90551 merci beaucoup,ERREUR_DESTINATION__fr
374,"Bonjour, Aucune nouvelle de ma livraison. Attendue à Kairouan le 2024-11-29. Cela fait 7 semaines d'attente. Réagissez !...",RETARD_LIVRAISON,29/11/2024,49.0,,Kairouan,,fr,False,"Bonjour, Aucune nouvelle de ma livraison. Attendue à Kairouan le 2024-11-29. Cela fait 7 semaines d'attente. Réagissez !...",bonjour aucune nouvelle de ma livraison attendue à kairouan le 2024 11 29 cela fait 7 semaines d attente réagissez,RETARD_LIVRAISON__fr
1718,"Cher Service Client, J'attends toujours mon remboursement de 107 TND. Cela fait 6 mois. C'est long ! Dans l'attente de votre réponse.",RETOUR_REMBOURSEMENT,,180.0,107 TND,,,fr,False,"Cher Service Client, J'attends toujours mon remboursement de 107 TND. Cela fait 6 mois. C'est long ! Dans l'attente de votre réponse.",cher service client j attends toujours mon remboursement de 107 tnd cela fait 6 mois c est long dans l attente de votre réponse,RETOUR_REMBOURSEMENT__fr
1617,"Bonsoir, Colis perdu égaré dans le circuit. Départ Ezzahra. Valeur : 389€. Bloqué depuis 31 jours. Bien à vous.",PERTE_VOL,,31.0,389 €,Ezzahra,,fr,True,"Bonsoir, Colis perdu égaré dans le circuit. Départ Ezzahra. Valeur : 389€. Bloqué depuis 31 jours. Bien à vous.",bonsoir colis perdu égaré dans le circuit départ ezzahra valeur 389 bloqué depuis 31 jours bien à vous,PERTE_VOL__fr
1691,"Madame, Monsieur, Reception d'un colis défectueux. PKG-2025-59807. L'article est brisé, inutilisable en l'état. Sincères salutations.",PRODUIT_ENDOMMAGE,,,,,PKG-2025-59807,fr,False,"Madame, Monsieur, Reception d'un colis défectueux. PKG-2025-59807. L'article est brisé, inutilisable en l'état. Sincères salutations.",madame monsieur reception d un colis défectueux pkg 2025 59807 l article est brisé inutilisable en l état sincères salutations,PRODUIT_ENDOMMAGE__fr
1579,Mon tablette d'une valeur de 1293.65dinars est cassé à la réception. Colis LP-2025-16514. Je vais résilier si ça continue.,PRODUIT_ENDOMMAGE,,,1293.65dinars,,LP-2025-16514,fr,False,Mon tablette d'une valeur de 1293.65dinars est cassé à la réception. Colis LP-2025-16514. Je vais résilier si ça continue.,mon tablette d une valeur de 1293 65dinars est cassé à la réception colis lp 2025 16514 je vais résilier si ça continue,PRODUIT_ENDOMMAGE__fr
460,"Madame, Monsieur, Adresse de livraison ignorée. Envoi effectué vers Manouba au lieu de Bizerte. Ref : CMR-2024-21510. Bien à vous.",ERREUR_DESTINATION,,,,Manouba,CMR-2024-21510,fr,False,"Madame, Monsieur, Adresse de livraison ignorée. Envoi effectué vers Manouba au lieu de Bizerte. Ref : CMR-2024-21510. Bien à vous.",madame monsieur adresse de livraison ignorée envoi effectué vers manouba au lieu de bizerte ref cmr 2024 21510 bien à vous,ERREUR_DESTINATION__fr
2464,"Je suis furieux, Le tracking indique 'livré', mais rien à la maison. Colis ADR-2024-58300 volé je pense. Dernière chance avant plainte officielle!!!",PERTE_VOL,,,,,ADR-2024-58300,fr,False,"Je suis furieux, Le tracking indique 'livré', mais rien à la maison. Colis ADR-2024-58300 volé je pense. Dernière chance avant plainte officielle!!!",je suis furieux le tracking indique livré mais rien à la maison colis adr 2024 58300 volé je pense dernière chance avant plainte officielle,PERTE_VOL__fr
2232,Aucun professionnalisme. Personne ne rappelle. Colis TRK-2024-36863. Merci d'avance.,QUALITE_SERVICE,,,,,TRK-2024-36863,fr,False,Aucun professionnalisme. Personne ne rappelle. Colis __TRACKING__-36863. Merci d'avance.,aucun professionnalisme personne ne rappelle colis __tracking__ 36863 merci d avance,QUALITE_SERVICE__fr
1538,"Bonsoir, Comportement du livreur inacceptable à Bruxelles. Il a jeté le colis par-dessus le portail. Bien à vous.",QUALITE_SERVICE,,,,Bruxelles,,fr,False,"Bonsoir, Comportement du livreur inacceptable à Bruxelles. Il a jeté le colis par-dessus le portail. Bien à vous.",bonsoir comportement du livreur inacceptable à bruxelles il a jeté le colis par dessus le portail bien à vous,QUALITE_SERVICE__fr
1275,"Le tracking indique 'livré' à Madrid le 2025-12-16, mais rien à la maison. Colis inconnu volé je pense.",PERTE_VOL,16/12/2025,,,Madrid,,fr,False,"Le tracking indique 'livré' à Madrid le 2025-12-16, mais rien à la maison. Colis inconnu volé je pense.",le tracking indique livré à madrid le 2025 12 16 mais rien à la maison colis inconnu volé je pense,PERTE_VOL__fr
1737,"Bonjour Madame, Monsieur, Le prix affiché était différent : 843dinars au lieu du montant annoncé. Commande LP-2024-20489. Cordialement.",FACTURATION_PAIEMENT,,,843dinars,,LP-2024-20489,fr,False,"Bonjour Madame, Monsieur, Le prix affiché était différent : 843dinars au lieu du montant annoncé. Commande LP-2024-20489. Cordialement.",bonjour madame monsieur le prix affiché était différent 843dinars au lieu du montant annoncé commande lp 2024 20489 cordialement,FACTURATION_PAIEMENT__fr
1450,"Bonjour Madame, Monsieur, Mon tablette est arrivé completement cassé. Ref TRK-2023-77321. Dans l'attente de votre réponse.",PRODUIT_ENDOMMAGE,,,,,TRK-2023-77321,fr,False,"Bonjour Madame, Monsieur, Mon tablette est arrivé completement cassé. Ref __TRACKING__-77321. Dans l'attente de votre réponse.",bonjour madame monsieur mon tablette est arrivé completement cassé ref __tracking__ 77321 dans l attente de votre réponse,PRODUIT_ENDOMMAGE__fr
1086,"Écoutez, Retard important sur ma commande. Destination : Sfax. 4 mois de retard. J'exige une réponse immédiate.",RETARD_LIVRAISON,,120.0,,Sfax,,fr,False,"Écoutez, Retard important sur ma commande. Destination : Sfax. 4 mois de retard. J'exige une réponse immédiate.",écoutez retard important sur ma commande destination sfax 4 mois de retard j exige une réponse immédiate,RETARD_LIVRAISON__fr
1760,"Bonjour, Livraison en retard. Ref LP-2025-24509. Merci d'avance.",RETARD_LIVRAISON,,,,,LP-2025-24509,fr,False,"Bonjour, Livraison en retard. Ref LP-2025-24509. Merci d'avance.",bonjour livraison en retard ref lp 2025 24509 merci d avance,RETARD_LIVRAISON__fr
1753,"Coucou, Ma commande EXP-2025-99754 devait arriver à Tunis le 30 mai, toujours rien reçu, ça fait 1 semaine. À bientôt.",RETARD_LIVRAISON,30-mai,7.0,,Tunis,EXP-2025-99754,fr,False,"Coucou, Ma commande EXP-2025-99754 devait arriver à Tunis le 30 mai, toujours rien reçu, ça fait 1 semaine. À bientôt.",coucou ma commande exp 2025 99754 devait arriver à tunis le 30 mai toujours rien reçu ça fait 1 semaine à bientôt,RETARD_LIVRAISON__fr
903,Mon livre est arrivé à Djerba le 13 mars completement cassé. Ref PKG-2025-23119. J'exige une réponse immédiate.,PRODUIT_ENDOMMAGE,13-mars,,,Djerba,PKG-2025-23119,fr,False,Mon livre est arrivé à Djerba le 13 mars completement cassé. Ref PKG-2025-23119. J'exige une réponse immédiate.,mon livre est arrivé à djerba le 13 mars completement cassé ref pkg 2025 23119 j exige une réponse immédiate,PRODUIT_ENDOMMAGE__fr
425,"Bonjour, Le colis ADR-2026-66083 est en retard de 21 jours. Livraison prévue à Ariana. Bien à vous.",RETARD_LIVRAISON,,21.0,,Ariana,ADR-2026-66083,fr,False,"Bonjour, Le colis ADR-2026-66083 est en retard de 21 jours. Livraison prévue à Ariana. Bien à vous.",bonjour le colis adr 2026 66083 est en retard de 21 jours livraison prévue à ariana bien à vous,RETARD_LIVRAISON__fr
1796,"Bonjour, Colis COL-2026-17298 endommagé à Sfax. Le carton était perforé, le contenu est HS. Merci d'avance.",PRODUIT_ENDOMMAGE,,,,Sfax,COL-2026-17298,fr,False,"Bonjour, Colis COL-2026-17298 endommagé à Sfax. Le carton était perforé, le contenu est HS. Merci d'avance.",bonjour colis col 2026 17298 endommagé à sfax le carton était perforé le contenu est hs merci d avance,PRODUIT_ENDOMMAGE__fr
659,"Bonjour Madame, Monsieur, Surcharges non expliquées de 508.39 dinars sur ma facture. Ref LP-2026-16362. Dans l'attente de votre réponse.",FACTURATION_PAIEMENT,,,508.39 dinars,,LP-2026-16362,fr,False,"Bonjour Madame, Monsieur, Surcharges non expliquées de 508.39 dinars sur ma facture. Ref LP-2026-16362. Dans l'attente de votre réponse.",bonjour madame monsieur surcharges non expliquées de 508 39 dinars sur ma facture ref lp 2026 16362 dans l attente de votre réponse,FACTURATION_PAIEMENT__fr
1663,"Cher Service Client, Je veux annuler et être remboursé. Commande TR-2023-17855. Cordialement.",RETOUR_REMBOURSEMENT,,,,,TR-2023-17855,fr,False,"Cher Service Client, Je veux annuler et être remboursé. Commande TR-2023-17855. Cordialement.",cher service client je veux annuler et être remboursé commande tr 2023 17855 cordialement,RETOUR_REMBOURSEMENT__fr
1567,"Bonsoir, Bonjour, comment procéder au retour de ma commande ADR-2024-98387 ? Je souhaite un remboursement intégral de 1239.37 TND. Cordialement.",RETOUR_REMBOURSEMENT,,,1239.37 TND,,ADR-2024-98387,fr,False,"Bonsoir, Bonjour, comment procéder au retour de ma commande ADR-2024-98387 ? Je souhaite un remboursement intégral de 1239.37 TND. Cordialement.",bonsoir bonjour comment procéder au retour de ma commande adr 2024 98387 je souhaite un remboursement intégral de 1239 37 tnd cordialement,RETOUR_REMBOURSEMENT__fr
2020,"Madame, Monsieur, Question : est-ce que vous livrez le dimanche à Kairouan ? Dans l'attente de votre réponse.",AUTRE,,,,Kairouan,,fr,False,"Madame, Monsieur, Question : est-ce que vous livrez le dimanche à Kairouan ? Dans l'attente de votre réponse.",madame monsieur question est ce que vous livrez le dimanche à kairouan dans l attente de votre réponse,AUTRE__fr
1869,"Madame, Monsieur, Double prélèvement : 1939euros le le 27 nov. et à nouveau 999.35TND. À corriger d'urgence. Bien à vous.",FACTURATION_PAIEMENT,le 27 nov.,,1939euros,,,fr,True,"Madame, Monsieur, Double prélèvement : 1939euros le le 27 nov. et à nouveau 999.35TND. À corriger d'urgence. Bien à vous.",madame monsieur double prélèvement 1939euros le le 27 nov et à nouveau 999 35tnd à corriger d urgence bien à vous,FACTURATION_PAIEMENT__fr
916,Le livreur a été très impoli. Comportement inadmissible. Merci !,QUALITE_SERVICE,,,,,,fr,False,Le livreur a été très impoli. Comportement inadmissible. Merci !,le livreur a été très impoli comportement inadmissible merci,QUALITE_SERVICE__fr
2377,"Je suis furieux, Ma commande devait arriver à Milan, toujours rien reçu. Dernière chance avant plainte officielle.",RETARD_LIVRAISON,,,,Milan,,fr,False,"Je suis furieux, Ma commande devait arriver à Milan, toujours rien reçu. Dernière chance avant plainte officielle.",je suis furieux ma commande devait arriver à milan toujours rien reçu dernière chance avant plainte officielle,RETARD_LIVRAISON__fr
685,Retard important sur ma commande. 16 jours de retard. Merci beaucoup.,RETARD_LIVRAISON,,16.0,,,,fr,False,Retard important sur ma commande. 16 jours de retard. Merci beaucoup.,retard important sur ma commande 16 jours de retard merci beaucoup,RETARD_LIVRAISON__fr
1320,"Bonsoir, Mon chaussures d'une valeur de 1578euros est cassé à la réception. Colis COL-2024-80973. Adresse : El Menzah. Merci de votre retour.",PRODUIT_ENDOMMAGE,,,1578euros,El Menzah,COL-2024-80973,fr,True,"Bonsoir, Mon chaussures d'une valeur de 1578euros est cassé à la réception. Colis COL-2024-80973. Adresse : El Menzah. Merci de votre retour.",bonsoir mon chaussures d une valeur de 1578euros est cassé à la réception colis col 2024 80973 adresse el menzah merci de votre retour,PRODUIT_ENDOMMAGE__fr
1082,"Madame, Monsieur, J'ai été débité deux fois 745 euros pour la même commande LP-2026-17075 le 2025-10-11. Cordialement.",FACTURATION_PAIEMENT,11/10/2025,,745 euros,,LP-2026-17075,fr,True,"Madame, Monsieur, J'ai été débité deux fois 745 euros pour la même commande LP-2026-17075 le 2025-10-11. Cordialement.",madame monsieur j ai été débité deux fois 745 euros pour la même commande lp 2026 17075 le 2025 10 11 cordialement,FACTURATION_PAIEMENT__fr
1556,"Franchement, Livreur arrivé à Tunis, n'a même pas sonné. Colis déposé n'importe où. Dernière chance avant plainte officielle.",QUALITE_SERVICE,,,,Tunis,,fr,False,"Franchement, Livreur arrivé à Tunis, n'a même pas sonné. Colis déposé n'importe où. Dernière chance avant plainte officielle.",franchement livreur arrivé à tunis n a même pas sonné colis déposé n importe où dernière chance avant plainte officielle,QUALITE_SERVICE__fr
1542,"Madame, Monsieur, Colis EXP-2023-45643 égaré dans le circuit. Départ Médenine. Valeur : 1270,44 euros. Bloqué depuis 6 semaines. Bien à vous.",PERTE_VOL,,42.0,"1270,44 euros",Médenine,EXP-2023-45643,fr,True,"Madame, Monsieur, Colis EXP-2023-45643 égaré dans le circuit. Départ Médenine. Valeur : 1270,44 euros. Bloqué depuis 6 semaines. Bien à vous.",madame monsieur colis exp 2023 45643 égaré dans le circuit départ médenine valeur 1270 44 euros bloqué depuis 6 semaines bien à vous,PERTE_VOL__fr
2029,"Salut, Ma commande a totalement disparu. Numéro : TR-2024-61121. Livraison Bizerte prévue le 2025-12-27. Enquête urgente demandée. À bientôt.",PERTE_VOL,27/12/2025,,,Bizerte,TR-2024-61121,fr,False,"Salut, Ma commande a totalement disparu. Numéro : TR-2024-61121. Livraison Bizerte prévue le 2025-12-27. Enquête urgente demandée. À bientôt.",salut ma commande a totalement disparu numéro tr 2024 61121 livraison bizerte prévue le 2025 12 27 enquête urgente demandée à bientôt,PERTE_VOL__fr
2047,"Hello, Colis introuvable à Tunis. Ref TR-2025-73072. Dernier suivi le jeudi. Disparu depuis 29 jours. Merci beaucoup.",PERTE_VOL,jeudi,29.0,,Tunis,TR-2025-73072,fr,False,"Hello, Colis introuvable à Tunis. Ref TR-2025-73072. Dernier suivi le jeudi. Disparu depuis 29 jours. Merci beaucoup.",hello colis introuvable à tunis ref tr 2025 73072 dernier suivi le jeudi disparu depuis 29 jours merci beaucoup,PERTE_VOL__fr
1379,"Bonjour, Colis introuvable. Ref TR-2023-80890. Cordialement.",PERTE_VOL,,,,,TR-2023-80890,fr,False,"Bonjour, Colis introuvable. Ref TR-2023-80890. Cordialement.",bonjour colis introuvable ref tr 2023 80890 cordialement,PERTE_VOL__fr
96,"Coucou, Aucun professionnalisme. Personne ne rappelle depuis 59 jours. Merci beaucoup.",QUALITE_SERVICE,,59.0,,,,fr,False,"Coucou, Aucun professionnalisme. Personne ne rappelle depuis 59 jours. Merci beaucoup.",coucou aucun professionnalisme personne ne rappelle depuis 59 jours merci beaucoup,QUALITE_SERVICE__fr
1640,"Bonjour, Retour + remboursement svp. À bientôt.",RETOUR_REMBOURSEMENT,,,,,,fr,False,"Bonjour, Retour + remboursement svp. À bientôt.",bonjour retour remboursement svp à bientôt,RETOUR_REMBOURSEMENT__fr
1586,"Madame, Monsieur, Colis CMR-2023-28254 égaré dans le circuit. Merci de votre retour.",PERTE_VOL,,,,,CMR-2023-28254,fr,False,"Madame, Monsieur, Colis CMR-2023-28254 égaré dans le circuit. Merci de votre retour.",madame monsieur colis cmr 2023 28254 égaré dans le circuit merci de votre retour,PERTE_VOL__fr
1685,"Bonjour, Colis LP-2025-69133 égaré dans le circuit. Valeur : 1741dt. Merci d'avance.",PERTE_VOL,,,1741dt,,LP-2025-69133,fr,False,"Bonjour, Colis LP-2025-69133 égaré dans le circuit. Valeur : 1741dt. Merci d'avance.",bonjour colis lp 2025 69133 égaré dans le circuit valeur 1741dt merci d avance,PERTE_VOL__fr
282,"Hello, Reception d'un colis défectueux. L'article est brisé, inutilisable en l'état. Merci !",PRODUIT_ENDOMMAGE,,,,,,fr,False,"Hello, Reception d'un colis défectueux. L'article est brisé, inutilisable en l'état. Merci !",hello reception d un colis défectueux l article est brisé inutilisable en l état merci,PRODUIT_ENDOMMAGE__fr
363,"Cher Service Client, Aucune nouvelle de ma livraison. Attendue à Gafsa. Cela fait 28 jours d'attente. Bien à vous.",RETARD_LIVRAISON,,28.0,,Gafsa,,fr,False,"Cher Service Client, Aucune nouvelle de ma livraison. Attendue à Gafsa. Cela fait 28 jours d'attente. Bien à vous.",cher service client aucune nouvelle de ma livraison attendue à gafsa cela fait 28 jours d attente bien à vous,RETARD_LIVRAISON__fr
2177,"Bonsoir, Surcharges non expliquées de 1203EUR sur ma facture. Ref TR-2025-41250. Dans l'attente de votre réponse.",FACTURATION_PAIEMENT,,,1203EUR,,TR-2025-41250,fr,True,"Bonsoir, Surcharges non expliquées de 1203EUR sur ma facture. Ref TR-2025-41250. Dans l'attente de votre réponse.",bonsoir surcharges non expliquées de 1203eur sur ma facture ref tr 2025 41250 dans l attente de votre réponse,FACTURATION_PAIEMENT__fr
1722,"Bonsoir, Service client injoignable. Ref ADR-2025-21184. Attente depuis 4 jours. Aucune réponse. Merci d'avance.",QUALITE_SERVICE,,4.0,,,ADR-2025-21184,fr,False,"Bonsoir, Service client injoignable. Ref ADR-2025-21184. Attente depuis 4 jours. Aucune réponse. Merci d'avance.",bonsoir service client injoignable ref adr 2025 21184 attente depuis 4 jours aucune réponse merci d avance,QUALITE_SERVICE__fr
1001,"Bonsoir, Livraison en retard. Ref BL-2025-27646. Attendu le 02/06. Merci de votre retour.",RETARD_LIVRAISON,02-juin,,,,BL-2025-27646,fr,False,"Bonsoir, Livraison en retard. Ref BL-2025-27646. Attendu le 02/06. Merci de votre retour.",bonsoir livraison en retard ref bl 2025 27646 attendu le 02 06 merci de votre retour,RETARD_LIVRAISON__fr
1062,"Bonjour, Aucun professionnalisme à Sousse. Personne ne rappelle. Merci d'avance.",QUALITE_SERVICE,,,,Sousse,,fr,False,"Bonjour, Aucun professionnalisme à Sousse. Personne ne rappelle. Merci d'avance.",bonjour aucun professionnalisme à sousse personne ne rappelle merci d avance,QUALITE_SERVICE__fr
194,"Hello, Ma commande devait arriver à Sfax le le 13 mar., toujours rien reçu.",RETARD_LIVRAISON,le 13 mar.,,,Sfax,,fr,False,"Hello, Ma commande devait arriver à Sfax le le 13 mar., toujours rien reçu.",hello ma commande devait arriver à sfax le le 13 mar toujours rien reçu,RETARD_LIVRAISON__fr
1286,"Bonsoir, Aucun professionnalisme. Personne ne rappelle. Colis TRK-2023-58273. Bien à vous.",QUALITE_SERVICE,,,,,TRK-2023-58273,fr,False,"Bonsoir, Aucun professionnalisme. Personne ne rappelle. Colis __TRACKING__-58273. Bien à vous.",bonsoir aucun professionnalisme personne ne rappelle colis __tracking__ 58273 bien à vous,QUALITE_SERVICE__fr
2069,"Cher Service Client, J'attends toujours mon remboursement. Cela fait 1 mois. C'est long ! Merci de votre retour.",RETOUR_REMBOURSEMENT,,30.0,,,,fr,False,"Cher Service Client, J'attends toujours mon remboursement. Cela fait 1 mois. C'est long ! Merci de votre retour.",cher service client j attends toujours mon remboursement cela fait 1 mois c est long merci de votre retour,RETOUR_REMBOURSEMENT__fr
1897,"Bonsoir, Le tracking indique 'livré', mais rien à la maison. Colis EXP-2025-28881 volé je pense. Merci d'avance.",PERTE_VOL,,,,,EXP-2025-28881,fr,False,"Bonsoir, Le tracking indique 'livré', mais rien à la maison. Colis EXP-2025-28881 volé je pense. Merci d'avance.",bonsoir le tracking indique livré mais rien à la maison colis exp 2025 28881 volé je pense merci d avance,PERTE_VOL__fr
314,"Bonjour, La boîte du colis ADR-2026-71082 est arrivée écrasée à Zaghouan et tout est en miettes. Bien à vous.",PRODUIT_ENDOMMAGE,,,,Zaghouan,ADR-2026-71082,fr,False,"Bonjour, La boîte du colis ADR-2026-71082 est arrivée écrasée à Zaghouan et tout est en miettes. Bien à vous.",bonjour la boîte du colis adr 2026 71082 est arrivée écrasée à zaghouan et tout est en miettes bien à vous,PRODUIT_ENDOMMAGE__fr
260,"Bonjour, Double prélèvement : 156dinars le 23 avril. À corriger d'urgence. À bientôt.",FACTURATION_PAIEMENT,23-avr.,,156dinars,,,fr,False,"Bonjour, Double prélèvement : 156dinars le 23 avril. À corriger d'urgence. À bientôt.",bonjour double prélèvement 156dinars le 23 avril à corriger d urgence à bientôt,FACTURATION_PAIEMENT__fr
63,"Colis TRK-2025-26637 endommagé. Le carton était perforé, le contenu est HS. Merci !",PRODUIT_ENDOMMAGE,,,,,TRK-2025-26637,fr,False,"Colis __TRACKING__-26637 endommagé. Le carton était perforé, le contenu est HS. Merci !",colis __tracking__ 26637 endommagé le carton était perforé le contenu est hs merci,PRODUIT_ENDOMMAGE__fr
1708,"Bonjour, Le colis sans référence est marqué livré à Béja, mais je n'ai rien reçu. Je pense qu'il a été volé. Dans l'attente de votre réponse.",PERTE_VOL,,,,Béja,,fr,False,"Bonjour, Le colis sans référence est marqué livré à Béja, mais je n'ai rien reçu. Je pense qu'il a été volé. Dans l'attente de votre réponse.",bonjour le colis sans référence est marqué livré à béja mais je n ai rien reçu je pense qu il a été volé dans l attente de votre réponse,PERTE_VOL__fr
1231,"Ça suffit maintenant, Colis introuvable à Bizerte. Ref EXP-2026-44812. Dernier suivi le 16/11. Disparu depuis 14 jours. J'exige une réponse immédiate!!!",PERTE_VOL,16-nov.,14.0,,Bizerte,EXP-2026-44812,fr,False,"Ça suffit maintenant, Colis introuvable à Bizerte. Ref EXP-2026-44812. Dernier suivi le 16/11. Disparu depuis 14 jours. J'exige une réponse immédiate!!!",ça suffit maintenant colis introuvable à bizerte ref exp 2026 44812 dernier suivi le 16 11 disparu depuis 14 jours j exige une réponse immédiate,PERTE_VOL__fr
804,"Bonsoir, Colis expédié vers Le Bardo par erreur le 2024-04-25. Ma vraie adresse est à Zaghouan (colis CMR-2023-93454). À corriger. Dans l'attente de votre réponse.",ERREUR_DESTINATION,25/04/2024,,,Le Bardo,CMR-2023-93454,fr,False,"Bonsoir, Colis expédié vers Le Bardo par erreur le 2024-04-25. Ma vraie adresse est à Zaghouan (colis CMR-2023-93454). À corriger. Dans l'attente de votre réponse.",bonsoir colis expédié vers le bardo par erreur le 2024 04 25 ma vraie adresse est à zaghouan colis cmr 2023 93454 à corriger dans l attente de votre réponse,ERREUR_DESTINATION__fr
1974,"Salut, Je veux annuler et être remboursé 111.15TND. Commande CMR-2023-14632. Merci d'avance.",RETOUR_REMBOURSEMENT,,,111.15TND,,CMR-2023-14632,fr,False,"Salut, Je veux annuler et être remboursé 111.15TND. Commande CMR-2023-14632. Merci d'avance.",salut je veux annuler et être remboursé 111 15tnd commande cmr 2023 14632 merci d avance,RETOUR_REMBOURSEMENT__fr
540,"Bonjour, Le livreur a été très impoli. Comportement inadmissible. Merci de votre retour.",QUALITE_SERVICE,,,,,,fr,False,"Bonjour, Le livreur a été très impoli. Comportement inadmissible. Merci de votre retour.",bonjour le livreur a été très impoli comportement inadmissible merci de votre retour,QUALITE_SERVICE__fr
1995,"Bonjour Madame, Monsieur, Erreur d'adresse : le colis COL-2024-24692 est parti sur Bizerte, moi je suis à Médenine. Que faire ? Dans l'attente de votre réponse.",ERREUR_DESTINATION,,,,Bizerte,COL-2024-24692,fr,False,"Bonjour Madame, Monsieur, Erreur d'adresse : le colis COL-2024-24692 est parti sur Bizerte, moi je suis à Médenine. Que faire ? Dans l'attente de votre réponse.",bonjour madame monsieur erreur d adresse le colis col 2024 24692 est parti sur bizerte moi je suis à médenine que faire dans l attente de votre réponse,ERREUR_DESTINATION__fr
532,"Bonjour Madame, Monsieur, Toujours pas livré à Ettadhamen, colis ADR-2023-84946, 8 semaines de retard. C'est long. Merci de votre retour.",RETARD_LIVRAISON,,56.0,,Ettadhamen,ADR-2023-84946,fr,False,"Bonjour Madame, Monsieur, Toujours pas livré à Ettadhamen, colis ADR-2023-84946, 8 semaines de retard. C'est long. Merci de votre retour.",bonjour madame monsieur toujours pas livré à ettadhamen colis adr 2023 84946 8 semaines de retard c est long merci de votre retour,RETARD_LIVRAISON__fr
1285,"Salut, Bonjour, comment procéder au retour de ma commande ? Je souhaite un remboursement intégral de 52DT. Merci !",RETOUR_REMBOURSEMENT,,,52DT,,,fr,False,"Salut, Bonjour, comment procéder au retour de ma commande ? Je souhaite un remboursement intégral de 52DT. Merci !",salut bonjour comment procéder au retour de ma commande je souhaite un remboursement intégral de 52dt merci,RETOUR_REMBOURSEMENT__fr
978,"Coucou, Livraison en retard. Attendu le 20/08.",RETARD_LIVRAISON,20-août,,,,,fr,False,"Coucou, Livraison en retard. Attendu le 20/08.",coucou livraison en retard attendu le 20 08,RETARD_LIVRAISON__fr
976,"Je suis furieux, Le livreur a été très impoli lors de la livraison à Béja. Comportement inadmissible. Je veux parler à un responsable, IMMÉDIATEMENT.",QUALITE_SERVICE,,,,Béja,,fr,False,"Je suis furieux, Le livreur a été très impoli lors de la livraison à Béja. Comportement inadmissible. Je veux parler à un responsable, IMMÉDIATEMENT.",je suis furieux le livreur a été très impoli lors de la livraison à béja comportement inadmissible je veux parler à un responsable immédiatement,QUALITE_SERVICE__fr
701,"Coucou, Adresse de livraison ignorée. Envoi effectué vers Tozeur au lieu de Gafsa. Ref : PKG-2023-11119. Merci d'avance.",ERREUR_DESTINATION,,,,Tozeur,PKG-2023-11119,fr,False,"Coucou, Adresse de livraison ignorée. Envoi effectué vers Tozeur au lieu de Gafsa. Ref : PKG-2023-11119. Merci d'avance.",coucou adresse de livraison ignorée envoi effectué vers tozeur au lieu de gafsa ref pkg 2023 11119 merci d avance,ERREUR_DESTINATION__fr
1945,"Madame, Monsieur, Retard important sur ma commande. Numéro de suivi : PKG-2023-23366. Destination : Tunis. Prévu le le 22 jui.. 34 jours de retard. Bien à vous.",RETARD_LIVRAISON,le 22 jui.,34.0,,Tunis,PKG-2023-23366,fr,False,"Madame, Monsieur, Retard important sur ma commande. Numéro de suivi : PKG-2023-23366. Destination : Tunis. Prévu le le 22 jui.. 34 jours de retard. Bien à vous.",madame monsieur retard important sur ma commande numéro de suivi pkg 2023 23366 destination tunis prévu le le 22 jui 34 jours de retard bien à vous,RETARD_LIVRAISON__fr
234,Service client injoignable. Attente depuis 2 semaines. Aucune réponse. À bientôt.,QUALITE_SERVICE,,14.0,,,,fr,False,Service client injoignable. Attente depuis 2 semaines. Aucune réponse. À bientôt.,service client injoignable attente depuis 2 semaines aucune réponse à bientôt,QUALITE_SERVICE__fr
1641,"Bonjour Madame, Monsieur, Souhaite ouvrir un compte pro pour mes envois. Merci de votre retour.",AUTRE,,,,,,fr,False,"Bonjour Madame, Monsieur, Souhaite ouvrir un compte pro pour mes envois. Merci de votre retour.",bonjour madame monsieur souhaite ouvrir un compte pro pour mes envois merci de votre retour,AUTRE__fr
444,"Ça suffit maintenant, J'attends toujours mon remboursement de 953.02 TND promis le 17 décembre. Cela FAIT 44 jours. C'est long ! Je ne veux plus jamais utiliser vos services.",RETOUR_REMBOURSEMENT,17-d?.,44.0,953.02 TND,,,fr,False,"Ça suffit maintenant, J'attends toujours mon remboursement de 953.02 TND promis le 17 décembre. Cela FAIT 44 jours. C'est long ! Je ne veux plus jamais utiliser vos services.",ça suffit maintenant j attends toujours mon remboursement de 953 02 tnd promis le 17 décembre cela fait 44 jours c est long je ne veux plus jamais utiliser vos services,RETOUR_REMBOURSEMENT__fr
283,"Bonjour, Le prix affiché était différent : 138 EUR au lieu du montant annoncé. Commande BL-2025-16758. À bientôt.",FACTURATION_PAIEMENT,,,138 EUR,,BL-2025-16758,fr,True,"Bonjour, Le prix affiché était différent : 138 EUR au lieu du montant annoncé. Commande BL-2025-16758. À bientôt.",bonjour le prix affiché était différent 138 eur au lieu du montant annoncé commande bl 2025 16758 à bientôt,FACTURATION_PAIEMENT__fr
880,"Bonjour Madame, Monsieur, Bonjour, je devais recevoir mon colis CMR-2026-83067 à Médenine, et rien n'est arrivé. Merci de votre retour.",RETARD_LIVRAISON,,,,Médenine,CMR-2026-83067,fr,False,"Bonjour Madame, Monsieur, Bonjour, je devais recevoir mon colis CMR-2026-83067 à Médenine, et rien n'est arrivé. Merci de votre retour.",bonjour madame monsieur bonjour je devais recevoir mon colis cmr 2026 83067 à médenine et rien n est arrivé merci de votre retour,RETARD_LIVRAISON__fr
1397,"Cher Service Client, Bonjour, je devais recevoir mon colis ADR-2026-61902 à Tunis, et rien n'est arrivé. Cordialement.",RETARD_LIVRAISON,,,,Tunis,ADR-2026-61902,fr,False,"Cher Service Client, Bonjour, je devais recevoir mon colis ADR-2026-61902 à Tunis, et rien n'est arrivé. Cordialement.",cher service client bonjour je devais recevoir mon colis adr 2026 61902 à tunis et rien n est arrivé cordialement,RETARD_LIVRAISON__fr
1120,"Cher Service Client, Colis EXP-2024-66747 égaré dans le circuit. Bloqué depuis 44 jours. Cordialement.",PERTE_VOL,,44.0,,,EXP-2024-66747,fr,False,"Cher Service Client, Colis EXP-2024-66747 égaré dans le circuit. Bloqué depuis 44 jours. Cordialement.",cher service client colis exp 2024 66747 égaré dans le circuit bloqué depuis 44 jours cordialement,PERTE_VOL__fr
866,"Bonjour Madame, Monsieur, Mon vase est arrivé completement cassé. Il coûtait 1419 DT. Cordialement.",PRODUIT_ENDOMMAGE,,,1419 DT,,,fr,False,"Bonjour Madame, Monsieur, Mon vase est arrivé completement cassé. Il coûtait 1419 DT. Cordialement.",bonjour madame monsieur mon vase est arrivé completement cassé il coûtait 1419 dt cordialement,PRODUIT_ENDOMMAGE__fr
1057,"Salut, Mon colis a été livré à La Marsa alors que j'habite à Madrid. Merci !",ERREUR_DESTINATION,,,,La Marsa,,fr,False,"Salut, Mon colis a été livré à La Marsa alors que j'habite à Madrid. Merci !",salut mon colis a été livré à la marsa alors que j habite à madrid merci,ERREUR_DESTINATION__fr
1243,"Bonjour, Ma commande devait arriver à Paris le 11/01/2024, toujours rien reçu, ça fait 21 jours. Cordialement.",RETARD_LIVRAISON,11/01/2024,21.0,,Paris,,fr,False,"Bonjour, Ma commande devait arriver à Paris le 11/01/2024, toujours rien reçu, ça fait 21 jours. Cordialement.",bonjour ma commande devait arriver à paris le 11 01 2024 toujours rien reçu ça fait 21 jours cordialement,RETARD_LIVRAISON__fr
2239,"Bonjour Madame, Monsieur, Produit reçu abîmé. Emballage détruit. Numéro ADR-2024-84274. J attends depuis 56 jours un geste. Dans l'attente de votre réponse.",PRODUIT_ENDOMMAGE,,56.0,,,ADR-2024-84274,fr,False,"Bonjour Madame, Monsieur, Produit reçu abîmé. Emballage détruit. Numéro ADR-2024-84274. J attends depuis 56 jours un geste. Dans l'attente de votre réponse.",bonjour madame monsieur produit reçu abîmé emballage détruit numéro adr 2024 84274 j attends depuis 56 jours un geste dans l attente de votre réponse,PRODUIT_ENDOMMAGE__fr
2063,"Cher Service Client, Facture incorrecte : on m'a facturé 1930.96EUR pour la livraison CMR-2023-26695 à Kasserine, ce n'est pas le tarif convenu. Cordialement.",FACTURATION_PAIEMENT,,,1930.96EUR,Kasserine,CMR-2023-26695,fr,True,"Cher Service Client, Facture incorrecte : on m'a facturé 1930.96EUR pour la livraison CMR-2023-26695 à Kasserine, ce n'est pas le tarif convenu. Cordialement.",cher service client facture incorrecte on m a facturé 1930 96eur pour la livraison cmr 2023 26695 à kasserine ce n est pas le tarif convenu cordialement,FACTURATION_PAIEMENT__fr
1770,"Salut, La boîte du colis COL-2024-88004 est arrivée écrasée à Tozeur et le produit est cassé. Merci d'avance.",PRODUIT_ENDOMMAGE,,,,Tozeur,COL-2024-88004,fr,False,"Salut, La boîte du colis COL-2024-88004 est arrivée écrasée à Tozeur et le produit est cassé. Merci d'avance.",salut la boîte du colis col 2024 88004 est arrivée écrasée à tozeur et le produit est cassé merci d avance,PRODUIT_ENDOMMAGE__fr
2010,"Salut, Je n'ai jamais reçu mon colis. Il devait arriver à Tunis le 2024-04-01. Perdu ?",PERTE_VOL,01/04/2024,,,Tunis,,fr,False,"Salut, Je n'ai jamais reçu mon colis. Il devait arriver à Tunis le 2024-04-01. Perdu ?",salut je n ai jamais reçu mon colis il devait arriver à tunis le 2024 04 01 perdu,PERTE_VOL__fr
2088,"Bonsoir, Ma commande ADR-2026-77994 devait arriver à Hammamet, toujours rien reçu. Sincères salutations.",RETARD_LIVRAISON,,,,Hammamet,ADR-2026-77994,fr,False,"Bonsoir, Ma commande ADR-2026-77994 devait arriver à Hammamet, toujours rien reçu. Sincères salutations.",bonsoir ma commande adr 2026 77994 devait arriver à hammamet toujours rien reçu sincères salutations,RETARD_LIVRAISON__fr
1096,"Je suis furieux, Mon colis TRK-2023-56212 a été livré à Rabat alors que j'habite à La Marsa. Je ne veux plus jamais utiliser vos services.",ERREUR_DESTINATION,,,,Rabat,TRK-2023-56212,fr,False,"Je suis furieux, Mon colis __TRACKING__-56212 a été livré à Rabat alors que j'habite à La Marsa. Je ne veux plus jamais utiliser vos services.",je suis furieux mon colis __tracking__ 56212 a été livré à rabat alors que j habite à la marsa je ne veux plus jamais utiliser vos services,ERREUR_DESTINATION__fr
1424,"Salut, Double prélèvement : 1777EUR le jour même et à nouveau 1435.87dinars. À corriger d'urgence. Merci d'avance.",FACTURATION_PAIEMENT,,,1777EUR,,,fr,True,"Salut, Double prélèvement : 1777EUR le jour même et à nouveau 1435.87dinars. À corriger d'urgence. Merci d'avance.",salut double prélèvement 1777eur le jour même et à nouveau 1435 87dinars à corriger d urgence merci d avance,FACTURATION_PAIEMENT__fr
1440,"Madame, Monsieur, Colis expédié vers Berlin par erreur. Ma vraie adresse est à Sousse (colis COL-2026-98620). À corriger. Sincères salutations.",ERREUR_DESTINATION,,,,Berlin,COL-2026-98620,fr,False,"Madame, Monsieur, Colis expédié vers Berlin par erreur. Ma vraie adresse est à Sousse (colis COL-2026-98620). À corriger. Sincères salutations.",madame monsieur colis expédié vers berlin par erreur ma vraie adresse est à sousse colis col 2026 98620 à corriger sincères salutations,ERREUR_DESTINATION__fr
1599,"Bonjour Madame, Monsieur, Ma commande CMR-2024-30543 devait arriver le 10/04, toujours rien reçu, ça fait 37 jours. Bien à vous.",RETARD_LIVRAISON,10-avr.,37.0,,,CMR-2024-30543,fr,False,"Bonjour Madame, Monsieur, Ma commande CMR-2024-30543 devait arriver le 10/04, toujours rien reçu, ça fait 37 jours. Bien à vous.",bonjour madame monsieur ma commande cmr 2024 30543 devait arriver le 10 04 toujours rien reçu ça fait 37 jours bien à vous,RETARD_LIVRAISON__fr
1373,"Écoutez, Bonjour, comment procéder au retour de ma commande ? Je souhaite un remboursement intégral. J'exige une réponse immédiate.",RETOUR_REMBOURSEMENT,,,,,,fr,False,"Écoutez, Bonjour, comment procéder au retour de ma commande ? Je souhaite un remboursement intégral. J'exige une réponse immédiate.",écoutez bonjour comment procéder au retour de ma commande je souhaite un remboursement intégral j exige une réponse immédiate,RETOUR_REMBOURSEMENT__fr
658,"Bonjour, La boîte est arrivée écrasée et l'écran est fissuré.",PRODUIT_ENDOMMAGE,,,,,,fr,False,"Bonjour, La boîte est arrivée écrasée et l'écran est fissuré.",bonjour la boîte est arrivée écrasée et l écran est fissuré,PRODUIT_ENDOMMAGE__fr
570,"Bonsoir, Le livreur a été très impoli lors de la livraison à El Menzah le 2024-03-09. Comportement inadmissible. Cordialement.",QUALITE_SERVICE,09/03/2024,,,El Menzah,,fr,False,"Bonsoir, Le livreur a été très impoli lors de la livraison à El Menzah le 2024-03-09. Comportement inadmissible. Cordialement.",bonsoir le livreur a été très impoli lors de la livraison à el menzah le 2024 03 09 comportement inadmissible cordialement,QUALITE_SERVICE__fr
2160,"Cher Service Client, Question facturation. On me demande 1447,81 dinars, alors que rien n'a été livré. Explication ? Merci de votre retour.",FACTURATION_PAIEMENT,,,"1447,81 dinars",,,fr,False,"Cher Service Client, Question facturation. On me demande 1447,81 dinars, alors que rien n'a été livré. Explication ? Merci de votre retour.",cher service client question facturation on me demande 1447 81 dinars alors que rien n a été livré explication merci de votre retour,FACTURATION_PAIEMENT__fr
1264,"Cher Service Client, Prélèvement erroné de 254.56 dinars constaté le 04/10/2025. Merci de rectifier. Dans l'attente de votre réponse.",FACTURATION_PAIEMENT,04/10/2025,,254.56 dinars,,,fr,False,"Cher Service Client, Prélèvement erroné de 254.56 dinars constaté le 04/10/2025. Merci de rectifier. Dans l'attente de votre réponse.",cher service client prélèvement erroné de 254 56 dinars constaté le 04 10 2025 merci de rectifier dans l attente de votre réponse,FACTURATION_PAIEMENT__fr
1319,"Salut, Bonjour, je devais recevoir mon colis BL-2024-54602 le 23 avril, et rien n'est arrivé depuis 7 semaines.",RETARD_LIVRAISON,23-avr.,49.0,,,BL-2024-54602,fr,False,"Salut, Bonjour, je devais recevoir mon colis BL-2024-54602 le 23 avril, et rien n'est arrivé depuis 7 semaines.",salut bonjour je devais recevoir mon colis bl 2024 54602 le 23 avril et rien n est arrivé depuis 7 semaines,RETARD_LIVRAISON__fr
874,"Hello, Retard important sur ma commande. Numéro de suivi : CMR-2026-83499. 3 semaines de retard. Merci !",RETARD_LIVRAISON,,21.0,,,CMR-2026-83499,fr,False,"Hello, Retard important sur ma commande. Numéro de suivi : CMR-2026-83499. 3 semaines de retard. Merci !",hello retard important sur ma commande numéro de suivi cmr 2026 83499 3 semaines de retard merci,RETARD_LIVRAISON__fr
1624,"Cher Service Client, Service client injoignable. Attente depuis 1 semaine. Aucune réponse. Merci d'avance.",QUALITE_SERVICE,,7.0,,,,fr,False,"Cher Service Client, Service client injoignable. Attente depuis 1 semaine. Aucune réponse. Merci d'avance.",cher service client service client injoignable attente depuis 1 semaine aucune réponse merci d avance,QUALITE_SERVICE__fr
2226,"Écoutez, Retard important sur ma commande. Numéro de suivi : CMR-2024-87110. Réagissez !",RETARD_LIVRAISON,,,,,CMR-2024-87110,fr,False,"Écoutez, Retard important sur ma commande. Numéro de suivi : CMR-2024-87110. Réagissez !",écoutez retard important sur ma commande numéro de suivi cmr 2024 87110 réagissez,RETARD_LIVRAISON__fr
459,"Bonjour, Toujours pas livré, colis TR-2024-88525. C'est long. C'est inacceptable !",RETARD_LIVRAISON,,,,,TR-2024-88525,fr,False,"Bonjour, Toujours pas livré, colis TR-2024-88525. C'est long. C'est inacceptable !",bonjour toujours pas livré colis tr 2024 88525 c est long c est inacceptable,RETARD_LIVRAISON__fr
1014,"Salut, Colis expédié vers El Menzah par erreur. Ma vraie adresse est à Monastir (colis ADR-2023-83783). À corriger. À bientôt.",ERREUR_DESTINATION,,,,El Menzah,ADR-2023-83783,fr,False,"Salut, Colis expédié vers El Menzah par erreur. Ma vraie adresse est à Monastir (colis ADR-2023-83783). À corriger. À bientôt.",salut colis expédié vers el menzah par erreur ma vraie adresse est à monastir colis adr 2023 83783 à corriger à bientôt,ERREUR_DESTINATION__fr
1433,Adresse de livraison ignorée. Envoi effectué vers Kasserine au lieu de Ben Arous. Ref : LP-2024-70656. Merci beaucoup.,ERREUR_DESTINATION,,,,Kasserine,LP-2024-70656,fr,False,Adresse de livraison ignorée. Envoi effectué vers Kasserine au lieu de Ben Arous. Ref : LP-2024-70656. Merci beaucoup.,adresse de livraison ignorée envoi effectué vers kasserine au lieu de ben arous ref lp 2024 70656 merci beaucoup,ERREUR_DESTINATION__fr
2218,"Coucou, Toujours pas livré, colis PKG-2026-43608, 5 mois de retard. C'est long.",RETARD_LIVRAISON,,150.0,,,PKG-2026-43608,fr,False,"Coucou, Toujours pas livré, colis PKG-2026-43608, 5 mois de retard. C'est long.",coucou toujours pas livré colis pkg 2026 43608 5 mois de retard c est long,RETARD_LIVRAISON__fr
2053,"Écoutez, Livraison en retard. Ref TRK-2025-13082. Dernière chance avant plainte officielle...",RETARD_LIVRAISON,,,,,TRK-2025-13082,fr,False,"Écoutez, Livraison en retard. Ref __TRACKING__-13082. Dernière chance avant plainte officielle...",écoutez livraison en retard ref __tracking__ 13082 dernière chance avant plainte officielle,RETARD_LIVRAISON__fr
1668,"Erreur d'adresse : le colis TRK-2023-43210 est parti sur Sousse, moi je suis à Médenine. Que faire ?",ERREUR_DESTINATION,,,,Sousse,TRK-2023-43210,fr,False,"Erreur d'adresse : le colis __TRACKING__-43210 est parti sur Sousse, moi je suis à Médenine. Que faire ?",erreur d adresse le colis __tracking__ 43210 est parti sur sousse moi je suis à médenine que faire,ERREUR_DESTINATION__fr
583,"Cher Service Client, Le tracking indique 'livré' à Marseille le vendredi, mais rien à la maison. Colis COL-2023-40882 volé je pense. Merci de votre retour.",PERTE_VOL,vendredi,,,Marseille,COL-2023-40882,fr,False,"Cher Service Client, Le tracking indique 'livré' à Marseille le vendredi, mais rien à la maison. Colis COL-2023-40882 volé je pense. Merci de votre retour.",cher service client le tracking indique livré à marseille le vendredi mais rien à la maison colis col 2023 40882 volé je pense merci de votre retour,PERTE_VOL__fr
1672,Le colis TR-2025-37530 est bloqué à Rabat. Il devait aller à Kasserine.,ERREUR_DESTINATION,,,,Rabat,TR-2025-37530,fr,False,Le colis TR-2025-37530 est bloqué à Rabat. Il devait aller à Kasserine.,le colis tr 2025 37530 est bloqué à rabat il devait aller à kasserine,ERREUR_DESTINATION__fr
2361,"Bonjour Madame, Monsieur, J'ai été débité deux fois 324.15 EUR pour la même commande TR-2024-62168 le 8 juillet. Cordialement.",FACTURATION_PAIEMENT,08-juil.,,324.15 EUR,,TR-2024-62168,fr,True,"Bonjour Madame, Monsieur, J'ai été débité deux fois 324.15 EUR pour la même commande TR-2024-62168 le 8 juillet. Cordialement.",bonjour madame monsieur j ai été débité deux fois 324 15 eur pour la même commande tr 2024 62168 le 8 juillet cordialement,FACTURATION_PAIEMENT__fr
2024,"Franchement, Marchandise arrivée déchirée. Colis ADR-2024-49811. Livrée à Bizerte. Plusieurs articles sont rayés et inutilisables. Je saisirai un avocat si rien ne bouge!!!",PRODUIT_ENDOMMAGE,,,,Bizerte,ADR-2024-49811,fr,False,"Franchement, Marchandise arrivée déchirée. Colis ADR-2024-49811. Livrée à Bizerte. Plusieurs articles sont rayés et inutilisables. Je saisirai un avocat si rien ne bouge!!!",franchement marchandise arrivée déchirée colis adr 2024 49811 livrée à bizerte plusieurs articles sont rayés et inutilisables je saisirai un avocat si rien ne bouge,PRODUIT_ENDOMMAGE__fr
984,"Hello, Livraison en retard à Sousse. Ref TRK-2025-47737.",RETARD_LIVRAISON,,,,Sousse,TRK-2025-47737,fr,False,"Hello, Livraison en retard à Sousse. Ref __TRACKING__-47737.",hello livraison en retard à sousse ref __tracking__ 47737,RETARD_LIVRAISON__fr
1230,"Bonjour Madame, Monsieur, Je n'ai jamais reçu mon colis EXP-2025-19003. Plus de nouvelles depuis 5 mois. Perdu ? Merci d'avance.",PERTE_VOL,,150.0,,,EXP-2025-19003,fr,False,"Bonjour Madame, Monsieur, Je n'ai jamais reçu mon colis EXP-2025-19003. Plus de nouvelles depuis 5 mois. Perdu ? Merci d'avance.",bonjour madame monsieur je n ai jamais reçu mon colis exp 2025 19003 plus de nouvelles depuis 5 mois perdu merci d avance,PERTE_VOL__fr
1674,"Bonjour Madame, Monsieur, La boîte du colis TR-2026-70386 est arrivée écrasée à Ariana et tout est en miettes. Bien à vous.",PRODUIT_ENDOMMAGE,,,,Ariana,TR-2026-70386,fr,False,"Bonjour Madame, Monsieur, La boîte du colis TR-2026-70386 est arrivée écrasée à Ariana et tout est en miettes. Bien à vous.",bonjour madame monsieur la boîte du colis tr 2026 70386 est arrivée écrasée à ariana et tout est en miettes bien à vous,PRODUIT_ENDOMMAGE__fr
1831,"Madame, Monsieur, Expérience terrible avec votre service. J'exige des explications. Bien à vous.",QUALITE_SERVICE,,,,,,fr,False,"Madame, Monsieur, Expérience terrible avec votre service. J'exige des explications. Bien à vous.",madame monsieur expérience terrible avec votre service j exige des explications bien à vous,QUALITE_SERVICE__fr
1068,"Madame, Monsieur, Marchandise arrivée déchirée. Colis TR-2026-73787. Livrée à Le Bardo. Plusieurs articles sont rayés et inutilisables. Dans l'attente de votre réponse.",PRODUIT_ENDOMMAGE,,,,Le Bardo,TR-2026-73787,fr,False,"Madame, Monsieur, Marchandise arrivée déchirée. Colis TR-2026-73787. Livrée à Le Bardo. Plusieurs articles sont rayés et inutilisables. Dans l'attente de votre réponse.",madame monsieur marchandise arrivée déchirée colis tr 2026 73787 livrée à le bardo plusieurs articles sont rayés et inutilisables dans l attente de votre réponse,PRODUIT_ENDOMMAGE__fr
174,"Bonsoir, Expérience terrible avec votre service. J'exige des explications. Merci de votre retour.",QUALITE_SERVICE,,,,,,fr,False,"Bonsoir, Expérience terrible avec votre service. J'exige des explications. Merci de votre retour.",bonsoir expérience terrible avec votre service j exige des explications merci de votre retour,QUALITE_SERVICE__fr
2005,"Cher Service Client, J'ai été débité deux fois 1963.37 TND pour la même commande LP-2025-80897. Sincères salutations.",FACTURATION_PAIEMENT,,,1963.37 TND,,LP-2025-80897,fr,False,"Cher Service Client, J'ai été débité deux fois 1963.37 TND pour la même commande LP-2025-80897. Sincères salutations.",cher service client j ai été débité deux fois 1963 37 tnd pour la même commande lp 2025 80897 sincères salutations,FACTURATION_PAIEMENT__fr
2091,"Bonjour, On m'a livré à la mauvaise ville. Numéro CMR-2026-87841. Destination erronée : Ben Arous. Correcte : Le Bardo.",ERREUR_DESTINATION,,,,Ben Arous,CMR-2026-87841,fr,False,"Bonjour, On m'a livré à la mauvaise ville. Numéro CMR-2026-87841. Destination erronée : Ben Arous. Correcte : Le Bardo.",bonjour on m a livré à la mauvaise ville numéro cmr 2026 87841 destination erronée ben arous correcte le bardo,ERREUR_DESTINATION__fr
1927,"Je suis furieux, Le livreur a été très impoli le 04/05. Comportement inadmissible. C'est inacceptable !",QUALITE_SERVICE,04-mai,,,,,fr,False,"Je suis furieux, Le livreur a été très impoli le 04/05. Comportement inadmissible. C'est inacceptable !",je suis furieux le livreur a été très impoli le 04 05 comportement inadmissible c est inacceptable,QUALITE_SERVICE__fr
1851,"Salut, Mon colis COL-2024-15923 a été livré à Kasserine alors que j'habite à Béja. Merci d'avance.",ERREUR_DESTINATION,,,,Kasserine,COL-2024-15923,fr,False,"Salut, Mon colis COL-2024-15923 a été livré à Kasserine alors que j'habite à Béja. Merci d'avance.",salut mon colis col 2024 15923 a été livré à kasserine alors que j habite à béja merci d avance,ERREUR_DESTINATION__fr
686,"Bonsoir, La boîte du colis BL-2025-93087 est arrivée écrasée à Béja et tout est en miettes. Bien à vous.",PRODUIT_ENDOMMAGE,,,,Béja,BL-2025-93087,fr,False,"Bonsoir, La boîte du colis BL-2025-93087 est arrivée écrasée à Béja et tout est en miettes. Bien à vous.",bonsoir la boîte du colis bl 2025 93087 est arrivée écrasée à béja et tout est en miettes bien à vous,PRODUIT_ENDOMMAGE__fr
204,"Hello, Colis introuvable. Ref TRK-2025-90769. À bientôt.",PERTE_VOL,,,,,TRK-2025-90769,fr,False,"Hello, Colis introuvable. Ref __TRACKING__-90769. À bientôt.",hello colis introuvable ref __tracking__ 90769 à bientôt,PERTE_VOL__fr
654,"Coucou, Erreur d'adresse : le colis référence perdue est parti sur Kairouan, moi je suis à Sfax. Que faire ? Merci d'avance.",ERREUR_DESTINATION,,,,Kairouan,,fr,False,"Coucou, Erreur d'adresse : le colis référence perdue est parti sur Kairouan, moi je suis à Sfax. Que faire ? Merci d'avance.",coucou erreur d adresse le colis référence perdue est parti sur kairouan moi je suis à sfax que faire merci d avance,ERREUR_DESTINATION__fr
2448,"Bonsoir, Mon casque est arrivé completement cassé. Ref TRK-2023-31071. Cordialement.",PRODUIT_ENDOMMAGE,,,,,TRK-2023-31071,fr,False,"Bonsoir, Mon casque est arrivé completement cassé. Ref __TRACKING__-31071. Cordialement.",bonsoir mon casque est arrivé completement cassé ref __tracking__ 31071 cordialement,PRODUIT_ENDOMMAGE__fr
1215,"Bonjour, Bonjour, je devais recevoir mon colis TR-2025-65686, et rien n'est arrivé depuis 4 semaines. Merci beaucoup.",RETARD_LIVRAISON,,28.0,,,TR-2025-65686,fr,False,"Bonjour, Bonjour, je devais recevoir mon colis TR-2025-65686, et rien n'est arrivé depuis 4 semaines. Merci beaucoup.",bonjour bonjour je devais recevoir mon colis tr 2025 65686 et rien n est arrivé depuis 4 semaines merci beaucoup,RETARD_LIVRAISON__fr
733,"Ça suffit maintenant, Le prix affiché était différent : 1696 dt au lieu du montant annoncé. Commande LP-2026-82918. Je vais résilier si ça continue.",FACTURATION_PAIEMENT,,,1696 dt,,LP-2026-82918,fr,False,"Ça suffit maintenant, Le prix affiché était différent : 1696 dt au lieu du montant annoncé. Commande LP-2026-82918. Je vais résilier si ça continue.",ça suffit maintenant le prix affiché était différent 1696 dt au lieu du montant annoncé commande lp 2026 82918 je vais résilier si ça continue,FACTURATION_PAIEMENT__fr
2292,"Bonjour Madame, Monsieur, Mon casque d'une valeur de quelques centaines est cassé à la réception. Colis LP-2023-10909. Cordialement.",PRODUIT_ENDOMMAGE,,,,,LP-2023-10909,fr,False,"Bonjour Madame, Monsieur, Mon casque d'une valeur de quelques centaines est cassé à la réception. Colis LP-2023-10909. Cordialement.",bonjour madame monsieur mon casque d une valeur de quelques centaines est cassé à la réception colis lp 2023 10909 cordialement,PRODUIT_ENDOMMAGE__fr
